group,noisy::lean|qda,noisy::-kpca|qda,noisy::-gmm|qda,noisy::-scaler|qda,noisy::-transductive|qda,noisy::raw|qda,noisy::raw|qda_reg0.5,noisy::raw|lda,noisy::raw|gmm_bayes_k1,noisy::raw|gmm_bayes_k3,noisy::lean|lda,flip_r1::lean|qda,flip_r1::-kpca|qda,flip_r1::-gmm|qda,flip_r1::-scaler|qda,flip_r1::-transductive|qda,flip_r1::raw|qda,flip_r1::raw|qda_reg0.5,flip_r1::raw|lda,flip_r1::raw|gmm_bayes_k1,flip_r1::raw|gmm_bayes_k3,flip_r1::lean|lda,flip_r2::lean|qda,flip_r2::-kpca|qda,flip_r2::-gmm|qda,flip_r2::-scaler|qda,flip_r2::-transductive|qda,flip_r2::raw|qda,flip_r2::raw|qda_reg0.5,flip_r2::raw|lda,flip_r2::raw|gmm_bayes_k1,flip_r2::raw|gmm_bayes_k3,flip_r2::lean|lda,flip_r3::lean|qda,flip_r3::-kpca|qda,flip_r3::-gmm|qda,flip_r3::-scaler|qda,flip_r3::-transductive|qda,flip_r3::raw|qda,flip_r3::raw|qda_reg0.5,flip_r3::raw|lda,flip_r3::raw|gmm_bayes_k1,flip_r3::raw|gmm_bayes_k3,flip_r3::lean|lda
0,0.9598595848595849,0.9530982905982905,0.9527014652014651,0.9600579975579975,0.9493894993894993,0.9533577533577534,0.9486568986568986,0.819932844932845,0.9534645909645909,0.9428418803418803,0.9478937728937729,0.9623015873015874,0.9572268009768009,0.9575854700854701,0.9612026862026861,0.9543040293040292,0.9567307692307692,0.9503510378510378,0.826037851037851,0.9568986568986568,0.9563186813186813,0.9453907203907204,0.962202380952381,0.9571123321123322,0.95746336996337,0.9614163614163613,0.9538614163614164,0.9562881562881562,0.9501221001221001,0.8246489621489622,0.9563949938949938,0.954174297924298,0.9453907203907204,0.96243894993895,0.9571581196581197,0.9572802197802197,0.9612332112332113,0.9542124542124542,0.9562423687423688,0.9494810744810744,0.8246794871794872,0.9563797313797313,0.950442612942613,0.9443223443223443
1,0.9367146797425682,0.9373429359485137,0.9208550413729697,0.936362243334355,0.9285933190315661,0.9192001225865767,0.918219429972418,0.7753754213913575,0.919215445908673,0.9247165185412198,0.9381550720196139,0.9388905914802329,0.9422770456634999,0.9300950045969967,0.9432117683113699,0.9355654305853508,0.9271069567882317,0.925927060986822,0.7840177750536315,0.9268004903463072,0.935642047195832,0.943885994483604,0.941556849524977,0.943012565124119,0.9318571866380632,0.9446215139442231,0.9367453263867608,0.9281029727244867,0.9264940239043826,0.7820717131474103,0.927781182960466,0.9371590560833589,0.943748084584738,0.941556849524977,0.9436101746858718,0.930784554091327,0.944345694146491,0.935044437634079,0.9278271529267546,0.9263561140055164,0.7816273368066196,0.9276126264174074,0.9358872203493718,0.9437634079068342
2,0.9383462319305155,0.9388346995161118,0.9296454030620811,0.9406511883500481,0.9291111416403353,0.9327593839202577,0.9292179939246843,0.7892567660392912,0.9326067377997587,0.925417105524263,0.9423302956755353,0.947153913083299,0.952443101158584,0.938163056585917,0.9449100151119658,0.9374456198195723,0.9408190990825969,0.9359802170627833,0.801453191067149,0.9410022744271954,0.935232251072339,0.9446963105432675,0.9472149715314985,0.9525117919128084,0.9380409396895178,0.9451542489047642,0.9372624444749738,0.9410328036512953,0.9357359832699853,0.8014226618430493,0.9410938620994947,0.9388957579643114,0.9448794858878663,0.9471691776953488,0.9527789226236817,0.9375677367159714,0.9444215475263696,0.9369113583978264,0.9403001022729007,0.9355986017615362,0.8008578711972035,0.9404527483933995,0.9403687930271253,0.9436735815359253
3,0.9472257115720457,0.9395355249854468,0.9408529673090474,0.9370997885964643,0.9433346609883881,0.9453108244737891,0.9452495480866449,0.8392720365207268,0.9452801862802169,0.9452189098930728,0.9442691258923375,0.9489644290572629,0.948458898863323,0.9437789147951837,0.9500291062838935,0.9457857164741567,0.9462223107325592,0.9469652869266828,0.84993412788382,0.9459848647323754,0.9452342289898588,0.950764422929624,0.9492171941542327,0.9486274089279696,0.9437329575048256,0.950427402800331,0.9456938018934404,0.9462835871197034,0.9469346487331106,0.8498268942063175,0.9460001838291614,0.9469652869266827,0.9502588927356843,0.9492171941542327,0.9486274089279696,0.9437329575048256,0.950427402800331,0.9456938018934404,0.9462835871197034,0.9469346487331106,0.8498268942063175,0.9460001838291614,0.9469652869266827,0.9502588927356843
4,0.9539635309376668,0.9513313496604867,0.9285877775234608,0.955168993667506,0.9278858625162127,0.930540932326238,0.9284504463263905,0.7197680628671702,0.9302204928664073,0.9428397039749753,0.9566948958571756,0.9527275501640344,0.9513771267261768,0.9287098496986343,0.9555199511711299,0.9282673380636302,0.9309834439612421,0.9287098496986345,0.720332646677348,0.9309224078736553,0.9459067673762112,0.9551232166018158,0.9530632486457618,0.9522545204852368,0.9291065842679485,0.9553826199740596,0.928679331654841,0.9324025329976349,0.930128938735027,0.718776226443885,0.9319295033188372,0.9425650415808347,0.9547875181200886,0.9525978484779125,0.9526665140764478,0.928923476005188,0.9552910658426795,0.9288471808957045,0.9325551232166018,0.930388342107271,0.7191119249256124,0.9323567559319449,0.9476768139162279,0.954406042572671
5,0.9636971250686689,0.9712277971067571,0.958981871452115,0.9637429042299945,0.9565708356222914,0.9631172556918758,0.961301348959287,0.8211865958615638,0.9630409570896661,0.9557620704388696,0.9664743941890984,0.9620414454007203,0.9678325093084296,0.959958493560398,0.9650704999084417,0.9583409631935543,0.9642769944454618,0.9608740767869133,0.8241775010681803,0.9642464750045779,0.9611334920344259,0.9662302386620277,0.962285600927791,0.9682750412012453,0.9591955075383019,0.9653146554355124,0.9571049258377587,0.9629951779283404,0.9607214795824941,0.8226820484648721,0.9629188793261307,0.9615760239272416,0.9664743941890985,0.9623466398095587,0.9683208203625709,0.9593023255813954,0.965604590123909,0.9576237563327841,0.9631630348532015,0.960538362937191,0.8230940609168039,0.9631782945736435,0.9593328450222791,0.9666269913935177
6,0.9473492217898833,0.9434733706225683,0.9437165612840467,0.9464676556420234,0.9427589980544746,0.9395519212062255,0.929535505836576,0.7658377918287937,0.9398559095330739,0.9380319795719844,0.9472276264591438,0.949180751459144,0.9533225924124515,0.9457532830739299,0.9492643482490273,0.9444309338521399,0.943914153696498,0.9366944309338522,0.7735590953307393,0.9443245379377432,0.9430325875486382,0.9500547178988327,0.9490819552529182,0.9541813594357976,0.9464068579766538,0.9494619406614786,0.9455100924124513,0.9438837548638133,0.936025656614786,0.7714007782101167,0.9440205496108949,0.941771035992218,0.9496747324902723,0.9489603599221791,0.9543789518482491,0.9459204766536964,0.9493555447470816,0.9450693093385214,0.9433365758754864,0.9356304717898832,0.7704280155642024,0.9435493677042801,0.9362992461089494,0.9498419260700388
7,0.9581775451340669,0.9536984754376058,0.9494254276862972,0.9556976513498253,0.9478230347795565,0.9480214262822959,0.9401468097120271,0.7918262700871396,0.9482808613243395,0.9470599905382514,0.954156301982389,0.9551635203809117,0.9508446899751247,0.9512872556350817,0.9503410807758633,0.9498069498069498,0.9514093427136905,0.9408182886443756,0.7988462771071467,0.9515161689074733,0.9508294290902987,0.9524318219970394,0.9551024768416072,0.9508141682054726,0.9508446899751248,0.9503105590062112,0.9494559494559495,0.9510507119202772,0.9409098539533323,0.79875471179819,0.9512109512109513,0.9534695621652144,0.9519739954522564,0.9552550856898684,0.9508294290902987,0.9508599508599509,0.9503716025455157,0.9495780365345582,0.9512567338654295,0.9411082454560715,0.7992277992277993,0.9513788209440385,0.9550261724174768,0.9522639522639522
8,0.9625526460355247,0.9539690532869438,0.9587682353659281,0.9619269974974058,0.9561893426112433,0.9579899896233901,0.9582646645913447,0.8332570347311237,0.9578679118598548,0.9566471342245011,0.9560520051272661,0.9591955075383019,0.9496352926814381,0.9586766770432766,0.9606451809802845,0.9559757065250564,0.9581425868278093,0.9579899896233902,0.8291521699322469,0.9581120673869256,0.950039675273149,0.952374412500763,0.9596685588720015,0.9499328572300555,0.9576847952145517,0.9619575169382897,0.9548922663736801,0.9577763535372034,0.9577916132576451,0.8289080144051763,0.9577916132576452,0.9554110968687054,0.9520234389305987,0.9601339803454801,0.950230421778673,0.9579747299029482,0.9624458279924313,0.9552127205029604,0.9578373924189708,0.9575321980101325,0.8287706769211988,0.9577610938167612,0.9519624000488313,0.9511688945858512
9,0.9469495818836601,0.9398004028566197,0.9410059207715316,0.9480101324543735,0.9424861136543978,0.9385338460599403,0.9359244338643716,0.8164255630836844,0.9384728071781726,0.9393731306842459,0.9399835195019228,0.9516495757797717,0.9484374046267472,0.9456753952267595,0.95219129585546,0.9473234450344871,0.9414026735030215,0.939342611243362,0.8282060672648477,0.9416926081914179,0.9434016968809131,0.9410669596532991,0.951626686199109,0.9467893548190197,0.9465604590123909,0.9520386986510408,0.9483916254654214,0.9423029970090948,0.9400445583836904,0.8292284685344566,0.9423640358908625,0.9468656534212293,0.9411890374168346,0.9516724653604346,0.94671305621681,0.9468046145394616,0.9521455166941343,0.9483763657449796,0.9425166330952817,0.9402276750289934,0.8300524934383202,0.9425166330952817,0.9445461759140573,0.9413874137825795
10,0.9398260471503777,0.9365300984206913,0.9194171053635461,0.939833676661326,0.918272678721294,0.9172503242542154,0.9140001525902189,0.7543755245288777,0.9173266193636987,0.9227435721370261,0.9414816510261692,0.9349431601434348,0.9352407110704204,0.9267109178301672,0.9368734264133669,0.9259784847791257,0.9241931792172121,0.9183794918745708,0.7587243457694361,0.9242999923704891,0.9332417792019532,0.9379415579461357,0.9353933012893874,0.9372625314717326,0.9256885633630884,0.9375600823987182,0.9246051728084229,0.9235828183413444,0.9178454261081864,0.7579613946746014,0.9234912642099642,0.9361867704280156,0.9362325474937058,0.9356069275959411,0.9370336461432822,0.9255970092317083,0.9377126726176852,0.9247272449835966,0.9234760051880675,0.917769130998703,0.758236057068742,0.9235980773632411,0.9297016861219196,0.9366750591287099
11,0.958648681640625,0.96697998046875,0.945465087890625,0.9600372314453125,0.9448089599609375,0.94598388671875,0.9412078857421875,0.70538330078125,0.945831298828125,0.942108154296875,0.945709228515625,0.9599456787109375,0.9683609008789062,0.9489288330078125,0.963958740234375,0.94915771484375,0.9490509033203125,0.9428863525390625,0.7093658447265625,0.9490203857421875,0.9495849609375,0.94207763671875,0.9604034423828125,0.969268798828125,0.9514923095703125,0.96343994140625,0.9502105712890625,0.95037841796875,0.943695068359375,0.709930419921875,0.9501953125,0.94647216796875,0.945068359375,0.960601806640625,0.9697189331054688,0.9509124755859375,0.96331787109375,0.949920654296875,0.949554443359375,0.942840576171875,0.7064666748046875,0.9495849609375,0.94781494140625,0.9456329345703125
12,0.937164306640625,0.9449615478515625,0.9267120361328125,0.9420013427734375,0.9236907958984375,0.9298095703125,0.92852783203125,0.8116455078125,0.929595947265625,0.9235382080078125,0.9481658935546875,0.9416275024414062,0.9483566284179688,0.93463134765625,0.94757080078125,0.9300994873046875,0.936553955078125,0.9343414306640625,0.816436767578125,0.936492919921875,0.9369049072265625,0.9450531005859375,0.9416275024414062,0.9483566284179688,0.93463134765625,0.94757080078125,0.9300994873046875,0.936553955078125,0.9343414306640625,0.816436767578125,0.936492919921875,0.9369049072265625,0.9450531005859375,0.9416275024414062,0.9483566284179688,0.93463134765625,0.94757080078125,0.9300994873046875,0.936553955078125,0.9343414306640625,0.816436767578125,0.936492919921875,0.9369049072265625,0.9450531005859375
13,0.9475813222206958,0.9402543084367511,0.9292332585367341,0.9498862786402283,0.9268977728931018,0.9302788844621513,0.9308207781899224,0.8073148020943047,0.9300804445055029,0.9296988292042558,0.9554120682022864,0.9555647143227854,0.9450855581505397,0.9340721405565477,0.9563432095373295,0.9324082978431102,0.9351635603181145,0.9351406634000397,0.8112836012272748,0.9348124742409671,0.9287676878692128,0.9571522339759735,0.9553052159179374,0.9444673413625193,0.9343621681854956,0.9562974157011799,0.9326220024118088,0.935239883378364,0.9352780449084888,0.8108409274778282,0.9348735326891666,0.9318740364213643,0.9572132924241731,0.9552746866938377,0.9445131351986689,0.9343774327975455,0.9563584741493795,0.932591473187709,0.9353925294988628,0.9354001618048877,0.8111004258826762,0.9350872372578651,0.9329807207949811,0.957213292424173
14,0.9444258656857083,0.9398200224971879,0.9327364484844799,0.9483476727571216,0.9313835770528684,0.935396588939896,0.9359742194387863,0.8165871157997142,0.9351685769008604,0.9285562277688262,0.9473292189827623,0.949578937767914,0.948644088407868,0.9381783358161312,0.9495789377679141,0.93676466117411,0.9406864682455234,0.9407320706533305,0.8189888426108899,0.9408992794819566,0.9437342291673,0.9483476727571216,0.9484236767701335,0.947519229015292,0.937691910132855,0.949730945793938,0.9353661873346912,0.9403824521934758,0.9406408658377161,0.8182744048885782,0.9402000425622473,0.9396300124646582,0.9478612470738454,0.9488797008482047,0.9486364880065667,0.9380415285927096,0.9503693795032379,0.9355029945581127,0.9404432554038853,0.9408536770741495,0.8183656097041925,0.9403216489830662,0.9407396710546317,0.9480740583102788
15,0.9445487144274053,0.9463721675440604,0.9222095063706417,0.9449759670405127,0.9159685664148929,0.917814908064393,0.9142442969405661,0.729228656443122,0.9176928358892196,0.9292133974212253,0.9494621194781415,0.9489356832227055,0.9521782253757535,0.9297932402532998,0.9511558709086747,0.9253986419470511,0.9289082169832914,0.9234760051880675,0.7331654840924696,0.9288319218738078,0.9481498435950256,0.9501640344853894,0.9483253223468375,0.9508201724269474,0.9308918898298619,0.9506218051422904,0.925764858472572,0.9308766308079652,0.9248035400930801,0.7325093461509118,0.9309071488517586,0.9393606469825283,0.949584191653315,0.9484626535439078,0.9516517891203174,0.9303425650415809,0.9504386968795301,0.9254749370565347,0.9302510109102007,0.9244831006332493,0.7317311360341803,0.9304188601510645,0.9441672388799877,0.9490653849088273
16,0.9356971612686487,0.9441873959717197,0.9371020202482935,0.9347198680654176,0.9307801548398918,0.9395452532563714,0.9344908149709102,0.8036862278009377,0.9398506573823812,0.9420342968833508,0.9417288927573412,0.9413700429092796,0.947210896819216,0.9413013269809275,0.9427367263731732,0.932948524134561,0.9418663246140455,0.9373921541680028,0.8134286194206484,0.941912135232947,0.9481271091972453,0.9459434696962756,0.9414387588376318,0.9470734649625115,0.9404920060470017,0.9424771328660652,0.933040145372364,0.9417441629636415,0.9371478308671951,0.8143142913860768,0.9416983523447402,0.9497457510650968,0.9460350909340784,0.9414540290439323,0.9472567074381174,0.9404767358407011,0.942446592453464,0.9331164964038664,0.941759433169942,0.9372394521049978,0.8141921297356727,0.9417136225510406,0.9486768366240629,0.945867118664773
17,0.9481876397953244,0.9515733676502129,0.9250084260195484,0.9479425192266445,0.9223427398351565,0.927949872843705,0.924901185770751,0.7606550847197966,0.9279651928792474,0.9283481937678095,0.9438367497012593,0.9495281429052915,0.9438061096301742,0.9271838710665808,0.9501026442381346,0.9251922664460581,0.9247939455219537,0.9218218586267121,0.7677023010693385,0.9246254251309864,0.9295584765756657,0.9386585776879003,0.9496890032784876,0.9437907895946318,0.9267089499647639,0.9498422036339125,0.9230781015411955,0.9236296228207249,0.9201826148236666,0.7662162576217177,0.9234304623586727,0.9191408524067776,0.9381070564083708,0.9500720041670497,0.9441737904831938,0.9271072708888685,0.9498881637405399,0.9232159818610779,0.9235836627140975,0.9203358151790912,0.7651898152403713,0.923629622820725,0.9217452584489996,0.9374176548089591
18,0.9343099107347219,0.9436179140917067,0.9351644159609369,0.9295948729686427,0.9321736476691844,0.9323567559319448,0.9291676203555351,0.8426184481574731,0.9325093461509117,0.9290455481803617,0.9296406500343328,0.9336385137712673,0.9438696879530022,0.9402151522087434,0.9349507896543833,0.9362020294499123,0.9370412756542306,0.931288624399176,0.8475776302738994,0.9373159380483711,0.9319752803845274,0.9314106965743496,0.9336919203479057,0.944106202792401,0.9385824368657969,0.9363241016250858,0.9351491569390402,0.9360799572747387,0.9305104142824445,0.8482490272373541,0.9362172884718089,0.9302204928664073,0.9313801785305561,0.9336308842603189,0.9445410849164568,0.9384145876249332,0.9364003967345693,0.9346608682383459,0.935866330968185,0.9303730830853741,0.8481879911497674,0.9361257343404289,0.9320210574502175,0.9315175097276265
19,0.9662273980999082,0.9636684033098376,0.9573245479619983,0.9645571559914189,0.9582899172540608,0.9565583818571866,0.9519920318725098,0.8013637756665645,0.9565583818571866,0.9511492491572172,0.9634692001225864,0.9669859025436716,0.9640821330064357,0.9568342016549187,0.9679895801409745,0.9568188783328225,0.9575084278271528,0.9524977015016856,0.8040300337113087,0.9573705179282869,0.9563591786699357,0.964357952804168,0.9672770456634998,0.9637833282255593,0.956711615078149,0.9681734600061292,0.9566809684339567,0.957447134538768,0.9525436714679743,0.8043977934416181,0.9574164878945756,0.960833588722035,0.9643119828378793,0.9673383389518849,0.9637067116150783,0.9569414649095924,0.9682653999387066,0.9565890285013792,0.9574471345387678,0.9525743181121668,0.8047502298498315,0.9572326080294208,0.9546736132393504,0.964618449279804
20,0.9510045069131464,0.9400045833015049,0.9376212665189825,0.950958673898098,0.940371247421893,0.9362309983958444,0.9386295928500495,0.8043694141012909,0.9359407226338706,0.9431670613398518,0.9510045069131464,0.9534412955465587,0.9461920403330533,0.939164311358949,0.9519058895424338,0.9411504086777175,0.9372698800702771,0.9367351615613781,0.809930486593843,0.9372240470552289,0.9431517836681689,0.9520433885875793,0.953044076082805,0.9454739897639599,0.9381254296845161,0.952058666259262,0.9395004201359711,0.9370559926667176,0.9371782140401802,0.8094568787716753,0.9371629363684975,0.9388740355969749,0.9521503322893591,0.9528760216942939,0.9453517683904974,0.9382934840730273,0.9521044992743106,0.9394698647926055,0.9374684898021541,0.9373615461003743,0.8102360400274998,0.9373768237720572,0.9413337407379115,0.9520433885875792
21,0.9430228122377355,0.9417792019531548,0.9324940871290149,0.9406729228656443,0.9325856412603952,0.9392080567635614,0.9360036621652552,0.7794766155489434,0.9389181353475242,0.9317616540779736,0.9288624399176012,0.9459678034637979,0.9485008010986495,0.942244602121004,0.9453574425879301,0.9436942092011902,0.9466086823834592,0.9429922941939421,0.7897611963073168,0.9466392004272526,0.9393759060044251,0.9309681849393454,0.9465476462958724,0.9499809262226291,0.942702372777905,0.9462882429236286,0.9456015869382772,0.9465323872739757,0.9432059205004959,0.7915312428473334,0.9469596398870832,0.9385366598001068,0.930739299610895,0.9463035019455254,0.949233234149691,0.9421530479896238,0.9459983215075913,0.9446860456244754,0.9459983215075913,0.9424734874494545,0.7898832684824904,0.9460746166170748,0.9460440985732814,0.92988479438468
22,0.9504021243151678,0.9339585209150427,0.9297541471454515,0.9533474750866056,0.9336609336609336,0.923100401361271,0.9222610526958352,0.8388145344667084,0.9230698795916186,0.9371098936316327,0.9496696018435149,0.9539655409220628,0.9455262716132281,0.9352785874525006,0.9548277809147375,0.9416118546553329,0.9308224090832786,0.9245044027652723,0.8414699284264502,0.9310971050101484,0.93340149861889,0.9525691699604742,0.9543699543699543,0.9435194652585958,0.9359042837303707,0.9549040853388682,0.9424817250904206,0.9314175835914966,0.925038533734186,0.84201932028019,0.9317228012880187,0.93997893997894,0.952065560761213,0.9537289972072581,0.9439544004761395,0.9365605017778931,0.9547667373754329,0.9427716819021167,0.9318448883666275,0.924779098692142,0.841622537274711,0.9321806278328018,0.9461443374486853,0.9520960825308652
23,0.9396599264705883,0.9404258578431373,0.9274662990196079,0.9367953431372549,0.926639093137255,0.9260110294117648,0.9134037990196079,0.7147824754901962,0.9264399509803921,0.9293198529411765,0.9283394607843137,0.9417738970588235,0.941015625,0.9316942401960784,0.9370557598039215,0.929702818627451,0.9298866421568628,0.9168658088235294,0.7272212009803922,0.9301776960784315,0.935485600490196,0.9276194852941176,0.9421262254901962,0.9406786151960784,0.9316482843137255,0.9362898284313725,0.9294577205882353,0.9292585784313725,0.9154564950980392,0.7250765931372549,0.9298406862745098,0.92734375,0.9282628676470587,0.942202818627451,0.9406939338235294,0.932061887254902,0.9364889705882353,0.9299785539215686,0.9293351715686274,0.9155177696078431,0.724984681372549,0.9297487745098039,0.9350337009803922,0.9284926470588236
24,0.9392852783203125,0.9523162841796875,0.9345550537109375,0.936431884765625,0.9329376220703125,0.937652587890625,0.935760498046875,0.7794189453125,0.9373779296875,0.932525634765625,0.932464599609375,0.9364089965820312,0.95318603515625,0.9384002685546875,0.9395904541015625,0.9354248046875,0.94232177734375,0.939483642578125,0.786407470703125,0.9425048828125,0.9461669921875,0.932159423828125,0.9373092651367188,0.95306396484375,0.9385986328125,0.9398651123046875,0.9349822998046875,0.94207763671875,0.939727783203125,0.782135009765625,0.9422454833984375,0.94189453125,0.9315032958984375,0.9370803833007812,0.9530487060546875,0.9378814697265625,0.93963623046875,0.9345855712890625,0.9420013427734375,0.93951416015625,0.782196044921875,0.941986083984375,0.938507080078125,0.930999755859375
25,0.9490079365079365,0.9575396825396826,0.9450854700854701,0.9443223443223443,0.9434371184371184,0.944490231990232,0.941498778998779,0.8112026862026862,0.9445818070818071,0.9453144078144078,0.9478632478632479,0.9476037851037851,0.9572802197802198,0.9479090354090354,0.9436660561660561,0.9447802197802198,0.9486721611721612,0.9436202686202686,0.8171245421245422,0.9490995115995116,0.9519383394383394,0.9516636141636141,0.9479090354090354,0.9567307692307692,0.9474664224664224,0.9440018315018315,0.9448870573870575,0.9481990231990232,0.9432081807081807,0.8176739926739927,0.9486568986568987,0.9505189255189255,0.9514041514041515,0.9477258852258852,0.9573260073260073,0.9476037851037851,0.944047619047619,0.9448412698412698,0.949053724053724,0.9442002442002441,0.819368131868132,0.9493437118437118,0.9458333333333334,0.9526098901098901
26,0.9515610159624989,0.9571295076442293,0.9490793222831582,0.9549158981586446,0.946995925120255,0.9466895431845338,0.9491865559606606,0.8782744569380191,0.9463218848616686,0.9429210453751647,0.9554061092557983,0.9581022702901437,0.9600631146787586,0.9556971720947333,0.9635099114556206,0.9546861117068538,0.9529550537700298,0.9533839884800392,0.8837127362970679,0.9526639909310949,0.9606222617114495,0.9581941848708599,0.9580409939029995,0.9590214160973068,0.9545329207389933,0.9631422531327554,0.9531235638346762,0.951055485768559,0.9521737798339409,0.8842335855877939,0.9508563375103404,0.9570069548699408,0.9562180213854591,0.9579643984190693,0.9602086460982261,0.9541193051257698,0.9630962958423972,0.9533073929961089,0.951040166671773,0.952143141640369,0.8844633720395847,0.95077974202641,0.9537516468029046,0.9565550415147523
27,0.9584884643554688,0.959747314453125,0.9477081298828125,0.9520111083984375,0.942230224609375,0.9432525634765625,0.9393463134765625,0.8015899658203125,0.943023681640625,0.9487762451171875,0.953887939453125,0.9601974487304688,0.959197998046875,0.948272705078125,0.9531402587890625,0.9430084228515625,0.94317626953125,0.9375762939453125,0.80706787109375,0.9429779052734375,0.9507598876953125,0.9561309814453125,0.9609146118164062,0.9591064453125,0.9468994140625,0.9527130126953125,0.94244384765625,0.941619873046875,0.9355926513671875,0.8044281005859375,0.9413604736328125,0.9522552490234375,0.95489501953125,0.9604110717773438,0.9590606689453125,0.9462127685546875,0.9527435302734375,0.9412841796875,0.9409637451171875,0.9346160888671875,0.8039398193359375,0.9407806396484375,0.951263427734375,0.9560394287109375
28,0.9437857633325704,0.9416723887998779,0.9318226901655603,0.9368886854352635,0.930846112764172,0.931662470435645,0.9331654840924697,0.8317845426108186,0.9313649195086595,0.940489814602884,0.9447165636682688,0.9396505683985656,0.9396658274204623,0.933852140077821,0.9436636911573968,0.9315785458152134,0.9351415274280919,0.9364156557564661,0.8337834744792859,0.9348668650339513,0.9399099717708095,0.9425345235370413,0.9396505683985656,0.9396658274204623,0.933852140077821,0.9436636911573968,0.9315785458152134,0.9351415274280919,0.9364156557564661,0.8337834744792859,0.9348668650339513,0.9399099717708095,0.9425345235370413,0.9396505683985656,0.9396658274204623,0.933852140077821,0.9436636911573968,0.9315785458152134,0.9351415274280919,0.9364156557564661,0.8337834744792859,0.9348668650339513,0.9399099717708095,0.9425345235370413
29,0.9227283131151293,0.9327534905012589,0.9238422217135882,0.9178149080643931,0.9212481879911498,0.9235675593194477,0.9150530251010911,0.7264057373922331,0.9237811856260014,0.9295948729686427,0.9348134584573129,0.9297627222095064,0.9349050125886931,0.9223620965896087,0.939986266880293,0.9170061799038682,0.9231708247501336,0.915907530327306,0.7393911650263219,0.9234607461661707,0.931792172121767,0.9425955596246282,0.931090257114519,0.9358510719462881,0.9225299458304723,0.9405661097123674,0.917219806210422,0.9232013427939268,0.9159075303273061,0.7393148699168384,0.9236133363851378,0.9332875562676433,0.9420920119020372,0.931090257114519,0.9358510719462881,0.9225299458304723,0.9405661097123674,0.917219806210422,0.9232013427939268,0.9159075303273061,0.7393148699168384,0.9236133363851378,0.9332875562676433,0.9420920119020372
30,0.9226367589837493,0.9360723277637903,0.916960402838178,0.9307087815671016,0.9232623788815136,0.9201647974364844,0.9209277485313192,0.8071717402914473,0.9197680628671702,0.9196612497138934,0.9307240405889982,0.927672236209659,0.9342336156252384,0.9204394598306248,0.932997634851606,0.9243152513923858,0.9237201495384145,0.9246204318303196,0.8160219729915313,0.9232471198596169,0.9292896925307088,0.934203097581445,0.9279468986037996,0.9353475242236973,0.9200732433051041,0.9337148088807508,0.9248340581368735,0.9234149691004807,0.9247882810711833,0.8153505760280766,0.9230792706187533,0.9322652018005647,0.9351491569390402,0.9279621576256962,0.9339131761654078,0.9193255512321661,0.9328297856107424,0.9241931792172122,0.9229877164873732,0.9242542153047989,0.8156557564660105,0.9226062409399557,0.9292591744869154,0.9336842908369574
31,0.9530010110603879,0.9563558932565336,0.9484359202181439,0.9506878274456937,0.9468427341523944,0.9491865559606606,0.946766138668464,0.7872024265449309,0.9489874077024418,0.9335227794969208,0.9569226998376175,0.9486886853151139,0.9549388768038236,0.951928674285364,0.9505193173810471,0.9512699531235638,0.9514384631882105,0.9501363399613959,0.7861300897699071,0.951040166671773,0.9482214528631392,0.9550997273200772,0.9486427280247557,0.954502282545421,0.9514537822849966,0.9508410184135543,0.9516069732528569,0.9511167621557033,0.9498912344128191,0.7833879714452034,0.9509788902846289,0.946720181378106,0.9550384509329329,0.9489491099604769,0.9560035540304544,0.9509022948006985,0.9511933576396334,0.9504274028003309,0.9503508073164005,0.9497074052513864,0.782652654799473,0.9501669781549679,0.9415576457612059,0.9549158981586446
32,0.9393303523738307,0.9387122865383735,0.9271445358401881,0.94177972438842,0.9267324919498833,0.9301127779388649,0.9336609336609336,0.7953057518274911,0.929838082011995,0.9311276267798007,0.9408182886443756,0.943260030216552,0.9345765867504999,0.9295404947578861,0.9412303325346805,0.9287469287469288,0.9349886306408045,0.934607108520152,0.7999145390449738,0.9347978695804783,0.9353930440886962,0.9372319807102415,0.9429853342896821,0.9342408472843255,0.9298457124544081,0.9407572451050712,0.9282127977780151,0.9351183481618264,0.9347597173684131,0.8002655393959741,0.9347978695804783,0.9297922993575167,0.9372777633647198,0.942817464556595,0.9342255863994996,0.9298609733392342,0.9403909838692447,0.928334884856624,0.934881804447022,0.9350344132952828,0.7995177560394952,0.9347826086956522,0.9336151510064553,0.9361942405420666
33,0.9386482939632546,0.9322468412378686,0.9194439357870964,0.9312244399682598,0.9181926387108589,0.9205273759384729,0.9193828969053287,0.8339284624305682,0.9204663370567052,0.9163614722578283,0.9397393639748518,0.9352377464444852,0.930781908075444,0.9197949093572606,0.9356344991759751,0.919337117744003,0.9222212049075261,0.9189098455716291,0.8387047549288897,0.9223280229506194,0.922419581273271,0.9376030031129828,0.93567264847708,0.9291491179881586,0.9205731550997985,0.9357413172190686,0.9196880913141671,0.9227095159616675,0.9192608191417934,0.8382469633156322,0.9227705548434353,0.9227552951229934,0.937786119758286,0.9356726484770799,0.9297595068058353,0.9199780260025635,0.9356802783373008,0.9186046511627907,0.9226637368003419,0.9191692608191419,0.8377128731001648,0.9227400354025515,0.9212140633583592,0.9376182628334249
34,0.9471087006340234,0.9508058971812696,0.9408906882591093,0.9482086929951875,0.942219845695516,0.9444656634328927,0.9434878924451914,0.8313803376365443,0.9441601099992362,0.9451531586586204,0.9424948437858071,0.9511878389733405,0.9533114353372546,0.9415781834848369,0.9523183866778703,0.9430601176380718,0.945840653884348,0.9447712168665495,0.8323581086242456,0.9457795431976167,0.9508517301963181,0.9437934458788482,0.9516614467955083,0.9538461538461538,0.9422962340539303,0.9520281109158963,0.9435337254602398,0.9462531510197846,0.9446795508364525,0.8322206095791002,0.946222595676419,0.9463906500649302,0.9429837292796578,0.9515392254220456,0.9538843480253609,0.942219845695516,0.9518142235123368,0.943701779848751,0.9464823160950272,0.9451073256435718,0.8316247803834695,0.9462225956764189,0.947154533649072,0.9429226185929265
35,0.948494513711905,0.9476246432768172,0.9402688967906359,0.9472736429258168,0.9452286843591192,0.9420544203152899,0.9404978100630276,0.8281166542036107,0.9418865505822028,0.9538816060555191,0.9563538693973476,0.9522181696094739,0.9554305858653686,0.9453202496680757,0.952981213850779,0.9457475544432067,0.9461443374486852,0.9441146397668136,0.8329696155783113,0.9459459459459459,0.9561859996642605,0.9598180902528729,0.9547056938361286,0.95610969524013,0.9447861186991622,0.9539579104796496,0.9451981625894669,0.9460375112549025,0.9436873349916829,0.8330001373479634,0.9458849024066416,0.9484029484029485,0.9594518290170465,0.954476780563737,0.9560181299311734,0.9436262914523784,0.9537595189769104,0.9444961618874662,0.9449234666625971,0.943122682253117,0.833076441772094,0.9450150319715539,0.9542326064065193,0.9592839592839593
36,0.9481779893792347,0.9401361167063419,0.9325215162058231,0.9464536409692974,0.9283556125251786,0.9348867728743209,0.9347189159494598,0.8219801013245436,0.9346273576268083,0.9381676127693341,0.9579899896233901,0.9521378868339131,0.943790819752182,0.9385948849417078,0.9556247329548923,0.9333608008301288,0.9399682597814808,0.9375572239516573,0.8195843252151621,0.9398461820179455,0.9356573887566381,0.9595770005493499,0.9522523347372277,0.9434551059024598,0.9387322224256852,0.9559909662454985,0.9342916437770861,0.9398614417383874,0.9381370933284503,0.8197979613013489,0.939754623695294,0.9390374168345235,0.9600653116034914,0.9521073673930295,0.9435695538057742,0.9383507294146372,0.9554263565891472,0.9331471647439419,0.9394189098455717,0.9372672892632607,0.8197369224195813,0.9394646890068973,0.9357794665201734,0.9594854422266984
37,0.9328368458803241,0.9361942405420666,0.924168663299098,0.9287469287469287,0.9209638774856166,0.9219558349993132,0.9164008729226121,0.7523616219268394,0.9220321394234439,0.9167823950432646,0.9310208005860179,0.9376974376974379,0.9391243304286783,0.9261220565568391,0.9375982419460681,0.9238634456025759,0.9246417507287071,0.9195751369664412,0.7659438094220702,0.9247180551528377,0.9236192714453584,0.933691455430586,0.9373159155767852,0.9374532635402201,0.9239397500267065,0.9368351977047631,0.9217269217269217,0.9236192714453584,0.9182779617562226,0.7640667205884598,0.9234666625970974,0.9203534420925725,0.9325774108382804,0.9373311764616113,0.9372777633647199,0.9239397500267066,0.9369267630137195,0.9219253132296611,0.9238787064874021,0.9185373967982663,0.7653638957986784,0.9238024020632717,0.917408091321135,0.9323484975658889
38,0.9444929534313726,0.9433210784313725,0.9348498774509805,0.9404564950980391,0.9348651960784313,0.9339767156862745,0.9296875,0.7995404411764707,0.9340533088235294,0.9366115196078431,0.9381587009803921,0.9417585784313727,0.9363970588235293,0.9319393382352942,0.9410998774509803,0.9340226715686274,0.9313419117647059,0.9285079656862745,0.8077512254901961,0.9315563725490197,0.9337622549019609,0.9310661764705883,0.9420802696078432,0.9359528186274508,0.931862745098039,0.9409007352941177,0.9332873774509803,0.9310049019607842,0.9286611519607844,0.8082107843137254,0.9311274509803922,0.9318474264705882,0.9309129901960784,0.9418198529411765,0.9361366421568627,0.9316482843137255,0.9409466911764706,0.9332873774509804,0.9312806372549021,0.9289522058823527,0.807904411764706,0.9313419117647057,0.9301776960784314,0.9303921568627451
39,0.9283586173349953,0.9320068099595659,0.9211078344936613,0.9258808865108078,0.918280485209619,0.9229927340163561,0.9169732161858146,0.7874015748031495,0.9232359468579941,0.9165323929103456,0.9182652844070167,0.9278265892439121,0.9298102939835224,0.924163195816739,0.9223999027148633,0.9204846015869637,0.9273857659684432,0.9208798224546256,0.8016295260389749,0.9274465691788526,0.926975344298179,0.9225975131486942,0.9274161675736479,0.9283434165323928,0.9238135773568844,0.9220350834524063,0.9196789590490377,0.9268689386799622,0.9207886176390114,0.8017511324597939,0.9270969507189979,0.9301675128446781,0.9226431155565014,0.9274921715866598,0.9313455750463624,0.9242696014349557,0.9219134770315872,0.9199829751010854,0.9270817499163956,0.9207582160338066,0.801796734867601,0.9272033563372146,0.9308363481591827,0.9227343203721156
40,0.9401797117314359,0.9331022319528067,0.9138843276774311,0.9396095602992156,0.9103873988931459,0.9137931034482759,0.906084656084656,0.7760141093474427,0.9139451438302014,0.9246563887368485,0.9448245453992581,0.940460986437998,0.9452502584686493,0.9250897038253361,0.9417685337225568,0.9176397251109893,0.9247552149851,0.9147509578544063,0.7811986863711001,0.9252417442072615,0.9363787021832999,0.9459040321109287,0.9403089460560724,0.945242656449553,0.9248616432524479,0.941829349875327,0.9171379918506355,0.9247096028705224,0.9149790184272942,0.7807577692635163,0.925120111901721,0.9335507510794867,0.945660767499848,0.940795475278234,0.9457976038435809,0.9256522532384601,0.9420422064100225,0.9174268685762937,0.9255458249711124,0.9151614668856047,0.7796782825518457,0.9260779663078512,0.9320607553366173,0.946192908836587
41,0.9616858237547892,0.9700203019340264,0.9535497855322007,0.9560226526842821,0.9533055517394026,0.9559615942360825,0.9550457175130894,0.7747248553678009,0.9557784188914841,0.955091511349239,0.9590145166460595,0.956694295614477,0.9611057684968937,0.9578086122941185,0.9593350734991071,0.9567706186747263,0.9597472180244538,0.9560531819083817,0.7769076948909344,0.9596861595762544,0.9651966845262627,0.9593503381111569,0.9567858832867763,0.9603654348124743,0.9571064401398238,0.9595793072919053,0.9562058280288807,0.959335073499107,0.9556563019950849,0.776678725710186,0.959212956602708,0.9657767397841585,0.9611362977209934,0.9567706186747263,0.9590603104822091,0.9574575262169713,0.9594266611714064,0.956419532597579,0.9591213689304088,0.9557631542794339,0.7772282517439819,0.9590450458701593,0.9637465463815237,0.9605562424630978
42,0.9491583622018404,0.9541715628672152,0.9434431608344651,0.9445877271964229,0.9399026355548095,0.9444809010026401,0.937140415401285,0.8013032795641492,0.9448776840081189,0.9311276267798007,0.9386817647687212,0.9459077937338807,0.9564225433790652,0.9467547728417295,0.9439315091489004,0.9429090298655517,0.9455644238252934,0.9402383750209837,0.811436507088681,0.9456559891342501,0.9425046164176599,0.9454728585163369,0.9461214461214461,0.9564683260335434,0.946846338150686,0.9440383353426832,0.943107421368291,0.9457017717887284,0.9403452012147665,0.8112533764707677,0.9457322935583805,0.9437331176461611,0.9448776840081188,0.9461214461214461,0.9564683260335434,0.946846338150686,0.9440383353426832,0.943107421368291,0.9457017717887284,0.9403452012147665,0.8112533764707677,0.9457322935583805,0.9437331176461611,0.9448776840081188
43,0.9427556947781395,0.9454700282838113,0.9279827255862048,0.936635138833977,0.9273592652291598,0.9262948207171314,0.9201514552477114,0.7542957939235424,0.9267510112222864,0.9246677412487455,0.9220218363188467,0.9499254888841581,0.9507998540190384,0.933563456099267,0.9425352027006477,0.9329704084425655,0.9317386940786473,0.9253216143061342,0.756789635351723,0.9320580274322557,0.9390225358109546,0.9242723761442778,0.9498646634834708,0.9499939174599312,0.9331985036951431,0.9425656154009914,0.9334418052978924,0.9313737416745234,0.9251087254037286,0.7568808734527539,0.9316170432772727,0.9369544721875854,0.923527264985858,0.9498342507831269,0.9500547428606186,0.9342629482071714,0.9421246312460083,0.934460630759405,0.9316322496274445,0.9250783127033849,0.757230619506706,0.9319515829810529,0.9362701864298532,0.9235120586356863
44,0.948768809849521,0.9457212342301262,0.9439732482140144,0.952530779753762,0.944642042863657,0.9454780361757106,0.9445812433500533,0.807843137254902,0.9457212342301261,0.9436920504635963,0.955297157622739,0.9498100015199878,0.9454324365405077,0.9483356133150934,0.9583371333029336,0.9487764097887218,0.9493844049247605,0.9481380148958808,0.8144094847241222,0.9492780057759537,0.9460404316765467,0.9584587323301413,0.9510259917920656,0.946329229366165,0.9483356133150934,0.9588691290469676,0.9487460100319197,0.9493996048031615,0.9481380148958809,0.8144854841161271,0.9493540051679586,0.9473096215230279,0.9583979328165374,0.9510259917920656,0.946329229366165,0.9483356133150934,0.9588691290469676,0.9487460100319197,0.9493996048031615,0.9481380148958809,0.8144854841161271,0.9493540051679586,0.9473096215230279,0.9583979328165374
45,0.9464460111090764,0.9522218152963439,0.9412500762986021,0.943798449612403,0.9413416346212538,0.9410059207715316,0.9369163156930965,0.7941616309589208,0.941112738814625,0.9333150216688031,0.9414179332234632,0.9527406457913692,0.9556628822559969,0.9425166330952818,0.9502533113593359,0.9412805957394861,0.943050723310749,0.9386406641030337,0.8033479826649575,0.9431728010742844,0.9478727949703961,0.9429286455472136,0.9527330159311481,0.9583485930537753,0.9435542940853323,0.950238051638894,0.9419978026002563,0.9436305926875419,0.9391137154367333,0.8037599951168894,0.9437526704510772,0.9498260391869622,0.943050723310749,0.952565159006287,0.9587529756454862,0.9427302691814686,0.9500396752731489,0.9409601416102057,0.9428981261063296,0.9390984557162914,0.8042635658914729,0.9431422816334004,0.9471403283891839,0.9425166330952818
46,0.9682281932657252,0.9677533012653574,0.9633107631974019,0.9664358589417567,0.9636171451331228,0.9627286375195319,0.9554520665461564,0.8692361898342473,0.9630503385520389,0.967125218297129,0.9651796930053004,0.9640460798431324,0.9632341677134716,0.9630809767456111,0.9651643739085143,0.9619933208738014,0.9623150219063084,0.955298875578296,0.8739391525475657,0.9626214038420294,0.9662520297803241,0.9662673488771102,0.9639235270688441,0.9632648059070437,0.9626673611323876,0.9648733110695794,0.9615184288734336,0.9616256625509361,0.9546095162229236,0.8732497931921934,0.9620392781641595,0.966221391586752,0.9657771377799564,0.9639388461656301,0.9632035295198995,0.9626520420356016,0.9649499065535095,0.9614418333895033,0.961640981647722,0.9548393026747143,0.8729280921596863,0.9620239590673734,0.9661141579092497,0.9659150096510309
47,0.9565326863211865,0.9517411341024232,0.944393578709638,0.9561588231703595,0.9435237746444485,0.9431117621925167,0.9412195568577184,0.813388878715742,0.9432948788378196,0.9443783189891962,0.9515503875968992,0.9551669413416347,0.9545565525239578,0.9419215039980466,0.9573643410852715,0.9409906610510896,0.9437068912897516,0.9428218275041201,0.8254898370261856,0.9436458524079838,0.9427913080632363,0.9478727949703962,0.9554721357504731,0.9544497344808643,0.9417383873527436,0.9567234328267105,0.9405023499969479,0.9431270219129585,0.9432490996764938,0.8259476286394434,0.9430049441494232,0.9427607886223525,0.9474913019593483,0.9552279802234024,0.9543581761582127,0.9408991027284379,0.9569523286333393,0.9396478056522005,0.9429744247085394,0.9430812427516329,0.8251541231764635,0.9429133858267718,0.9402887139107612,0.9468351339803455
48,0.9342617618764029,0.943920167361461,0.9408279505856125,0.9334219005298763,0.9352237848733337,0.9387053919098446,0.9283063814192131,0.7826286133125658,0.938964985416953,0.9370103990104907,0.9316505565990197,0.9487837280681661,0.9542046513048391,0.9438056408142074,0.9449356360804435,0.9388886343854506,0.9444469894788278,0.9327042008337532,0.7961274756821964,0.9448745552552414,0.9417441629636416,0.9415151098691343,0.949249469360331,0.9546551223907034,0.9436223983386015,0.9442484767969215,0.9388275535602485,0.9442790172095223,0.9328263624841573,0.7962496373326005,0.9446149617481332,0.9440805045276162,0.9409043016171149,0.949249469360331,0.9546551223907034,0.9436223983386015,0.9442484767969215,0.9388275535602485,0.9442790172095223,0.9328263624841573,0.7962496373326005,0.9446149617481332,0.9440805045276162,0.9409043016171149
49,0.9530177696078431,0.9606617647058823,0.9463694852941176,0.9466145833333334,0.9464001225490195,0.9427236519607842,0.9334558823529411,0.7845894607843137,0.9431219362745098,0.9454197303921568,0.9397671568627449,0.9520526960784313,0.9606694240196079,0.9483762254901962,0.9501378676470589,0.9468443627450981,0.9452359068627452,0.9361519607843137,0.7887714460784314,0.9455729166666667,0.944485294117647,0.9380974264705882,0.9515931372549019,0.9595818014705882,0.9465073529411765,0.9503829656862746,0.9451439950980393,0.9424019607843137,0.9342064950980392,0.786734068627451,0.9426930147058823,0.9465073529411765,0.9364276960784312,0.9505514705882353,0.9594745710784314,0.9431985294117646,0.9504289215686275,0.9427389705882354,0.9380514705882352,0.9328124999999998,0.7868412990196079,0.9379289215686274,0.9445465686274509,0.9366574754901961
50,0.9429258241758242,0.9383241758241758,0.937530525030525,0.9374999999999999,0.9353937728937729,0.9389957264957265,0.9392246642246643,0.7980006105006106,0.9389194139194139,0.9366300366300366,0.9438644688644688,0.943276862026862,0.9406288156288157,0.943009768009768,0.942506105006105,0.9387362637362637,0.9439102564102564,0.9421855921855922,0.8077838827838828,0.9439407814407815,0.9398351648351648,0.9459554334554334,0.9453678266178267,0.9417277167277168,0.9432081807081807,0.9457875457875458,0.9391483516483518,0.9442002442002442,0.9423229548229548,0.8077380952380953,0.9442460317460317,0.9403235653235654,0.9468101343101343,0.9453678266178267,0.9417277167277168,0.9432081807081807,0.9457875457875458,0.9391483516483518,0.9442002442002442,0.9423229548229548,0.8077380952380953,0.9442460317460317,0.9403235653235654,0.9468101343101343
51,0.9400787353515625,0.9318923950195312,0.91900634765625,0.939605712890625,0.9228973388671875,0.9156494140625,0.9163665771484375,0.7557373046875,0.9155426025390625,0.9139862060546875,0.9246978759765625,0.9380035400390625,0.9339675903320312,0.9232635498046875,0.9392547607421875,0.924041748046875,0.923309326171875,0.9214935302734375,0.7619781494140625,0.923065185546875,0.9185333251953125,0.92034912109375,0.9387054443359375,0.9337539672851562,0.9236602783203125,0.9396209716796875,0.9237823486328125,0.92401123046875,0.922393798828125,0.7639312744140625,0.923797607421875,0.9274978637695312,0.9205322265625,0.9378662109375,0.9328994750976562,0.922332763671875,0.9398040771484375,0.9230194091796875,0.923065185546875,0.92120361328125,0.763580322265625,0.92279052734375,0.93060302734375,0.9211273193359375
52,0.9561996459960938,0.9559326171875,0.9465179443359375,0.954376220703125,0.94476318359375,0.949310302734375,0.9488983154296875,0.7910308837890625,0.94921875,0.9409332275390625,0.94598388671875,0.9591064453125,0.9530181884765625,0.94256591796875,0.9563446044921875,0.9419708251953125,0.948150634765625,0.9486083984375,0.8003692626953125,0.9478759765625,0.9472198486328125,0.9456787109375,0.959136962890625,0.9529800415039062,0.9429473876953125,0.956695556640625,0.9418487548828125,0.9485931396484375,0.949432373046875,0.8011627197265625,0.948272705078125,0.9458541870117188,0.946136474609375,0.9583740234375,0.9533538818359375,0.9417877197265625,0.955902099609375,0.9414520263671875,0.9480133056640625,0.94879150390625,0.80133056640625,0.947662353515625,0.9457855224609375,0.9458770751953125
53,0.9533531700617991,0.9532158388647287,0.9446707866025786,0.945418478675517,0.9464255741206989,0.9461509117265584,0.944457160296025,0.7888303959716182,0.9461966887922485,0.9376058594644084,0.9413138017853057,0.954032196536202,0.9553292133974213,0.9448996719310292,0.9475852597848478,0.9438467994201571,0.947127489127947,0.9447013046463721,0.7878995956359198,0.9470206759746701,0.9519188220035096,0.9428397039749752,0.9539024948500802,0.9561608300907911,0.9449759670405127,0.9483482108796826,0.9447928587777523,0.9467612726024262,0.9440909437705043,0.7848630502784771,0.9467612726024262,0.9432211795223926,0.9428244449530786,0.9537499046311131,0.9559700923170825,0.9461814297703518,0.9483482108796826,0.9439688715953307,0.9477378500038147,0.9440451667048142,0.7845273517967498,0.9478141451132982,0.942900740062562,0.9424582284275578
54,0.9333740737911542,0.9238102513176991,0.9257963486364679,0.9334657398212511,0.926896340997632,0.9233366434955312,0.9257199602780537,0.758933618516538,0.9231074784202886,0.9207241616377664,0.9262699564586356,0.9427392865327324,0.9339851806584676,0.9279352226720647,0.9437170575204339,0.9286685509128407,0.9263769001604155,0.9291574364066917,0.772225192880605,0.9261782904285387,0.9250477427240089,0.930425483156367,0.9431212283248032,0.9370407149950346,0.9285921625544267,0.9440989993125048,0.9298449316324193,0.9275380032083109,0.9299060423191506,0.7727140783744556,0.927354671148117,0.9303490947979527,0.929111603391643,0.9427698418760981,0.9377740432358108,0.928836605301352,0.9440684439691389,0.9301504850660759,0.9276449469100908,0.9292949354518372,0.7727446337178213,0.9272477274463371,0.9274921701932626,0.9296921549155909
55,0.958041958041958,0.9593797506840985,0.9642444512009729,0.9561872909698996,0.9644268774703558,0.9634083307996352,0.9595013681970204,0.8416235937975068,0.9633171176649438,0.9688963210702342,0.9620097294010338,0.9653618121009426,0.9653162055335969,0.9663271511097599,0.9664335664335665,0.9665399817573732,0.9660079051383399,0.9622073578595319,0.8502432350258438,0.9659014898145333,0.9697780480389177,0.9653542110063849,0.9653162055335969,0.9651033748859836,0.9660839160839161,0.9664943751900273,0.9665247795682579,0.9660839160839161,0.9622377622377623,0.8496047430830039,0.96600790513834,0.9674369109151717,0.9651261781696565,0.9651793858315598,0.9649665551839466,0.9652782000608088,0.9664183642444512,0.9653086044390392,0.9652173913043478,0.9619945272119186,0.8490270598966253,0.9651869869261174,0.9659318941927637,0.9651869869261175
56,0.9460187389367026,0.9364280046389551,0.9300799609351157,0.9518861014466214,0.9298358054080449,0.9279130806323629,0.9298815845693708,0.8383995605200514,0.927501068180431,0.9318043093450528,0.9533662943294879,0.95100103766099,0.9445461759140573,0.9373741073063542,0.9551211621803088,0.939556247329549,0.9346426173472502,0.935863394982604,0.8447628639443325,0.9345663187450406,0.9408685832875542,0.9558994079228469,0.9512604529085028,0.9428599768052249,0.938182872489776,0.9556552523957761,0.93932735152292,0.9351461881218337,0.9351919672831595,0.8414515046084355,0.9347799548312274,0.9341237868522249,0.9562961606543369,0.9507874015748032,0.943027833730086,0.9378318989196118,0.954709149728377,0.9385643655008241,0.9342000854544346,0.9338491118842704,0.8412683879631325,0.9339101507660381,0.936046511627907,0.9557773301593115
57,0.9646100080882689,0.9696003174264044,0.9615120484685702,0.9569337830207396,0.9629770934118761,0.9599706991011339,0.9561249561249562,0.7994109298457125,0.9600012208707861,0.9549193462236941,0.9595586552108292,0.9616951790864835,0.9684862728340988,0.9616646573168312,0.9585514368123064,0.9626260930608757,0.9605048300700474,0.9565370000152609,0.8011506707158882,0.9604132647610908,0.9528591267721703,0.9602301341431777,0.9624277015581363,0.9679597723075986,0.9608863521907,0.9587040456605674,0.9628244845636149,0.9601538297190472,0.9571169136386528,0.8009522792131487,0.9598638729073512,0.9582920017702625,0.9603064385673081,0.9626413539457018,0.969218795305752,0.96178674439544,0.9585056541578281,0.9633280937628763,0.9610542219237872,0.9573305660262182,0.8012574969096709,0.9608405695362217,0.9503868634303417,0.9607642651120913
58,0.9413595788509955,0.9421454184786755,0.9363241016250858,0.9365529869535362,0.9345845731288625,0.936415655756466,0.9351796749828336,0.7211566338597695,0.9363088426031891,0.9408407721065081,0.9429465171282521,0.949080643930724,0.9484855420767528,0.9484702830548561,0.9458457312886244,0.9487602044708935,0.9460898756389716,0.9434958419165331,0.7264209964141299,0.9456626230258641,0.9491111619745174,0.9460746166170748,0.9490501258869306,0.9484245059891661,0.9488975356679636,0.9459525444419012,0.9485465781643396,0.9460440985732814,0.9438010223544671,0.7267109178301671,0.9455405508506904,0.9549324788281071,0.9461051346608682,0.9489738307774471,0.9485160601205462,0.9490653849088274,0.9459525444419012,0.9486991683833066,0.9458915083543146,0.9435263599603265,0.7268482490272374,0.9455252918287937,0.9536278324559395,0.945922026398108
59,0.9478294041351949,0.9410391393911649,0.937819485770962,0.9425192645151446,0.9367360952162966,0.9354085603112839,0.9353170061799039,0.8468451972228581,0.9351491569390402,0.9432669565880827,0.945662623025864,0.9499809262226291,0.9483939879453727,0.943099107347219,0.9562523842221714,0.9429159990844587,0.9422598611429007,0.9394369420920119,0.8551155870908675,0.9421377889677272,0.9416800183108264,0.9500267032883193,0.9499809262226291,0.9483939879453727,0.943099107347219,0.9562523842221714,0.9429159990844587,0.9422598611429007,0.9394369420920119,0.8551155870908675,0.9421377889677272,0.9416800183108264,0.9500267032883193,0.9499809262226291,0.9483939879453727,0.943099107347219,0.9562523842221714,0.9429159990844587,0.9422598611429007,0.9394369420920119,0.8551155870908675,0.9421377889677272,0.9416800183108264,0.9500267032883193
60,0.9506587009803922,0.9572303921568627,0.9287683823529411,0.9525275735294118,0.9318167892156863,0.9339613970588236,0.9255208333333333,0.7458946078431372,0.934298406862745,0.9416666666666667,0.9598498774509803,0.9554151348039215,0.9591911764705882,0.9355085784313725,0.9580729166666666,0.9401501225490196,0.9395373774509804,0.9316789215686274,0.7550398284313725,0.9397365196078432,0.9484374999999998,0.9614123774509804,0.9554687499999999,0.9590992647058824,0.9353553921568628,0.9582720588235294,0.9399203431372548,0.9395680147058824,0.9312346813725491,0.7554074754901963,0.9397058823529411,0.9478707107843136,0.9611825980392157,0.95546875,0.9591452205882353,0.9356158088235293,0.9581495098039216,0.9396292892156863,0.9393229166666666,0.9310355392156863,0.75546875,0.9396446078431372,0.951485906862745,0.9612591911764706
61,0.9376869315754136,0.9374885552096687,0.9419062442776048,0.9324299578831716,0.9418299456753952,0.9391289751571751,0.9356344991759752,0.8054690838063846,0.9391900140389429,0.9456906549472014,0.9312244399682599,0.9440883843007996,0.9428828663858878,0.9425776719770493,0.9366874198864676,0.9410822193737411,0.938762741866569,0.936046511627907,0.8068577183665996,0.938762741866569,0.9427607886223524,0.9316364524201917,0.9441036440212416,0.9427760483427944,0.9416010498687665,0.9367789782091193,0.9411279985350669,0.9376945614356346,0.9353903436489044,0.8080937557223953,0.9377861197582861,0.9433635475798082,0.9317280107428432,0.9441036440212416,0.9427607886223525,0.9419520234389307,0.9368705365317708,0.941509491546115,0.9378929378013794,0.9354971616919978,0.8091466764328877,0.9378166391991698,0.9423487761704206,0.9318348287859367
62,0.9578850995651179,0.9621118486305027,0.9513084611276418,0.9521782253757534,0.9475700007629512,0.9570305943389028,0.9541161211566339,0.8081025406271458,0.9571984435797666,0.9568169680323492,0.9543144884412909,0.9622491798275731,0.9685969329365987,0.9551079575799191,0.9580376897840849,0.9512169069962615,0.9602197299153123,0.9567559319447624,0.8155794613565271,0.9603418020904859,0.9573052567330433,0.9575494010833905,0.9622491798275731,0.9682383459220263,0.9543297474631875,0.957976653696498,0.9506218051422903,0.9595178149080644,0.956572823682002,0.8155031662470436,0.9596398870832379,0.9572976272220951,0.9583886472877088,0.9626153963530938,0.969657434958419,0.9540856031128404,0.9578850995651179,0.9499046311131456,0.9597924773022048,0.9564660105287252,0.8153963530937667,0.9597619592584116,0.9590295262073701,0.9593194476234073
63,0.9461138156790331,0.9450760755108581,0.941917072351855,0.9494559494559495,0.940284157675462,0.9399331573244617,0.9375066766371114,0.8300700474613519,0.9398568529003313,0.9398110702458529,0.952065560761213,0.9437789003006394,0.9438475742823569,0.942237550933203,0.9515772124467776,0.9404672882933752,0.9431379431379431,0.9403146794451143,0.8327101805362674,0.9430158560593344,0.9479298609733393,0.9519434736826041,0.9440688571123353,0.9403833534268318,0.9423138553573337,0.9520197781067347,0.9408640712988539,0.9430921604834648,0.9405435927175058,0.8331069635417462,0.9428785080958995,0.9436110305675522,0.9529354311963008,0.9439315091489004,0.9416042242129198,0.9420086376608116,0.9520960825308651,0.9406504189112884,0.9429700734048561,0.9407114624505929,0.832923832923833,0.9427258992476384,0.9459459459459459,0.9527370396935615
64,0.9453560703560704,0.9467350003064288,0.9244652816081387,0.9502206287920574,0.925292639578354,0.9303333946191089,0.9303027517313232,0.8332873690016546,0.930088251516823,0.9364772936201508,0.9545719188576332,0.9419164062021206,0.9418244775387633,0.9313599313599314,0.9506649506649507,0.9309615738187167,0.9344855059140774,0.9354047925476496,0.8375620518477662,0.9341331127045414,0.9421462278605135,0.9517834160691304,0.9384077955506528,0.9408439051296195,0.9311913954771098,0.9500367714653428,0.9309156094870381,0.9344395415823987,0.9352056137770424,0.8373628730771588,0.9341943984801128,0.9429889072746216,0.9505730220015934,0.9384077955506528,0.9408439051296195,0.9311913954771098,0.9500367714653428,0.9309156094870381,0.9344395415823987,0.9352056137770424,0.8373628730771588,0.9341943984801128,0.9429889072746216,0.9505730220015934
65,0.926524446072148,0.9270585362876154,0.9204052981749374,0.9251205517914911,0.9192302997009095,0.9206341939815663,0.9163462125373864,0.7983122749191235,0.9204205578953794,0.9246169810169077,0.9336812549594092,0.9357718366599524,0.9363288164560826,0.9294848318378808,0.9338338521638283,0.92574620032961,0.9285845083318075,0.9232283464566929,0.8092229750350974,0.9287218458157848,0.9361609595312214,0.9369010559726545,0.9356955380577429,0.9365882317035952,0.9295458707196483,0.9336659952389672,0.9255173045229811,0.9287676249771105,0.9227095159616676,0.8099859610571934,0.9289507416224135,0.9347799548312274,0.9368552768113287,0.9355582005737656,0.9366187511444789,0.9292864554721357,0.9334370994323383,0.925166330952817,0.9288897027406459,0.922801074284319,0.8091008972715621,0.9289812610632974,0.9358023561008363,0.9364127449185131
66,0.9680511669795913,0.9653035368106119,0.9586176367327625,0.9682496069362397,0.9583123444917648,0.9592205889087329,0.9605562424630979,0.8759292332585368,0.9591900596846331,0.9637847079116485,0.9661888843095053,0.9671963487047976,0.9646929523286166,0.959457190395506,0.9676542870662941,0.9578849353543679,0.9610599746607439,0.9613500022896919,0.8840500068690754,0.9609836516004946,0.9580757430049915,0.9637618109935737,0.9673489948252966,0.9641739555189205,0.959457190395506,0.967684816290394,0.9575491138892706,0.9610447100486942,0.9612736792294424,0.883714185403978,0.9609836516004947,0.9587244890171116,0.9636702233212743,0.9670742318083987,0.9647540107768161,0.9582207568194654,0.967684816290394,0.9564195325975791,0.9604722870968234,0.9609989162125445,0.8832104532063318,0.9604722870968235,0.9602433179160752,0.9639297217261223
67,0.9441041464007783,0.9599343385214009,0.9398711089494164,0.941330252918288,0.938867947470817,0.9418774319066148,0.9376671935797665,0.7994285019455252,0.9417102383268483,0.9425310068093385,0.9201422665369651,0.945464494163424,0.9520078428988328,0.9406462791828792,0.9425918044747081,0.938457563229572,0.9435493677042801,0.9381991731517509,0.8076969844357976,0.9435949659533074,0.9411630593385214,0.9223917801556422,0.9450237110894941,0.9538849708171206,0.9378039883268483,0.9396583171206224,0.9366336332684825,0.9414214494163424,0.9346273103112841,0.8055538667315174,0.9415734435797666,0.9492795476653697,0.9194430933852139,0.9452365029182879,0.9542649562256809,0.9351288910505836,0.9365424367704281,0.9350528939688716,0.9389591439688716,0.9316178258754865,0.8049610894941635,0.9389287451361867,0.94228781614786,0.9171783803501946
68,0.9454136141636142,0.94757326007326,0.9271978021978021,0.9468101343101344,0.9263431013431013,0.9289835164835165,0.9282203907203906,0.7536019536019536,0.928968253968254,0.9309142246642246,0.937851037851038,0.9455891330891331,0.9508775946275947,0.9338980463980464,0.9487484737484737,0.9336233211233211,0.9350732600732601,0.9335470085470086,0.7529456654456655,0.9348748473748474,0.9375152625152624,0.9393925518925519,0.9466651404151405,0.9511523199023199,0.933882783882784,0.9491758241758242,0.9339896214896215,0.9346764346764347,0.9330280830280832,0.7537393162393163,0.9346611721611723,0.9453754578754578,0.9390567765567766,0.9462530525030526,0.9509233821733822,0.9330891330891331,0.9483211233211234,0.9336080586080585,0.9336691086691087,0.9321275946275946,0.7521672771672772,0.9335164835164835,0.9398580586080586,0.938034188034188
69,0.9414103033632424,0.9438289690532871,0.9290270402246231,0.9359702130256975,0.9317432704632851,0.9332082036257097,0.9305224928279314,0.7985106512848685,0.9332082036257096,0.9256241225660747,0.9396783250930842,0.935443752670451,0.9339864493682475,0.9289812610632973,0.9342763840566441,0.9314228163340048,0.934505279863273,0.9328114508942197,0.8033785021058415,0.9344442409815054,0.9333608008301287,0.933513398034548,0.9365958615638161,0.9347799548312276,0.9299731428920222,0.9328724897759874,0.9320942440334492,0.935848135262162,0.9337575535616188,0.8043398644936824,0.9355887200146494,0.939144234877617,0.9350393700787402,0.9366721601660258,0.9349020325947629,0.9300952206555575,0.9330861258621743,0.9319111273881464,0.9360312519074651,0.93392541048648,0.8044924616981017,0.9359244338643716,0.9341390465726669,0.9357413172190686
70,0.9587193065453935,0.9636943549987028,0.9531490835838662,0.9612373525417004,0.949700123613167,0.9542631281761716,0.9558197384284342,0.8049964136920658,0.9537900407465625,0.9483113830939918,0.9636027896897463,0.9608863521907,0.9586887847757414,0.9539731713644758,0.961191569887222,0.9528896485418223,0.9561707387794344,0.957742609916523,0.812336899293421,0.9559876081615211,0.9523402566880828,0.9616951790864834,0.9605963953790041,0.9617104399713096,0.9537900407465625,0.9618325270499184,0.9528743876569964,0.9565827826697392,0.9582614800006104,0.8118027683245074,0.9561554778946082,0.9473499473499473,0.9612983960810048,0.9601996123735255,0.9601233079493949,0.9526912570390832,0.961924092358875,0.9515466906771254,0.9554839989622599,0.9576968272620446,0.8129931173409434,0.955224563920216,0.950722602896516,0.9612983960810048
71,0.9404432554038853,0.9369470708053385,0.9412184963366066,0.9395920104581522,0.943012191043687,0.9339829142978749,0.9288906454260784,0.8187304289666495,0.9339221110874654,0.9418113276380995,0.943209801477518,0.9415453135925576,0.9404356550025841,0.9434682151217584,0.9418265284407016,0.941598516401666,0.9379503237770953,0.9353357857294864,0.8258292037819597,0.9379503237770954,0.9449122913689842,0.9468275924968839,0.9417125224211839,0.9405572614234031,0.9440610464232511,0.9416745204146778,0.9419177332563158,0.9385279542759857,0.9352293801112698,0.8253883805064908,0.9384823518681785,0.946432371629222,0.946386769221415,0.9413629039613292,0.9405572614234031,0.9433922111087465,0.9414921107834494,0.941841729243304,0.9380719301979143,0.9353357857294864,0.8261636214392121,0.9380111269875049,0.9443498616726963,0.9465843796552458
72,0.9461661707484551,0.9504081788357366,0.9262226291294728,0.9453421835660334,0.9238879987792782,0.9276874952315556,0.9244678416113528,0.781048294804303,0.9277027542534524,0.9292896925307088,0.9433279926756695,0.9499809262226292,0.9551689936675059,0.9329823758297092,0.9500114442664225,0.9327687495231556,0.933150225070573,0.9296864271000228,0.79662775616083,0.9330739299610895,0.9374685282673381,0.9476768139162279,0.9505149919890135,0.9559700923170824,0.9331654840924697,0.9500572213321126,0.9327840085450523,0.933653772793164,0.929533836881056,0.7957427328908216,0.9336842908369574,0.9348134584573129,0.9468833447775997,0.9506065461203936,0.9557259479667353,0.9331197070267795,0.9501792935072862,0.932890821698329,0.933852140077821,0.9294422827496758,0.7960936903944458,0.9337148088807508,0.9388418402380406,0.9476920729381246
73,0.9298663248489288,0.9349172923152048,0.9001098699871819,0.9336354757980834,0.9020936336446316,0.9063205762070439,0.9063510956479277,0.7823658670573156,0.9060611609595312,0.90629005676616,0.9343984618201794,0.9316440822804125,0.9361304400903375,0.9070988219495818,0.9358023561008363,0.9090062870048222,0.9115394005981811,0.9101965451992919,0.7835713849722274,0.9112799853506683,0.9180247817859979,0.9277910028688274,0.931956906549472,0.9361075505096746,0.9074650552401881,0.9363211865958616,0.9080907037783068,0.9125312824269061,0.9107458951352012,0.7848989806506743,0.9123023866202771,0.9194744552279802,0.9275468473417566,0.932155282915217,0.9355276811328816,0.9073887566379784,0.9366569004455839,0.9079686260147715,0.9125465421473479,0.910944271500946,0.7851126167368613,0.9124702435451383,0.9249221754257463,0.9274095098577793
74,0.94868390936141,0.9479362172884718,0.9415732051575494,0.9469138628213931,0.9383382925154498,0.9474326695658808,0.9422598611429007,0.7459372854200046,0.9478294041351949,0.952452887769894,0.943450064850843,0.9527275501640344,0.9517204547188525,0.9513847562371252,0.9497367818722819,0.9472953383688105,0.9546196688792248,0.9479819943541619,0.7538872358281834,0.9548638132295719,0.9539482719157701,0.9461356527046617,0.9528953994048981,0.9527275501640344,0.9519645990691996,0.9497367818722819,0.9477683680476081,0.9548180361638818,0.9479514763103685,0.7551995117112994,0.9551079575799192,0.9591668574044404,0.9464866102082856,0.9528343633173113,0.952323186083772,0.9519645990691996,0.9498893720912489,0.9482719157701991,0.954818036163882,0.9478904402227818,0.7541771572442206,0.9551384756237125,0.9585564965285724,0.9461509117265583
75,0.9597732843137255,0.95390625,0.9521599264705883,0.9582414215686273,0.952374387254902,0.9534160539215687,0.9525888480392157,0.8123621323529413,0.953170955882353,0.9597732843137254,0.9607689950980393,0.9632429534313726,0.9583180147058823,0.954718137254902,0.9593290441176471,0.9541360294117646,0.9562959558823528,0.9548713235294116,0.8152573529411764,0.9561580882352942,0.9665058210784313,0.9617647058823529,0.9625076593137256,0.9577971813725491,0.9546109068627451,0.9587622549019609,0.9537990196078431,0.9561580882352941,0.9544424019607843,0.8154258578431373,0.9559895833333334,0.9642693014705883,0.9612438725490196,0.9625,0.957889093137255,0.9550091911764707,0.9587469362745098,0.9545189950980393,0.9562806372549019,0.954626225490196,0.8154105392156863,0.9562499999999999,0.9640548406862745,0.9613664215686274
76,0.9346827250385432,0.9325609439636091,0.9398268992993544,0.9268519790569523,0.9397047824029552,0.9354306910289875,0.9319656240936637,0.8014989849032986,0.9355833371494864,0.9270504190136009,0.9395368716704064,0.9428950863213811,0.9368426676436019,0.9490009311413351,0.9396895177909054,0.9505273923463236,0.9428645570972815,0.9377814412846698,0.8081696203690982,0.9432767016226283,0.9447268397673674,0.9442689014058707,0.939872693135504,0.9356749248217856,0.9460853902398071,0.9393842255499075,0.9471920746134237,0.9400863977042024,0.934560608142144,0.8049487872265726,0.9404985422295492,0.9407122467982477,0.9433988185190274,0.9391094625330096,0.9351406634000398,0.9449405443360658,0.9382699088702662,0.9456808780204852,0.9389873456366106,0.9335531437468516,0.8027201538672896,0.9394147547740074,0.9390636686968601,0.942528735632184
77,0.9586693548387096,0.9532701001955034,0.9512921554252199,0.9529264418377322,0.9464198435972629,0.9457325268817205,0.9373625366568915,0.742378421309873,0.9460685483870968,0.9522085777126099,0.9585624389051808,0.9564470307917888,0.958180596285435,0.9522391251221896,0.9534610215053764,0.9449382942326491,0.9489705522971652,0.9429832600195501,0.74448619257087,0.9490927419354838,0.9482985092864125,0.9575849217986315,0.9555153347996089,0.955706256109482,0.9510477761485826,0.9526973362658847,0.9438844086021505,0.9481152248289345,0.9423112170087976,0.7414619990224829,0.9483596041055719,0.9530333577712611,0.9577071114369502,0.9545378176930597,0.9554695136852396,0.9503146383186706,0.9524529569892474,0.9444342619745846,0.9483290566959922,0.9414406158357773,0.739705522971652,0.9484970674486805,0.9499480694037145,0.9573405425219942
78,0.9444010416666666,0.9461856617647058,0.9301776960784314,0.9434129901960784,0.9294117647058824,0.9260723039215686,0.9199908088235293,0.8020680147058823,0.9261948529411765,0.9392616421568627,0.9489889705882353,0.9502450980392156,0.9442325367647058,0.9357536764705883,0.9471813725490196,0.9350030637254902,0.9339001225490196,0.9284466911764706,0.8083026960784313,0.9340686274509804,0.9426317401960785,0.9508272058823529,0.950030637254902,0.9435661764705883,0.9367953431372549,0.9475183823529412,0.9358762254901961,0.934359681372549,0.9291207107843138,0.8083946078431372,0.9345588235294118,0.9394148284313725,0.9517463235294117,0.9497702205882351,0.9427389705882353,0.9355545343137255,0.9472732843137255,0.9346813725490195,0.933609068627451,0.9287071078431373,0.8079044117647057,0.933624387254902,0.9396982230392156,0.9515012254901961
79,0.9618401299059406,0.9584239713226509,0.9461840129905941,0.9576886546769203,0.9489874077024418,0.9459848647323753,0.9426759398265879,0.835335028646711,0.945923588345231,0.9412359447286989,0.9629431048745365,0.9595192867428537,0.962215447777199,0.9506571892521217,0.9589295015165906,0.9522963326082295,0.9522810135114433,0.9494776187995957,0.8374643830999724,0.952173779833941,0.9531159042862833,0.9609209840987776,0.9554444069977635,0.9575048255154877,0.9497074052513863,0.9570299335151199,0.9508256993167684,0.9514384631882105,0.9490640031863722,0.8356567296792181,0.9514997395753547,0.9469652869266829,0.9597567327430374,0.9553295137718681,0.9578571647415669,0.949324427831735,0.9566929133858268,0.950718465639266,0.9514231440914244,0.9488188976377954,0.834477159226692,0.951269953123564,0.9471184778945434,0.9591746070651674
80,0.9490662268847252,0.9556782262128362,0.9446302319544337,0.9435765877197002,0.9421717287400553,0.9538534365599279,0.9501275062226091,0.8220257455678226,0.9536549238780216,0.9480965687846443,0.9401407913020905,0.9602058423809305,0.9581901751492662,0.9452257700001527,0.9469818437247087,0.9429657794676807,0.9525249286117856,0.950341289110816,0.8284086918014263,0.9523264159298793,0.9549987020324644,0.9403240337776962,0.9612289462030631,0.9598546276360194,0.9454395528883595,0.945607525157665,0.943042130499183,0.9529219539755982,0.9504634507612199,0.8285613938644312,0.9527845221188939,0.9512727716951457,0.9402629529524943,0.9612289462030631,0.9598546276360194,0.9454395528883595,0.945607525157665,0.943042130499183,0.9529219539755982,0.9504634507612199,0.8285613938644312,0.9527845221188939,0.9512727716951457,0.9402629529524943
81,0.9500724803540093,0.9389868009460592,0.9289997711146716,0.9525444419012741,0.9260395208667125,0.9230792706187533,0.9218127718013275,0.7713588158999009,0.9231403067063402,0.9383230334935531,0.9567406729228657,0.9556115053025102,0.948271915770199,0.9423056382085908,0.957427328908217,0.9401083390554665,0.9372091248950942,0.9309834439612421,0.7698329137102311,0.9374837872892348,0.948882276646067,0.9575799191271839,0.9555962462806133,0.9524834058136874,0.941039139391165,0.9573968108644236,0.939482719157702,0.9356679636835279,0.9298084992751964,0.7678644998855574,0.9359273670557717,0.9481498435950255,0.9576256961928741,0.9558251316090639,0.9527046616311894,0.9410086213473716,0.9574883649958037,0.9388876173037308,0.9356374456397345,0.9301747158007172,0.7682612344548716,0.9358815899900816,0.9431448844129091,0.9583886472877089
82,0.9365297430965793,0.9388804933522613,0.9231579429408802,0.9380714689136176,0.9238753797072249,0.9331104699974051,0.9323319747828609,0.7366091190792385,0.9329883531010058,0.9309581596983711,0.9255239578086123,0.9384836134389646,0.9406664529620979,0.9295080215536321,0.9386209949474135,0.9312939811634686,0.9373540321472729,0.9345758727541941,0.7430965792004396,0.9375066782677719,0.938666788783563,0.9215704232876922,0.9389568164125108,0.942528735632184,0.9298743722428294,0.9393079024896582,0.9308055135778726,0.9374456198195723,0.9350490757277404,0.7428523454076414,0.9376440597762208,0.9421929141670864,0.9221657431576377,0.9388804933522614,0.9424066187357848,0.9296606676741311,0.9388957579643112,0.9311718642670698,0.9375372074918716,0.9348506357710918,0.7416769702798004,0.9379646166292683,0.9386820533956128,0.9217230694081912
83,0.9421547526369617,0.9288592755415122,0.9285921448306391,0.9441925783456214,0.9251881363435148,0.9264093053075055,0.9228984445360322,0.7991787638717163,0.9267756559967029,0.9264703637557052,0.944513135198669,0.9444673413625192,0.9314313626719177,0.9335684083589016,0.945963273343408,0.9302559875440766,0.9322709163346613,0.9287295263390881,0.8099403153668849,0.9325304147395094,0.930324678298301,0.9489246080810856,0.9444597090564942,0.932835706980507,0.9342705805131962,0.9467875623941018,0.93112607043092,0.9327746485323075,0.9292790523728841,0.810993573598327,0.932973088488956,0.9317442872189403,0.9499015432522784,0.9442154752636961,0.932728854696158,0.9338737005998993,0.9464670055410541,0.9310039535345209,0.9327593839202577,0.928882172459587,0.8101540199355834,0.9329425592648561,0.93310283769138,0.9490925188136342
84,0.9470539571651807,0.9388347580966387,0.9318258418359531,0.9508839660508013,0.9288384349051689,0.9291295155804761,0.9270459907466986,0.7781046052026841,0.9289303551184239,0.9352728498330116,0.9414927842632596,0.9485859607194288,0.9430094677819651,0.9383674970125931,0.9518338082544352,0.9372950945246193,0.9363605723565279,0.9331740049636915,0.7794221282593377,0.9364524925697827,0.9398612004779852,0.9397463002114165,0.9488310812881086,0.9438520697368017,0.9390262585409198,0.9516959279345529,0.9377853356619786,0.9369886938137696,0.9333578453902014,0.7801115298587493,0.9370806140270245,0.9366056929252076,0.9399761007445536,0.9488770413947362,0.9433311885283574,0.9394552195361093,0.9516499678279254,0.9377087354842664,0.9368048533872599,0.9333425253546589,0.7816435334129975,0.9369580537426848,0.937532555075528,0.9398841805312989
85,0.9394142872403741,0.9450913363956842,0.9172707433576999,0.9369267630137196,0.9137760007325224,0.9229783142826621,0.9242144459535765,0.8212492560318648,0.9224289224289224,0.922077922077922,0.9284417110504067,0.9328902589772156,0.9297312558182125,0.9187510491858318,0.9279075800814931,0.915042654173089,0.920277137668442,0.9176064828238742,0.8234163016771713,0.920139789705007,0.920719703328399,0.9254353167396646,0.9326918674744761,0.9335312161399119,0.9173165260121781,0.9268087963740137,0.9139438704656095,0.9190257451127016,0.9160803943412639,0.8232179101744319,0.9191325713064844,0.9215590519938345,0.9247180551528377,0.9330276069406502,0.9334778030430204,0.9175759610542219,0.9274802753063622,0.9145543058586536,0.9173470477818304,0.9154546980633937,0.8227143009751706,0.9171791780487432,0.9254810993941429,0.9248859248859249
86,0.9590550460115678,0.9516458864284952,0.9419781158911594,0.9603369603369605,0.9387885909625041,0.9433210737558563,0.9379645031818945,0.7416942634333938,0.9429853342896821,0.936697849741328,0.9486318616753399,0.967158575854228,0.9620003967830055,0.9506462984723855,0.965800357104705,0.9475483388526867,0.9519892563370824,0.9479451218581654,0.7519648389213606,0.9517145604102126,0.9560639125856517,0.950585254933081,0.9669907061211409,0.9625497886367452,0.95133303828956,0.9661055748012269,0.9479756436278174,0.9526912570390832,0.9484792528270789,0.7494467929250539,0.9524776046515178,0.9465258595693379,0.951348299174386,0.9674485326659239,0.9639537900407467,0.9515924733316039,0.9661055748012269,0.9491812535290796,0.953728997207258,0.9493338623773406,0.7471423993163123,0.9533779968562577,0.9541410410975628,0.9515924733316038
87,0.9347368260411738,0.932363758450715,0.919681963160224,0.936667327971676,0.9149816106337847,0.9206281380194424,0.9168281776977429,0.7764127764127765,0.9204602682863553,0.9274192317670579,0.9347597173684131,0.9416423764249852,0.9394295481252003,0.9268087963740137,0.9426343339386819,0.9226730965861402,0.9271903184946663,0.9212843560669647,0.7733453385627299,0.9273734491125797,0.9311276267798007,0.9359958490393272,0.9413066369588109,0.9394448090100264,0.925511621163795,0.9430616387138127,0.921177529873182,0.9264272742533611,0.921894791460009,0.775298731820471,0.9264883177926655,0.9287164069772766,0.9354922398400659,0.9408488104140278,0.9398415920155051,0.9251148381583165,0.9429242907503778,0.9214217040303997,0.9256794908968822,0.9212996169517909,0.7720329024676851,0.9259999694782303,0.9296320600668426,0.9355990660338487
88,0.9595178149080642,0.9571297779812313,0.9356679636835279,0.9635156786449989,0.935912108033875,0.9374837872892348,0.9330281528953993,0.7811398489356831,0.9375448233768215,0.9405508506904707,0.953047989623865,0.966018158236057,0.963607232776379,0.9435873960479132,0.9673304341191729,0.9429922941939421,0.9448538948653391,0.9366292820630197,0.7896543831540399,0.9450522621499962,0.9496452277409018,0.9499198901350423,0.9664301518272679,0.9650492103456167,0.9442282749675744,0.9679713130388342,0.9431906614785991,0.9451438162813763,0.9368429083695734,0.7883573662928207,0.9450522621499963,0.9509575036240178,0.9500724803540093,0.9662470435645075,0.9652018005645838,0.943450064850843,0.9680170901045243,0.9419089036392767,0.9444724193179218,0.9363851377126726,0.7889219501029985,0.9444113832303349,0.9518425268940262,0.9499504081788358
89,0.91747557997558,0.9277472527472527,0.9187118437118437,0.9136752136752136,0.9225885225885225,0.914957264957265,0.9092948717948718,0.741559829059829,0.9150335775335775,0.9187271062271062,0.9203907203907203,0.9232371794871794,0.9306318681318682,0.9185592185592185,0.9210317460317461,0.9233516483516483,0.9189560439560439,0.9119505494505494,0.7418956043956044,0.918894993894994,0.92245115995116,0.925,0.9234737484737484,0.9291361416361417,0.9186813186813186,0.9211996336996336,0.9236721611721612,0.918574481074481,0.9117521367521367,0.7412851037851038,0.9185897435897435,0.9217643467643467,0.9253205128205129,0.9238247863247864,0.928113553113553,0.9183760683760683,0.9211538461538461,0.9239163614163614,0.918040293040293,0.9116758241758242,0.7420940170940171,0.9183302808302808,0.9190934065934065,0.9257478632478633
90,0.933154794604163,0.9323383995605201,0.9305530122688153,0.9311328816456084,0.935268265885369,0.9309497650003052,0.9351004089605077,0.7588506378563145,0.9303698956235121,0.9285845083318074,0.9341085271317829,0.934703656229018,0.9364661539400598,0.9345968381859244,0.9409143624488799,0.9357260574986266,0.9345663187450406,0.9357413172190686,0.7635048525911006,0.9341543062931087,0.934657877067692,0.939373130684246,0.9336507355185252,0.9381142037477873,0.9341543062931087,0.941677348470976,0.935665018616859,0.9340627479704572,0.9343679423792957,0.7635811511933102,0.9335896966367577,0.9365958615638161,0.9392205334798267,0.9330327168406274,0.9398309222975035,0.9345663187450405,0.9421503998046756,0.9354361228102301,0.934306903497528,0.9342000854544344,0.7628792040529818,0.9340780076908991,0.9320789843130074,0.939357870963804
91,0.9379117007261252,0.9395661631790191,0.9403933944054659,0.9367474493703851,0.9375593615000459,0.9387542510493581,0.9312785318177641,0.8184074266981218,0.9388614847268605,0.9362419191764454,0.934403627562119,0.9401023315665309,0.941588283954778,0.9441159349244769,0.9403474371151078,0.9426606207298017,0.939857226017954,0.9340206501424676,0.8226661356046447,0.9399644596954564,0.9385091455007813,0.9368393639511016,0.9397499923404516,0.9419406231808573,0.9438248720855419,0.9407457336315451,0.9422470051165783,0.9397346732436657,0.9339287355617512,0.8236006005085938,0.9396887159533074,0.9372682986611109,0.9370997885964644,0.9394436104047306,0.942430834278011,0.9430589172462391,0.9402402034376053,0.9415116884708479,0.9389993565979349,0.9332087380128069,0.8220993290235608,0.9391525475657956,0.9442538067955513,0.9361653236925152
92,0.918162119269975,0.913294268449002,0.9064884331319051,0.899880974180553,0.9072514191540012,0.9034975279252885,0.8987822743087347,0.7321003479216261,0.9034670084844045,0.8953488372093023,0.905908563755112,0.9089452481230544,0.9159342000854546,0.9137368003418178,0.9049777208081549,0.9144234877617042,0.9130501129219312,0.905694927668925,0.7415003357138497,0.9133858267716536,0.9119361533296708,0.9076786913263749,0.9073887566379785,0.9160562778489899,0.9126075810291154,0.9068088872611854,0.9141182933528658,0.9126228407495575,0.9064426539705793,0.7436824757370446,0.9129890740401635,0.9058017457120185,0.9094793383385217,0.9073811267777574,0.917780626258927,0.9131416712445828,0.906885185863395,0.9148049807727522,0.9130806323628152,0.9063205762070439,0.7432094244033449,0.9134163462125374,0.9118598547274614,0.9078312885307941
93,0.9511841543062932,0.9495055850576818,0.9328572300555454,0.9469114325825551,0.9347494353903436,0.9366569004455838,0.9324909967649393,0.7739425013733748,0.9363517060367453,0.9484221449063054,0.9469419520234389,0.952168406274797,0.9483153268632118,0.9343832020997376,0.9527864249526949,0.9346426173472503,0.9373893670267961,0.9328267106146616,0.7860281999633767,0.9370536531770738,0.9428981261063298,0.9503906488433133,0.954907526094122,0.9506576939510468,0.9366263810047001,0.9539003845449552,0.9359549533052555,0.938594884941708,0.9330708661417323,0.788485014954526,0.938594884941708,0.9466672770554845,0.9510315571018739,0.9545870719648416,0.9487273393151436,0.9353598242080207,0.953747787340536,0.9343832020997376,0.9376182628334249,0.9321095037538913,0.7872794970396142,0.9375419642312152,0.9449810779466521,0.950650064090826
94,0.9419795482295482,0.9417124542124542,0.9372557997557998,0.9426587301587303,0.9319139194139195,0.937973137973138,0.9399420024420024,0.8031898656898657,0.9378510378510378,0.9197039072039073,0.9455128205128206,0.936050061050061,0.9393849206349206,0.9343253968253968,0.9444139194139195,0.9313797313797314,0.9383547008547009,0.9386752136752137,0.8087912087912088,0.9377899877899877,0.9373168498168498,0.9490537240537241,0.936462148962149,0.9381333943833944,0.9353021978021978,0.9441849816849817,0.9307387057387058,0.9382631257631259,0.9389194139194139,0.8087148962148962,0.9380189255189254,0.9271672771672772,0.9480006105006105,0.9363858363858364,0.9374313186813187,0.9351037851037852,0.9436813186813187,0.9308150183150183,0.9381715506715507,0.938385225885226,0.808089133089133,0.9377899877899878,0.9306471306471306,0.948550061050061
95,0.9552681773098345,0.9533989471274891,0.95210193026627,0.9541313801785305,0.949080643930724,0.9483939879453727,0.9479056992446784,0.7671015487907225,0.9484550240329594,0.9581445029373618,0.9527122911421377,0.9588693064774548,0.9585412375066759,0.9571831845578698,0.9575494010833905,0.9553215838864728,0.9556267643244069,0.9536888685435263,0.7706721599145495,0.95556572823682,0.9611657892729075,0.9538414587624934,0.9594033722438392,0.959708552681773,0.9568474860761425,0.9581292439154651,0.9549553673609521,0.9554741741054398,0.9538109407186999,0.7725947966735334,0.9554283970397497,0.9647364003967346,0.9545891508354314,0.9591439688715954,0.960143434805829,0.9564812695506218,0.9579766536964981,0.9548332951857786,0.9550316624704356,0.9530785076676586,0.7730830853742274,0.9549553673609521,0.9642175936522468,0.9546044098573282
96,0.9384298466468298,0.9371480888075076,0.936568245975433,0.9364309147783626,0.9395742732890822,0.9355306324864576,0.9335011825741969,0.8293278400854506,0.9358663309681848,0.9365072098878462,0.9443350881208515,0.935362783245594,0.934378576333257,0.9357900358587015,0.9390402075226978,0.9393453879606317,0.9361715114061189,0.9351644159609369,0.8302281223773555,0.9360341802090486,0.9351949340047303,0.9439688715953308,0.9353475242236973,0.9333180743114367,0.9356374456397344,0.9383688105592433,0.9400778210116731,0.9360036621652552,0.9349355306324865,0.8305790798809797,0.9360341802090485,0.9382009613183794,0.9426413366903181,0.9348439765011063,0.9338673990997177,0.9361257343404288,0.9382009613183796,0.9399710078583963,0.9359884031433585,0.9349813076981766,0.8292973220416571,0.936064698252842,0.9436179140917067,0.9419699397268635
97,0.9326928969786112,0.9239749954035669,0.9206195991910276,0.9330606116320402,0.9205736348593492,0.9165594165594165,0.9097720169148741,0.7540448611877184,0.9165747380033094,0.9228412085554942,0.9323711466568609,0.9329840044125759,0.9233851198136913,0.9246031746031745,0.9317889317889317,0.9245878531592817,0.9223662437948152,0.9165287736716308,0.7622571551142979,0.9224275295703868,0.9290617147760005,0.9307930379358951,0.9328920757492185,0.919393883679598,0.9236532450818165,0.9313599313599314,0.9242048170619599,0.9218606361463506,0.916620702334988,0.7613378684807257,0.9220751363608506,0.9232702089844946,0.9302874302874303,0.9340258625972911,0.9224122081264937,0.9251853894711037,0.932263896549611,0.9259361402218544,0.9233774590917448,0.9174633817490961,0.76152172580744,0.9233008518722804,0.9326928969786112,0.9314518600232886
98,0.9548167483323411,0.9543893391949443,0.9338889652119491,0.9531986994550533,0.9332173222817544,0.9338889652119491,0.9279662957365938,0.802277480117843,0.9340110821083483,0.9326067377997589,0.94834455282319,0.951916472042863,0.959731953412404,0.940529071453649,0.9507410969150218,0.9395368716704066,0.9389568164125108,0.9337057898673506,0.8152829295843447,0.9392773732655584,0.9421776495550365,0.9504052754499244,0.9520233243272122,0.9603120086702998,0.9408954221428463,0.950863213811421,0.9397047824029551,0.9393842255499077,0.9342095220649966,0.816427775488086,0.9395521362824564,0.9458869502831586,0.9508937430355205,0.9518248843705638,0.959854070308803,0.9404680130054494,0.9506800384668223,0.9393689609378577,0.9388957579643112,0.9334310268504526,0.8152524003602448,0.9389110225763612,0.9475355283845461,0.95098533070782
99,0.91815185546875,0.92431640625,0.9068756103515625,0.9286651611328125,0.903289794921875,0.909332275390625,0.909942626953125,0.796112060546875,0.9095458984375,0.9198760986328125,0.9276123046875,0.9242095947265625,0.927581787109375,0.917144775390625,0.9317626953125,0.9114227294921875,0.9169464111328125,0.9156646728515625,0.797882080078125,0.917022705078125,0.9318389892578125,0.926177978515625,0.9238433837890625,0.9277801513671875,0.9167633056640625,0.9312286376953125,0.9113922119140625,0.91748046875,0.915557861328125,0.797943115234375,0.9176025390625,0.9291229248046875,0.926483154296875,0.9236907958984375,0.927703857421875,0.9162139892578125,0.93115234375,0.910919189453125,0.9173583984375,0.915283203125,0.798736572265625,0.917633056640625,0.93182373046875,0.9272918701171875
100,0.9453355105529018,0.9412532238619195,0.928029667160102,0.9465716422238162,0.9254200558548384,0.9282433195476673,0.9279533627359714,0.7554748424313643,0.9279838845056236,0.9216353564179651,0.9280296671601019,0.9474720344285561,0.9443893356936836,0.934317151708456,0.9464495551452072,0.9357211531124573,0.9331268026920202,0.9339661513574558,0.7718192500801198,0.9325926717231064,0.9260610130175349,0.9243060112625331,0.9478306652219697,0.9458543806369892,0.9354922398400659,0.9471362949623819,0.9371098936316328,0.9339203687029775,0.9350801959497611,0.7716361194622063,0.9337982816243686,0.9266104048712744,0.923405619057793,0.9482350786698612,0.9456941413463154,0.9352022830283699,0.9468768599203381,0.9373845895585027,0.933706716315412,0.9343934561325865,0.7715445541532497,0.9334778030430204,0.9233598364033146,0.9227646618950968
101,0.9594213072473942,0.9557586948891297,0.9612373525417004,0.950127428388298,0.9613747005051353,0.9576357837227403,0.9540036931341279,0.8251102598928686,0.9576205228379143,0.955056694187129,0.951622995101256,0.9577807621285882,0.958490393273002,0.9616188746623529,0.9556823904649991,0.9612678743113526,0.9587956109695239,0.9547972591450852,0.8311077876295269,0.9587803500846979,0.9534695621652144,0.9504936896241245,0.9600393730828514,0.9600470035252644,0.9618172661650921,0.9560639125856517,0.961313656965831,0.9588108718543502,0.9547209547209546,0.8311688311688313,0.9588261327391763,0.953118561814214,0.9508294290902987,0.9600393730828514,0.9600470035252644,0.9618172661650921,0.9560639125856517,0.961313656965831,0.9588108718543502,0.9547209547209546,0.8311688311688313,0.9588261327391763,0.953118561814214,0.9508294290902987
102,0.9375746805968319,0.9393287171788353,0.9313857654952663,0.9372836177578969,0.9302827905266706,0.933867459174607,0.9312478936241919,0.8129844664358592,0.9340819265296119,0.9352155396917797,0.9417874322129968,0.9457933760225496,0.9521584607371549,0.9404853089861822,0.9475320935077668,0.938738931952572,0.9427678544073042,0.9397959496308098,0.817564876374889,0.9428444498912344,0.9445448696344863,0.9476393271852691,0.9460078433775545,0.9506035724133706,0.9403167989215356,0.9475320935077668,0.9384785073072093,0.9427831735040901,0.9399644596954564,0.8172125371488097,0.9429516835687368,0.9434572137626764,0.94728698795919,0.9460844388614846,0.9497763411869237,0.940163607953675,0.9475320935077668,0.9383712736297067,0.9428750880848067,0.9402861607279634,0.8168908361163026,0.9426606207298018,0.942492110665155,0.9474554980238364
103,0.9431825092744632,0.9423310831356808,0.9303807091163412,0.936127835553123,0.9286778568387765,0.9298333637414097,0.9248464392142552,0.7678495408380467,0.9299854041233351,0.9308824423766953,0.9248920513288329,0.9398072127957184,0.9397083865474669,0.936158243629508,0.9372529343793713,0.9333150884875023,0.9346226357720611,0.9281001033874597,0.7804840965760504,0.9346378398102536,0.9366295688134769,0.9276135741652982,0.9398680289484888,0.9401112935595695,0.9366751809280544,0.9374049747612966,0.9347898801921791,0.9349723286504895,0.9287690810679317,0.7798759350483488,0.9349115124977193,0.9387125220458553,0.9286018366478137,0.9396399683756006,0.9393891017454236,0.936553548622514,0.9375722191814146,0.9343033509700176,0.9345162075047131,0.9290731618317826,0.7818524600133796,0.934592227695676,0.9331326400291917,0.9286778568387763
104,0.9621805142290379,0.9626764324406806,0.9565423056382085,0.9600976577401388,0.9526665140764476,0.9554283970397497,0.9516899366750591,0.812207217517357,0.9556572823682002,0.9518577859159227,0.9635004196231021,0.9661860074769207,0.9654993514915694,0.9604791332875562,0.966475928892958,0.9550774395361258,0.9595788509956511,0.95556572823682,0.8229037918669414,0.959639887083238,0.9550774395361257,0.9657740138857098,0.9664148928053712,0.9655374990463111,0.9601434348058289,0.9668726634622721,0.9543907835507744,0.959533073929961,0.9552910658426795,0.8215304798962387,0.9595788509956512,0.9583810177767605,0.966475928892958,0.9663691157396811,0.9658731975280385,0.960036621652552,0.9669184405279622,0.9541924162661174,0.9593194476234073,0.9552910658426794,0.8212863355458915,0.9594720378423742,0.9607232776379033,0.9662928206301975
105,0.9514732824427481,0.957175572519084,0.9473435114503816,0.9526564885496184,0.9450687022900762,0.9513893129770992,0.9501832061068703,0.8430992366412213,0.9513129770992367,0.9417709923664122,0.9626564885496184,0.9593358778625956,0.9569923664122137,0.9495419847328244,0.9621984732824428,0.9468702290076337,0.9515572519083971,0.9501068702290075,0.849145038167939,0.9518320610687022,0.9468854961832062,0.9657862595419846,0.9606717557251908,0.9581679389312978,0.9498320610687023,0.962442748091603,0.9473282442748092,0.9519389312977099,0.9502900763358778,0.8498931297709923,0.9518931297709924,0.951587786259542,0.9657404580152672,0.9604885496183206,0.9575496183206106,0.9494198473282442,0.9623206106870229,0.9470534351145038,0.95206106870229,0.95006106870229,0.8486412213740457,0.9523206106870229,0.9486259541984733,0.9659389312977099
106,0.9348576490713587,0.9212258675464321,0.9186217008797655,0.9414711632453568,0.9205767350928642,0.9172165200391006,0.9180413000977516,0.805504643206256,0.9170637829912024,0.9209433040078202,0.9435025659824047,0.9389433651026393,0.9276255498533725,0.9246548142717497,0.9401270772238514,0.9240285923753666,0.9219971896383187,0.9204545454545455,0.8084524682306939,0.9217375366568915,0.9199352394916911,0.9428457966764419,0.9392259286412512,0.9276408235581624,0.9248991935483871,0.9406922043010754,0.9244257086999023,0.9215695259042033,0.919477028347996,0.8062988758553273,0.9217680840664711,0.9328415200391007,0.9431818181818181,0.9386226173020528,0.9276637341153471,0.9239369501466276,0.9401423509286412,0.9236620234604105,0.9211571358748778,0.9193242913000976,0.8078567937438904,0.9211265884652982,0.9255712365591398,0.9433803763440861
107,0.953376058594644,0.9387197680628672,0.938124666208896,0.9538567177843901,0.941390096894789,0.939833676661326,0.9345998321507591,0.7532616159304188,0.9399710078583963,0.9432211795223926,0.9482719157701991,0.953681239032578,0.9354695963988708,0.9439078355077439,0.9539482719157701,0.9451132982375829,0.9451590753032731,0.9378194857709622,0.76586556801709,0.9454947737850005,0.9394979781795987,0.9453879606317235,0.9536430914778363,0.9370412756542306,0.9436484321355001,0.9543755245288778,0.9451285572594796,0.9455252918287939,0.9381551842526895,0.7658808270389867,0.9456473640039674,0.9444266422522316,0.9460440985732814,0.9537499046311131,0.937117570763714,0.9436331731136034,0.9542229343099107,0.9453574425879302,0.945571068894484,0.9381094071869993,0.7656824597543297,0.9456626230258641,0.9405203326466773,0.9454795147631037
108,0.9482300682328157,0.9470546931049747,0.9416739173573904,0.9424982064080841,0.9379798812413183,0.9447573689914671,0.9407733052464473,0.7694127703744409,0.9446047228709683,0.9369876814580758,0.9137244126940514,0.9503900108378744,0.9472683976736732,0.9407122467982476,0.943704110760025,0.9384378196028148,0.9454748057578117,0.9412465082199937,0.7815481369540993,0.9456274518783104,0.9392163148173589,0.9107478133443239,0.9502678939414756,0.9456808780204851,0.9404680130054495,0.9436735815359252,0.938010410465418,0.945169513516814,0.9405443360656989,0.7798232357924624,0.9451542489047641,0.9315687441803666,0.9106867548961244,0.9512753583367678,0.9483216559051152,0.9410022744271954,0.9426203233044831,0.9384378196028148,0.9456121872662607,0.9409106867548961,0.7806017310070064,0.94570377493856,0.9438262276564241,0.909282410587535
109,0.9539031982421875,0.9395904541015625,0.94219970703125,0.957611083984375,0.9411163330078125,0.9339752197265625,0.924468994140625,0.7773895263671875,0.9340972900390625,0.9327545166015625,0.9562530517578125,0.9604339599609375,0.943084716796875,0.9468841552734375,0.95892333984375,0.9448394775390625,0.93829345703125,0.9279022216796875,0.789764404296875,0.9385833740234375,0.9394378662109375,0.9556121826171875,0.9600448608398438,0.9432525634765625,0.9468536376953125,0.958343505859375,0.944427490234375,0.93829345703125,0.9281768798828125,0.7881622314453125,0.9386444091796875,0.945098876953125,0.955322265625,0.9600753784179688,0.943206787109375,0.9474639892578125,0.9582672119140625,0.945068359375,0.9388427734375,0.9285736083984375,0.787872314453125,0.939178466796875,0.94635009765625,0.955230712890625
110,0.9373625366568914,0.9384164222873901,0.9228983382209188,0.9262280058651027,0.9214626099706745,0.9197366813294232,0.9174456256109481,0.8071083822091887,0.9195075757575757,0.9232343597262952,0.9352853128054742,0.9360108137829912,0.9363315615835778,0.9300464320625611,0.9342314271749756,0.9299395161290324,0.9275109970674488,0.9240285923753666,0.8120112414467253,0.92738880742913,0.9266480327468231,0.9388135386119257,0.9382942326490714,0.9387829912023461,0.9308559384164222,0.936858504398827,0.9301686217008798,0.9280608504398827,0.9237994868035191,0.812866568914956,0.9278317448680352,0.9249526515151515,0.9377902003910069,0.9382789589442816,0.9400125244379277,0.9303977272727273,0.937041788856305,0.9302144428152492,0.9275568181818182,0.9237536656891496,0.8135538856304986,0.9276179130009776,0.92600653714565,0.9383858748778103
111,0.9498107794665203,0.9583867423548801,0.9451260452908503,0.9529542818775562,0.9436611121284257,0.9459729597753769,0.9394036501251297,0.7906824146981629,0.94575932368919,0.9451718244521762,0.9620338155404993,0.9499023377891717,0.9585545992797412,0.9456143563449918,0.9524507111029725,0.947125068668742,0.9465146798510651,0.940303973631203,0.7843038515534395,0.9463926020875298,0.9519776597692731,0.9572422633217359,0.9486815601538179,0.9584172617957639,0.9431575413538423,0.9525270097051821,0.9452176036135018,0.943630592687542,0.9384728071781725,0.7852957333821644,0.9437984496124031,0.9505432460477324,0.9563724592565463,0.9495284746383447,0.9588674235488006,0.9427760483427943,0.9539003845449553,0.9448361106024538,0.9436000732466582,0.938961118232314,0.7856619666727706,0.9434932552035648,0.9518555820057376,0.9562503814930111
112,0.9621871184371185,0.9583943833943833,0.9524420024420025,0.9617673992673992,0.9525946275946275,0.9498931623931625,0.9445207570207571,0.7531746031746032,0.9500152625152625,0.951892551892552,0.9552350427350427,0.963179181929182,0.9557768620268621,0.9473443223443223,0.9643772893772894,0.9485958485958486,0.9447191697191697,0.9401862026862028,0.7591727716727716,0.9450091575091575,0.950442612942613,0.9565934065934066,0.9636370573870573,0.957287851037851,0.948397435897436,0.9640262515262515,0.9492673992673993,0.945436507936508,0.9401709401709403,0.7593253968253968,0.9456196581196581,0.9486568986568986,0.9555250305250305,0.9629349816849816,0.9571047008547008,0.9474358974358974,0.9632631257631258,0.9482448107448107,0.9445665445665445,0.9393315018315018,0.758440170940171,0.9449481074481075,0.9474206349206349,0.9547619047619048
113,0.940899102728438,0.931590673258866,0.9273789904168955,0.9366263810047,0.923426722822438,0.9244338643716047,0.9272263932124762,0.7959775376915096,0.9242202282854178,0.9302783373008606,0.941860465116279,0.9398843313190502,0.9340322285295732,0.9316822315815173,0.9409754013306476,0.9265397057925898,0.9262650308246353,0.9295916498809742,0.8015931148141366,0.9258835378135873,0.9275926265030824,0.939953000061039,0.9409982909113105,0.9357947262406152,0.9318043093450529,0.94242507477263,0.9271806140511506,0.9266465238356832,0.929835805408045,0.8017304522981139,0.926341329426845,0.9287523652566685,0.9401513764267839,0.9409982909113105,0.9357947262406152,0.9318043093450529,0.94242507477263,0.9271806140511506,0.9266465238356832,0.929835805408045,0.8017304522981139,0.926341329426845,0.9287523652566685,0.9401513764267839
114,0.9559799777191081,0.955224563920216,0.9611305263479176,0.9537900407465625,0.9574526531048269,0.9586277412364369,0.9539731713644758,0.848459413676805,0.9588413936240023,0.9594518290170464,0.9557892166587819,0.9632212675690937,0.9607108520151998,0.9625955712912234,0.9582767408854366,0.9584293497336975,0.960428525645917,0.9559876081615213,0.8553268118485511,0.960901613075526,0.9599783295435469,0.9579867840737405,0.9632212675690937,0.9606879606879607,0.9623666580188319,0.9582309582309584,0.9582767408854366,0.9602911776824821,0.9559113037373907,0.8544111587589849,0.9606421780334823,0.9565598913425,0.9578036534558273,0.9631907457994414,0.9607490042272652,0.962381918903658,0.958200436461306,0.9583225235399149,0.960291177682482,0.9558807819677385,0.8545027240679415,0.9606116562638303,0.9567888046148916,0.9576815663772186
115,0.9591268387963131,0.9630180675090032,0.9518403222852958,0.9632698528962949,0.9509094793383385,0.9565860953427333,0.9565708356222914,0.7468107184276384,0.956448757858756,0.9518861014466214,0.9558231093206372,0.9605231032167492,0.9649331624244644,0.9540835011902582,0.9639718000366233,0.9524812305438565,0.9586080083012879,0.9575474577305745,0.7520905817005433,0.9585164499786364,0.9585622291399623,0.9535646706952329,0.9613318684001708,0.9667490691570532,0.9542360983946773,0.9647805652200452,0.9530916193615332,0.9593557346029421,0.9585240798388572,0.7527467496795459,0.9592412866996276,0.9575169382896905,0.9547396691692608,0.9613776475614968,0.9664896539095404,0.9538393456631874,0.9648568638222547,0.9531068790819752,0.9587071964841605,0.958234145150461,0.7534486968198743,0.9585393395592994,0.9590505401941035,0.954709149728377
116,0.9462053809879898,0.9464190333755551,0.9536069101286493,0.9462359027576419,0.9515314297922993,0.9529812138507792,0.9463427289514246,0.832481267263876,0.9533016924321273,0.9512414729806035,0.9444045965785094,0.9458543806369892,0.9466326857631205,0.9524470828818655,0.9506615593572116,0.9503716025455156,0.9511346467868207,0.9443282921543791,0.8382498817281426,0.9512262120957773,0.9538816060555191,0.9461443374486854,0.9459612068307721,0.9466479466479466,0.9532406488928228,0.950737863781342,0.9506462984723855,0.951622995101256,0.9443435530392053,0.837578402795794,0.9520960825308652,0.9487692096387748,0.9450150319715538,0.9459764677155982,0.9468921208051643,0.9531033009293879,0.9505242113937766,0.9503258198910374,0.9518366474888215,0.9446487707357272,0.8375326201413158,0.9521113434156914,0.9517908648343432,0.9449082057777711
117,0.9596761887322225,0.9473615943355919,0.9423640358908626,0.9518403222852958,0.9399682597814807,0.9389000793505463,0.9320942440334493,0.8024018799975585,0.9390679362754075,0.9364890435207228,0.9451565647317342,0.9589666117316732,0.9480177623145944,0.939357870963804,0.9445614356344992,0.9388237807483367,0.9377861197582861,0.9316517121406337,0.8016999328572298,0.9380913141671244,0.9437221510101935,0.9378471586400537,0.9579136910211805,0.948277177562107,0.9370383934566319,0.9427150094610268,0.9362906671549776,0.9370078740157481,0.9290880791063908,0.7969846792406763,0.9370231337361901,0.938152353048892,0.9346120979063665,0.95647927729964,0.9464307513886345,0.9326130745284746,0.9399835195019228,0.9328572300555453,0.9332845022279191,0.925151071232375,0.7948940975401332,0.9336202160776415,0.9396478056522004,0.9308582066776537
118,0.9498069498069498,0.9505347183918613,0.9564411350125636,0.9430808359379789,0.9537752037752038,0.9563645277930993,0.9544033829748115,0.8166942452656739,0.956395170680885,0.9546178831893117,0.9443525157810873,0.9521051663908806,0.9534381320095606,0.9565790280075994,0.9502512716798432,0.952779309922167,0.9576285469142612,0.9560734203591346,0.8215664644236071,0.9576668505239934,0.9579196543482259,0.9436170864742294,0.9525035239320954,0.9540050254335969,0.9560734203591347,0.9505117362260218,0.9522737022737022,0.9576974934117791,0.956150027578599,0.8233437519151805,0.9576362076362077,0.9584788870503156,0.9431114788257645,0.9526567383710242,0.9538364895507753,0.9554145982717411,0.9510633082061654,0.9514157014157015,0.9571305999877429,0.955429919715634,0.8224091438377152,0.9570233498804928,0.9586933872648159,0.9429889072746216
119,0.9525070190429688,0.949676513671875,0.9449310302734375,0.9542694091796875,0.94287109375,0.9484405517578125,0.9470672607421875,0.773223876953125,0.9484100341796875,0.953033447265625,0.9539794921875,0.9549407958984375,0.9500732421875,0.946075439453125,0.958099365234375,0.94384765625,0.948822021484375,0.947418212890625,0.7776336669921875,0.9488525390625,0.94940185546875,0.9603424072265625,0.95330810546875,0.9501495361328125,0.9429779052734375,0.956512451171875,0.9408721923828125,0.946044921875,0.9459228515625,0.7750244140625,0.9458465576171875,0.9505615234375,0.959991455078125,0.9529571533203125,0.9498214721679688,0.942962646484375,0.9554901123046875,0.940765380859375,0.9464569091796875,0.945892333984375,0.7742462158203125,0.946380615234375,0.951171875,0.9600982666015625
120,0.9337988400488401,0.9444291819291819,0.9252899877899878,0.9350122100122101,0.9232905982905983,0.9227258852258853,0.919932844932845,0.7699786324786324,0.9228479853479853,0.9148504273504274,0.9421703296703298,0.9373244810744811,0.9463064713064713,0.9348901098901098,0.941468253968254,0.9323717948717949,0.9334249084249084,0.9277014652014651,0.7771520146520146,0.9337454212454211,0.9312881562881562,0.9457570207570207,0.9368742368742369,0.9454212454212455,0.9353785103785104,0.941880341880342,0.933028083028083,0.9337606837606838,0.9280219780219782,0.7775793650793652,0.9339743589743591,0.9320360195360196,0.9451312576312576,0.9368742368742369,0.9454212454212455,0.9353785103785104,0.941880341880342,0.933028083028083,0.9337606837606838,0.9280219780219782,0.7775793650793652,0.9339743589743591,0.9320360195360196,0.9451312576312576
121,0.9532699584960938,0.9418487548828125,0.9525299072265625,0.9427947998046875,0.9498748779296875,0.94873046875,0.9430084228515625,0.8001708984375,0.948822021484375,0.95172119140625,0.91949462890625,0.9543228149414062,0.94110107421875,0.9511260986328125,0.944366455078125,0.9508209228515625,0.9468536376953125,0.9427337646484375,0.8058013916015625,0.9470672607421875,0.95330810546875,0.9140167236328125,0.9542922973632812,0.9416122436523438,0.9505615234375,0.943817138671875,0.9503631591796875,0.9466094970703125,0.9428863525390625,0.8062591552734375,0.946746826171875,0.9536590576171875,0.9141693115234375,0.9551162719726562,0.9417953491210938,0.9516754150390625,0.944000244140625,0.950897216796875,0.9471588134765625,0.9432373046875,0.80755615234375,0.947479248046875,0.9537200927734375,0.9155120849609375
122,0.9322357177734375,0.9425735473632812,0.9200439453125,0.929718017578125,0.917724609375,0.92388916015625,0.9219970703125,0.8155975341796875,0.9237823486328125,0.9163818359375,0.9234771728515625,0.9343109130859375,0.944000244140625,0.9267425537109375,0.92889404296875,0.92584228515625,0.93011474609375,0.9247283935546875,0.81683349609375,0.930328369140625,0.924652099609375,0.9155731201171875,0.936614990234375,0.944580078125,0.929046630859375,0.929443359375,0.927825927734375,0.93121337890625,0.925384521484375,0.8200225830078125,0.931549072265625,0.9227676391601562,0.9170379638671875,0.93707275390625,0.946319580078125,0.92987060546875,0.930084228515625,0.9287567138671875,0.9323577880859375,0.926422119140625,0.8212127685546875,0.9325103759765625,0.9293365478515625,0.9178924560546875
123,0.9321517944335938,0.93658447265625,0.9196929931640625,0.9397430419921875,0.9188690185546875,0.9197845458984375,0.9137725830078125,0.756317138671875,0.91986083984375,0.9183502197265625,0.938812255859375,0.9436569213867188,0.941314697265625,0.92755126953125,0.9409027099609375,0.926300048828125,0.9250335693359375,0.9221038818359375,0.76361083984375,0.92529296875,0.9230804443359375,0.945343017578125,0.9434356689453125,0.94134521484375,0.9267578125,0.941131591796875,0.9256134033203125,0.92449951171875,0.9214324951171875,0.7619171142578125,0.9245758056640625,0.92474365234375,0.9457550048828125,0.9436111450195312,0.941192626953125,0.9280853271484375,0.941192626953125,0.926910400390625,0.9250030517578125,0.921630859375,0.761199951171875,0.9251861572265625,0.914703369140625,0.945526123046875
124,0.9698481727321279,0.9569237811856259,0.9628747997253375,0.9653925383382925,0.9628900587472343,0.9618982223239491,0.9593499656672007,0.7841000991836424,0.9617914091706722,0.9559014267185473,0.9668574044403754,0.9668574044403755,0.9545662623025863,0.9597161821927215,0.9665522240024415,0.9597314412146182,0.959990844586862,0.9588311589227131,0.7864652475776303,0.9596704051270314,0.9560692759594109,0.9658655680170901,0.966933699549859,0.9536888685435264,0.9613946746013581,0.9657434958419165,0.9620202944991225,0.9622491798275731,0.9609674219882505,0.787335011825742,0.9620813305867094,0.9589684901197834,0.9654535744258793,0.9665217059586481,0.9531242847333486,0.9605096513313496,0.9651331349660487,0.9603723201342794,0.9605706874189365,0.959792477302205,0.7870145723659113,0.9604638742656596,0.9501945525291828,0.9645685511558709
125,0.957145037003128,0.9591668574044403,0.9352864881361105,0.9527580682078278,0.936568245975433,0.9339589532310979,0.9336385137712673,0.8211490043488213,0.934096284428168,0.9302967879758908,0.9461814297703517,0.9466849774929427,0.957824063477531,0.9378194857709621,0.9467612726024262,0.9373769741359579,0.9364232852674143,0.9349355306324866,0.8256656748302433,0.9364080262455177,0.9407339589532311,0.9471427481498436,0.9470206759746701,0.9580758373388266,0.9387045090409705,0.9467917906462195,0.9388876173037308,0.9371099412527657,0.9355001144426642,0.826794842450599,0.9372243839169909,0.9363698786907759,0.9472953383688105,0.9469291218432898,0.9583657587548639,0.9378500038147555,0.9468375677119096,0.9384451056687266,0.9368123903257801,0.9352559700923171,0.8267032883192187,0.9369344625009538,0.9351644159609369,0.9471122301060502
126,0.9444139194139195,0.95,0.9414529914529914,0.9422924297924298,0.9383089133089133,0.944871794871795,0.9412851037851038,0.8344017094017094,0.9449175824175824,0.9390567765567767,0.9511599511599511,0.9444902319902321,0.9544337606837607,0.9460775335775335,0.9433608058608058,0.9418650793650793,0.9508089133089133,0.9472832722832722,0.8400946275946277,0.9506868131868131,0.9500610500610501,0.949526862026862,0.9444597069597069,0.9529838217338218,0.9457264957264958,0.943986568986569,0.9422924297924298,0.9506257631257632,0.9472069597069598,0.8391941391941391,0.9506105006105007,0.9492826617826617,0.9480616605616605,0.9445512820512821,0.9515949328449329,0.9449023199023199,0.9441391941391941,0.9404456654456654,0.9497710622710623,0.9463522588522589,0.8374389499389499,0.9496947496947497,0.9474893162393162,0.9482142857142858
127,0.9365648854961831,0.9314732824427482,0.9333587786259541,0.9425954198473282,0.9304580152671755,0.933618320610687,0.930763358778626,0.7290992366412213,0.9333282442748091,0.9286106870229008,0.942442748091603,0.9478396946564887,0.9386412213740459,0.9425343511450383,0.9498167938931298,0.9417251908396946,0.9394503816793893,0.9344122137404581,0.7382595419847328,0.9394809160305343,0.9344580152671755,0.9440152671755724,0.9452595419847328,0.9412748091603054,0.9422595419847328,0.9496335877862596,0.9418167938931297,0.9392824427480916,0.9341374045801526,0.7379083969465648,0.9394351145038167,0.9365648854961833,0.9454045801526717,0.944916030534351,0.9400763358778625,0.9419541984732825,0.9493740458015266,0.9416030534351144,0.9394045801526717,0.9340458015267176,0.7383053435114504,0.9393435114503816,0.9360152671755725,0.9449465648854961
128,0.9356108982545764,0.934090494435322,0.9158304445660769,0.9372985464939488,0.9145837134342881,0.9132609621115368,0.9042601715015508,0.7023809523809523,0.9135498388371952,0.9064647570394696,0.8922793894058262,0.9393814997263273,0.9367512011190172,0.9189776804719334,0.9400352733686067,0.9179894179894179,0.9180958462567659,0.9129568813476859,0.7171136653895275,0.9186431916316973,0.9152754971720489,0.8888736848506963,0.9401112935595696,0.9377090555251474,0.9189776804719334,0.9393814997263273,0.9184151310588093,0.9185899774980235,0.9129264732713007,0.716566320014596,0.9187496198990451,0.9218056315757465,0.8910782703886152,0.9409627196983518,0.9383172170528492,0.9206349206349207,0.9400048652922215,0.9181110502949583,0.9191449248920512,0.9136866751809279,0.7140120415982485,0.9194109955604209,0.9223757830079671,0.8899379675241743
129,0.9501984126984128,0.9510378510378509,0.9442918192918193,0.9559981684981684,0.9443376068376068,0.942063492063492,0.9342338217338217,0.7652014652014651,0.9417735042735043,0.9381105006105006,0.9620268620268619,0.9604090354090353,0.9604624542124541,0.9473748473748473,0.9653998778998779,0.946565934065934,0.9467185592185592,0.9377442002442001,0.7692918192918193,0.9466422466422466,0.9441697191697191,0.9653235653235653,0.9604090354090353,0.9604624542124541,0.9473748473748473,0.9653998778998779,0.946565934065934,0.9467185592185592,0.9377442002442001,0.7692918192918193,0.9466422466422466,0.9441697191697191,0.9653235653235653,0.9604090354090353,0.9604624542124541,0.9473748473748473,0.9653998778998779,0.946565934065934,0.9467185592185592,0.9377442002442001,0.7692918192918193,0.9466422466422466,0.9441697191697191,0.9653235653235653
130,0.9238510131835938,0.933502197265625,0.9158172607421875,0.92413330078125,0.92266845703125,0.916595458984375,0.919677734375,0.7802886962890625,0.9163360595703125,0.9102783203125,0.9345245361328125,0.9285430908203125,0.9390335083007812,0.921600341796875,0.927947998046875,0.9243011474609375,0.923797607421875,0.9254150390625,0.783294677734375,0.923614501953125,0.9358978271484375,0.9344024658203125,0.9281005859375,0.9372482299804688,0.9203948974609375,0.927215576171875,0.9231109619140625,0.9226837158203125,0.924713134765625,0.7839508056640625,0.9226531982421875,0.930206298828125,0.933624267578125,0.9277496337890625,0.9382476806640625,0.9198455810546875,0.9274749755859375,0.9232330322265625,0.9218597412109375,0.924102783203125,0.784912109375,0.9217071533203125,0.9241485595703125,0.9342041015625
131,0.9448394775390625,0.9471435546875,0.9435272216796875,0.9449005126953125,0.940338134765625,0.9454345703125,0.9444122314453125,0.85308837890625,0.945068359375,0.9426727294921875,0.9528350830078125,0.9549331665039062,0.9526596069335938,0.9487457275390625,0.953369140625,0.9439697265625,0.9495697021484375,0.9474639892578125,0.8574676513671875,0.949462890625,0.9438323974609375,0.9539794921875,0.9549331665039062,0.95550537109375,0.9486083984375,0.9537353515625,0.9438018798828125,0.9491119384765625,0.9470672607421875,0.858154296875,0.9490966796875,0.9428253173828125,0.9533233642578125,0.9547348022460938,0.9553909301757812,0.9482421875,0.9536895751953125,0.943115234375,0.9486083984375,0.9469757080078125,0.857513427734375,0.948516845703125,0.9421844482421875,0.9523773193359375
132,0.9426222033073929,0.9436405642023347,0.9348249027237354,0.9379255836575876,0.9334721546692607,0.9329857733463036,0.9252492704280155,0.7569157344357977,0.9330161721789884,0.9361472519455252,0.9368616245136185,0.9418622324902723,0.9435873662451362,0.935144090466926,0.9407678745136187,0.9338217412451362,0.9325297908560309,0.9250820768482491,0.7654274075875487,0.9331073686770428,0.9331681663424124,0.9380015807392996,0.9423182149805447,0.9426754012645915,0.9353568822957199,0.9407678745136187,0.9342625243190661,0.9327881809338521,0.9252796692607005,0.7650626215953308,0.933411357003891,0.9316026264591439,0.9379255836575877,0.9425006079766537,0.9418166342412452,0.9332897616731518,0.9407222762645915,0.9333657587548638,0.9310402480544748,0.9247020914396887,0.7650778210116732,0.9315570282101167,0.9303106760700388,0.9375455982490273
133,0.962270341207349,0.9572727827626197,0.9560520051272661,0.9586003784410669,0.9571507049990844,0.9516877250808764,0.9521607764145762,0.8435420863089789,0.9516572056399927,0.9569523286333395,0.9620948544222669,0.9628044314228162,0.9586919367637186,0.9592107672587439,0.9608893365073552,0.9595464811084662,0.9565403161814076,0.9560214856863823,0.8438472807178172,0.9564029786974303,0.95703625709577,0.9611182323139841,0.9637505340902155,0.9580968076664835,0.9606146615394007,0.961926997497406,0.9606757004211683,0.9576390160532259,0.9570896661173168,0.844488188976378,0.9575016785692486,0.9628273210034792,0.960355246291888,0.963842092412867,0.9587377159250443,0.960919855948239,0.961911737776964,0.961316608679729,0.9581273271073674,0.9568912897515717,0.8438320209973753,0.9581120673869254,0.9630867362509918,0.960538362937191
134,0.9317158770122835,0.9289387350270849,0.9151140611886778,0.9318074311436637,0.9140459296559091,0.9207598992904554,0.9187457084000916,0.7535820553902496,0.9202410925459679,0.912489509422446,0.9243915465018693,0.9343251697566186,0.9336232547493706,0.9206988632028688,0.936064698252842,0.9191882200350958,0.9253223468375678,0.9216601815823606,0.7681696803234912,0.9251850156404975,0.9264209964141299,0.9231250476844435,0.9344625009536889,0.9334248874647135,0.9191119249256123,0.9361409933623255,0.918471046005951,0.923903257801175,0.9207446402685588,0.7664454108491645,0.9239948119325552,0.9305714503700312,0.921995880064088,0.9349050125886931,0.9336385137712673,0.9209124895094225,0.9358510719462882,0.9195696955825132,0.9253528648813611,0.921995880064088,0.7666895551995117,0.9251239795529107,0.9268329900053407,0.9224841687647821
135,0.9542136796326146,0.9514461239013413,0.9381405675009885,0.9540312034305526,0.9354490435205743,0.9346431069614671,0.9333505671968615,0.829628052674797,0.9345974879109515,0.9336851069006417,0.9577263465223077,0.9554073781211034,0.9589276481858824,0.9379276785985828,0.956433806757702,0.9351297101669658,0.9369088531370701,0.9333505671968615,0.8309662114899183,0.9369696785377575,0.9420485994951493,0.956981235363888,0.9558331559259147,0.9601213466743713,0.9367111705848363,0.9569508226635443,0.9344302180590615,0.9356315197226361,0.93275751954016,0.8292022748699858,0.9357075514734953,0.9483288221161158,0.9568899972628568,0.9560916638788358,0.9598476323712782,0.9366959642346645,0.9571941242662936,0.9346431069614671,0.9353730117697151,0.9323165353851769,0.8280161795565828,0.9352209482679967,0.9405431708281379,0.9563729813570147
136,0.9445461759140573,0.9394494292864555,0.9326130745284746,0.9501007141549167,0.930995544161631,0.9305072331074895,0.9316974913019594,0.8014252578892755,0.9301562595373253,0.9329182689373131,0.9372978087041445,0.9522370750167857,0.9497955197460783,0.9384575474577307,0.9580662882255997,0.9365958615638162,0.936824757370445,0.9368400170908868,0.8126564121345298,0.9365500824024904,0.9398995910394922,0.940899102728438,0.951405420252701,0.9469572117438808,0.938594884941708,0.9571049258377585,0.9368400170908868,0.936809497650003,0.9351156686809498,0.8098944027345418,0.9363669657571874,0.941662088750534,0.9394494292864555,0.9515122382957945,0.9470487700665324,0.9388390404687785,0.956830250869804,0.9368857962522127,0.9368247573704449,0.9351156686809499,0.8099554416163096,0.936428004638955,0.9393273515229201,0.938747482146127
137,0.9462076303389573,0.9412144702842378,0.9425748594011247,0.9448092415260678,0.9419212646298829,0.9416020671834626,0.933485332117343,0.8155038759689923,0.9417236662106704,0.9390028879768962,0.9488676090591275,0.9491184070527436,0.9447788417692659,0.9452804377564981,0.9480316157470741,0.9442620459036328,0.9433956528347772,0.9362517099863201,0.8186654506763945,0.9432892536859706,0.9364189086487308,0.9477124183006536,0.9495972032223744,0.9450220398236814,0.9437604499164006,0.9485028119775043,0.9428788569691442,0.941982064143487,0.9347469220246237,0.8194558443532451,0.9421188630490956,0.9398084815321477,0.9480924152606779,0.9499012007903939,0.9460708314333486,0.9444444444444443,0.9485028119775042,0.9432740538075695,0.9422404620763034,0.9347317221462229,0.8197750417996656,0.9423316613467091,0.9373765009879921,0.9481532147742818
138,0.9477644975652945,0.9548014837202912,0.9302712521561264,0.9515806505777655,0.9257376623773106,0.9321335348262124,0.9268519790569522,0.8307307169788279,0.9322861809467113,0.9475965868327457,0.9414907420127919,0.94568851032651,0.9500236601486773,0.9309428950863213,0.9507105676909222,0.9308207781899225,0.9350490757277403,0.9293248462090336,0.832837233441712,0.9348048419349423,0.9546793668238922,0.9437041107600251,0.9458564210590589,0.9471386484712492,0.9306528674573735,0.9509242722596205,0.9301949290958771,0.9344842850818947,0.9291722000885347,0.8326387934850636,0.934316374349346,0.9491077834256842,0.9424524125719345,0.9461922425241563,0.9465280639892537,0.9303933690525255,0.9507868907511715,0.9303475752163759,0.9337821129275999,0.9287142617270384,0.8315855352536216,0.9336905252553007,0.953244493291203,0.9421013264947872
139,0.9298637718177948,0.9382564009000791,0.9174116645381013,0.9292860183664781,0.9163017697500455,0.9240254211518579,0.9201331873745667,0.7647175089703825,0.9242230736483611,0.9167274828194368,0.9236453201970445,0.931072492854102,0.944094751566016,0.9318402967828255,0.9321291735084838,0.9262756188043545,0.935823754789272,0.9275679620507208,0.7706926959800523,0.935960591133005,0.9302742808489933,0.922626649638144,0.9307912181475401,0.9447941373228729,0.9323724381195646,0.9327677431125706,0.9263060268807395,0.9357933467128869,0.9274463297451803,0.7726236088305053,0.9359453870948125,0.9291111719272639,0.9220488961868272,0.9303046889253784,0.9442467919479414,0.9315970321717447,0.9327981511889558,0.926655719759168,0.9351547771088001,0.9264732713008574,0.7700389223377729,0.9352764094143404,0.9265644955300127,0.9213647144681627
140,0.9535820713981633,0.963996837560056,0.9484735145654686,0.9510277929818158,0.9458128078817734,0.947029130937177,0.9373289545703339,0.7449066472054977,0.9472267834336799,0.9566228790366722,0.9609712339597396,0.9571702244116036,0.9624384236453203,0.9484887186036612,0.9588882807273611,0.9459496442255062,0.948564738794624,0.939594356261023,0.7476889861947333,0.9486407589855865,0.9509213647144681,0.9613817429909385,0.9571854284497961,0.9621191388432767,0.9470747430517545,0.9592075655294046,0.9444748525208295,0.947424435930183,0.9388341543513957,0.7470960287052241,0.947561272273916,0.9509365687526607,0.9615489874110564,0.9575655294046099,0.9623243933588761,0.9476829045794563,0.959329197834945,0.9444748525208295,0.9475156601593383,0.9388189503132033,0.7461685823754789,0.9477589247704191,0.9531563583287721,0.9619442924040624
141,0.953765869140625,0.956787109375,0.939117431640625,0.9505615234375,0.9373626708984375,0.940399169921875,0.9358062744140625,0.8086700439453125,0.9403228759765625,0.9423370361328125,0.956451416015625,0.9539566040039062,0.9560699462890625,0.9403076171875,0.9526214599609375,0.939605712890625,0.9423065185546875,0.937591552734375,0.806732177734375,0.9423370361328125,0.94671630859375,0.9555816650390625,0.9541091918945312,0.9561767578125,0.9401702880859375,0.952606201171875,0.940093994140625,0.9422607421875,0.93780517578125,0.8073272705078125,0.9422760009765625,0.9434356689453125,0.956787109375,0.9540939331054688,0.9560699462890625,0.9407196044921875,0.9525146484375,0.940704345703125,0.9427032470703125,0.9380340576171875,0.80670166015625,0.942626953125,0.9418487548828125,0.9567413330078125
142,0.9696955825131609,0.970771343556878,0.9688410772869458,0.9670710307469291,0.9697871366445411,0.9665980010681315,0.9621118486305027,0.8504005493247883,0.9666132600900282,0.9672083619439993,0.9645532921339742,0.9696345464255741,0.9634622720683602,0.966323338673991,0.9699549858854046,0.9668116273746853,0.9646295872434577,0.9600823987182421,0.8535896849011978,0.9649042496375982,0.96323338673991,0.9633325703822384,0.9695048447394522,0.9651712825207904,0.9657282368200198,0.9701991302357519,0.9660944533455406,0.9644464789806972,0.9600213626306553,0.8528877698939499,0.9646143282215609,0.9656672007324331,0.9637445639734493,0.9695658808270389,0.9648355840390631,0.9660639353017472,0.9703059433890286,0.9664148928053712,0.9642938887617304,0.9599603265430685,0.8527809567406729,0.9645227740901808,0.9615854123750668,0.9639429312581064
143,0.960212100404364,0.958854047455558,0.9503166247043565,0.9576562142366674,0.9575036240177005,0.9514000152590218,0.9449454489967192,0.8543526359960326,0.9516746776531624,0.9542839703974975,0.9584496833752956,0.9618066681925689,0.9615472648203249,0.9503929198138399,0.9576104371709773,0.9577630273899442,0.9514457923247119,0.9450370031280996,0.8566414892805371,0.9518883039597161,0.9587701228351263,0.9600213626306553,0.9618066681925689,0.9615472648203249,0.9503929198138399,0.9576104371709773,0.9577630273899442,0.9514457923247119,0.9450370031280996,0.8566414892805371,0.9518883039597161,0.9587701228351263,0.9600213626306553,0.9618066681925689,0.9615472648203249,0.9503929198138399,0.9576104371709773,0.9577630273899442,0.9514457923247119,0.9450370031280996,0.8566414892805371,0.9518883039597161,0.9587701228351263,0.9600213626306553
144,0.9488702290076335,0.9518320610687023,0.9425496183206108,0.9494351145038167,0.9394351145038168,0.942854961832061,0.9411908396946564,0.8531603053435115,0.942885496183206,0.9507786259541984,0.9448702290076336,0.9534885496183206,0.9558625954198474,0.9475114503816795,0.9489312977099237,0.943587786259542,0.9473129770992367,0.944793893129771,0.859587786259542,0.9472213740458015,0.9574656488549618,0.9517709923664122,0.9534885496183206,0.9558625954198474,0.9475114503816795,0.9489312977099237,0.943587786259542,0.9473129770992367,0.944793893129771,0.859587786259542,0.9472213740458015,0.9574656488549618,0.9517709923664122,0.9534885496183206,0.9558625954198474,0.9475114503816795,0.9489312977099237,0.943587786259542,0.9473129770992367,0.944793893129771,0.859587786259542,0.9472213740458015,0.9574656488549618,0.9517709923664122
145,0.9548659331268027,0.9621224838616141,0.9369115021288934,0.9536526927831275,0.9354159354159355,0.9414897675767241,0.9318448883666274,0.7713461626505105,0.9417797243884201,0.9473652082347734,0.9544920414485633,0.9544538892364979,0.9624582233277885,0.9440841179971614,0.9615425702382224,0.9415355502312024,0.9476551650464695,0.9387733300776778,0.7798922581531278,0.9481587742457306,0.9538358234010409,0.9571321745234789,0.9552627161322814,0.962519266867093,0.9441299006516397,0.9621377447464404,0.9415050284615502,0.9476399041616432,0.938788590962504,0.780227997619302,0.9482045569002091,0.9532406488928228,0.9576815663772186,0.9552627161322814,0.962519266867093,0.9441299006516397,0.9621377447464404,0.9415050284615502,0.9476399041616432,0.938788590962504,0.780227997619302,0.9482045569002091,0.9532406488928228,0.9576815663772186
146,0.9452201113908598,0.9448538948653391,0.9275806820782788,0.9546959639887084,0.9258411535820553,0.9278248264286258,0.9266803997863737,0.7598077363241016,0.9275349050125887,0.9208514534218357,0.9500572213321126,0.9480659189745937,0.9482261387045091,0.9335622186617838,0.954818036163882,0.9314564736400397,0.9352407110704204,0.9331654840924697,0.769390402075227,0.9349813076981766,0.9363241016250858,0.9459830624856947,0.9487296864271001,0.9484092469672695,0.9346608682383459,0.9546196688792248,0.9322194247348745,0.9352407110704205,0.9334096284428168,0.7700312809948883,0.9352712291142138,0.9366140230411231,0.9451132982375829,0.9486610208285648,0.9483939879453727,0.9342641336690318,0.9548943312733654,0.9317006179903868,0.9356527046616312,0.9335774776836805,0.7700160219729916,0.9353170061799039,0.9387045090409705,0.9444419012741283
147,0.9483791402396053,0.9574179612096699,0.9313662407696786,0.9485400006128014,0.9335876459233385,0.9334344455679137,0.9299108373931427,0.7490424977785948,0.9333884854612862,0.9368967736005148,0.9615926708949963,0.9480191194043571,0.9611790299353495,0.932653123755247,0.9509452461929712,0.9348898489444495,0.9366363329962925,0.9345987682691423,0.7442779667248829,0.9360694916812207,0.9435456690259522,0.9570579403744217,0.9498728437049974,0.9598385268253822,0.9324233232221099,0.9508992860863438,0.9346753684468547,0.9356098906149463,0.9326990838618745,0.7419493213224254,0.9351809296197565,0.9437448294880043,0.9583295033244477,0.950018384042651,0.9594095658301927,0.933066764714894,0.9509605662285138,0.9350124092287894,0.9360082115390509,0.9328829242883844,0.7421791218555627,0.9356864907926588,0.9499034837760824,0.9584827036798724
148,0.9573048394941635,0.9577456225680934,0.9514378647859922,0.9500851167315174,0.9482155885214008,0.9519546449416343,0.9425158073929961,0.7708839980544747,0.9523042315175096,0.9626550340466926,0.9516050583657588,0.9573808365758755,0.9602687256809338,0.9521522373540856,0.9526538180933852,0.9494011429961089,0.9544017509727626,0.9443701361867705,0.7794716682879378,0.9547361381322959,0.9611046935797665,0.9501003161478598,0.9574264348249028,0.9610286964980544,0.9523498297665369,0.9530490029182879,0.9497659289883269,0.9543713521400778,0.9440661478599223,0.7788636916342412,0.9547513375486381,0.9642965710116731,0.9504955009727626,0.9572440418287939,0.9607703064202334,0.9515594601167315,0.952608219844358,0.9489299610894942,0.9533529912451362,0.9428501945525292,0.7771461575875487,0.9536113813229572,0.961636673151751,0.9504651021400778
149,0.95416259765625,0.94781494140625,0.9432525634765625,0.9488067626953125,0.9456634521484375,0.941558837890625,0.9384002685546875,0.7479248046875,0.941436767578125,0.9495086669921875,0.9263763427734375,0.9538421630859375,0.9517364501953125,0.9476318359375,0.9511566162109375,0.948974609375,0.9477996826171875,0.944183349609375,0.759857177734375,0.947540283203125,0.95880126953125,0.928375244140625,0.953277587890625,0.9513015747070312,0.9463653564453125,0.9496917724609375,0.94683837890625,0.9470672607421875,0.943023681640625,0.757293701171875,0.946807861328125,0.960174560546875,0.9259796142578125,0.953399658203125,0.951995849609375,0.9466705322265625,0.948883056640625,0.9469451904296875,0.947601318359375,0.94281005859375,0.7563323974609375,0.94744873046875,0.954132080078125,0.9252471923828125
150,0.9519400352733686,0.9510429970200086,0.9407042510490786,0.9535972754363558,0.942559143708569,0.9444292404062519,0.9406130268199234,0.8083835066593686,0.9441707717569786,0.940521802590768,0.9586146080398955,0.95589308520343,0.9531411542905796,0.9449461777047984,0.9575959374809949,0.9454631150033448,0.94812382168704,0.9449917898193759,0.8119868637110016,0.9477741288086116,0.9463145411421273,0.9591771574530197,0.956090737699933,0.9532171744815424,0.9439731192604756,0.9578087940156906,0.9448093413610655,0.9470443349753696,0.9444444444444445,0.8118956394818464,0.9469074986316366,0.9497962658882199,0.959222769567597,0.9561211457763181,0.9532931946725051,0.9442011798333637,0.9578392020920756,0.9448245453992581,0.94722678343368,0.9444748525208295,0.81233655658943,0.9469379067080217,0.9487015751383567,0.9593444018731375
151,0.9397741147741148,0.9366681929181929,0.9376068376068377,0.9360347985347985,0.9364468864468865,0.9361416361416361,0.9333638583638585,0.8446581196581197,0.9361416361416361,0.9241452991452991,0.9373473748473748,0.9378663003663004,0.9419032356532356,0.9392094017094017,0.9426739926739927,0.9382020757020757,0.9358211233211233,0.9364010989010988,0.8565781440781441,0.9355158730158731,0.9345161782661784,0.9415445665445665,0.939606227106227,0.9417811355311355,0.9396062271062271,0.9439102564102564,0.9383699633699634,0.9366910866910868,0.9362789987789988,0.8567002442002443,0.936370573870574,0.9293498168498169,0.942002442002442,0.9394078144078143,0.9436278998779,0.9396520146520146,0.9438034188034189,0.9382020757020757,0.9363858363858364,0.9364163614163614,0.8568681318681319,0.9364010989010989,0.9348137973137974,0.9420787545787547
152,0.9315628815628816,0.944131562881563,0.9248778998778999,0.9300976800976801,0.9191697191697192,0.9247405372405372,0.9186355311355312,0.7949481074481075,0.9249236874236874,0.9238095238095239,0.9252747252747253,0.9300824175824176,0.9341117216117215,0.9220238095238096,0.9280067155067155,0.9169261294261294,0.9236111111111112,0.9173534798534798,0.8028846153846154,0.9235042735042736,0.9263125763125764,0.9203601953601954,0.9302655677655678,0.9365613553113552,0.9222374847374848,0.9264652014652014,0.91741452991453,0.9234737484737485,0.9172313797313797,0.8025488400488401,0.923611111111111,0.9260683760683761,0.9185897435897435,0.9307692307692308,0.9367368742368742,0.9228327228327228,0.925915750915751,0.9178418803418803,0.9241605616605617,0.9178113553113553,0.8030982905982906,0.9240079365079366,0.9233516483516483,0.9185286935286936
153,0.939131761654078,0.9246509498741131,0.9012588693064774,0.9449912260624094,0.9016403448538949,0.9115739681086442,0.9110551613641567,0.774914168001831,0.91113145647364,0.9269932097352559,0.9360494392309453,0.9476920729381246,0.9331044480048828,0.9102922102693217,0.9506523231860837,0.9097886625467307,0.9194171053635461,0.9166857404440375,0.7839780270084687,0.9192492561226825,0.9293736171511406,0.9368123903257801,0.9475394827191578,0.9366750591287097,0.9107042038605325,0.9508354314488441,0.9094834821087968,0.9182726787212939,0.9153887235828184,0.7831540398260471,0.9179369802395666,0.9329823758297093,0.9387655451285574,0.9475700007629512,0.9349202716105898,0.9105058365758755,0.9506218051422903,0.9088883802548257,0.9177386129549095,0.9147631036850539,0.7834592202639811,0.917723353933013,0.9321583886472877,0.9383230334935532
154,0.9394064240482185,0.9423666742961776,0.9131151293202106,0.9356832227054246,0.9120927748531319,0.9253376058594643,0.9227740901808195,0.7582665751125354,0.9250934615091173,0.9233386739909971,0.9201342793926909,0.9434500648508432,0.9476310368505378,0.9232776379034103,0.9385061417563134,0.9216296635385671,0.9338063630121309,0.9287861448081178,0.7689784084840162,0.9338216220340276,0.9252155336842908,0.917372396429389,0.9415884641794462,0.9471885252155336,0.9192339971007858,0.9374685282673381,0.9176775768673229,0.9307698176546882,0.9261310749980926,0.769039444571603,0.9306935225452048,0.9230182345311666,0.916060120546273,0.9416647592889296,0.9476691844052796,0.9189898527504387,0.9373769741359579,0.9190966659037155,0.9313191424429693,0.9269703212024109,0.7693904020752271,0.9313038834210727,0.9261615930418859,0.9160448615243763
155,0.9348705009727627,0.927361989299611,0.9155064445525292,0.9381383754863813,0.9096698686770427,0.9188655155642023,0.9181055447470816,0.7438290369649807,0.9186071254863813,0.909198686770428,0.937834387159533,0.9347185068093384,0.9317926191634242,0.9218749999999999,0.942470209143969,0.9172087791828794,0.927149197470817,0.924747689688716,0.7489056420233463,0.9269364056420233,0.9244133025291829,0.9386095573929961,0.934627310311284,0.932484192607004,0.9211150291828792,0.9423486138132295,0.9157040369649805,0.9264956225680934,0.9243981031128405,0.7491640321011673,0.9261004377431906,0.9322562013618677,0.9380927772373541,0.9355088764591439,0.9338065418287935,0.920294260700389,0.9419534289883268,0.9146248784046692,0.925705252918288,0.9244285019455254,0.7476288910505837,0.9253708657587549,0.9327121838521402,0.9386551556420233
156,0.939545177045177,0.9406364468864469,0.9330738705738705,0.9428724053724054,0.9338369963369964,0.9382478632478632,0.9351648351648353,0.7553266178266178,0.9380952380952381,0.9359126984126983,0.9368894993894994,0.9439102564102564,0.948817155067155,0.9375763125763126,0.946504884004884,0.9370115995115995,0.9408730158730159,0.9380189255189255,0.7735958485958486,0.9409035409035409,0.9441849816849817,0.9361263736263736,0.9441697191697191,0.9499771062271063,0.9357905982905983,0.9474969474969475,0.9358363858363858,0.9400030525030524,0.9378510378510378,0.7738247863247862,0.939957264957265,0.9416666666666668,0.9377136752136752,0.9452686202686202,0.9492139804639804,0.9365079365079365,0.9478327228327228,0.9366605616605617,0.9403235653235654,0.938507326007326,0.7738858363858363,0.9405372405372405,0.9413461538461538,0.9378052503052502
157,0.95647927729964,0.9624534578526521,0.9450802661295244,0.9562046023316852,0.94401208569859,0.944820850882012,0.9412348165781603,0.7901330647622536,0.9449429286455473,0.9492003906488432,0.9564182384178721,0.9540224623084905,0.9524659708234144,0.9497650003051944,0.9588445339681375,0.9492919489714948,0.9499328572300556,0.9475523408411157,0.7982512360373558,0.9496581822621009,0.9479796130134895,0.957013367515107,0.9546481108466093,0.9563037905145577,0.9497344808643106,0.9597601171946529,0.9489562351217725,0.9491546114875176,0.9463926020875298,0.7993346761887322,0.9491240920466337,0.9536409692974425,0.9574406396874808,0.9548159677714704,0.9576924250747728,0.9499175975096137,0.9604162851736557,0.9489714948422147,0.9495361044985656,0.9467588353781359,0.799975584447293,0.9493682475737044,0.943996825978148,0.9573643410852712
158,0.9498565586278459,0.9557544405786486,0.9367484587682354,0.9496887017029848,0.9352682658853689,0.9357870963803943,0.9309497650003052,0.7702038698651041,0.9357107977781847,0.9429133858267716,0.9436458524079838,0.9537172678996522,0.9544802539217482,0.9398156625770616,0.9527864249526948,0.9376793017151925,0.937190990661051,0.9338491118842703,0.7751174998474027,0.9371757309406092,0.9403039736312031,0.9472013672709515,0.9536867484587683,0.9547701886101447,0.9398767014588292,0.953351034609046,0.9376640419947506,0.9374809253494476,0.9336202160776415,0.776612952450711,0.9374198864676799,0.9446835133980346,0.9476286394433254,0.9533357748886041,0.9542437282548984,0.939357870963804,0.9531679179637429,0.9372978087041446,0.937007874015748,0.9334065799914546,0.7760178233534761,0.9371604712201672,0.943249099676494,0.9466977964963683
159,0.9376974135957885,0.9456092164492255,0.9311512932021058,0.9380331120775157,0.9256580453192951,0.9317158770122835,0.930739299610895,0.7871213855191882,0.9311512932021057,0.9294728007934692,0.9407644769970245,0.9352559700923171,0.9368047608148318,0.9312733653772792,0.9369039444571603,0.9281910429541467,0.9327534905012589,0.9282825970855269,0.7893339436942093,0.9324025329976349,0.930304417486839,0.9367360952162966,0.9352101930266271,0.9367818722819867,0.9314259555962463,0.9375753414206149,0.9279468986037995,0.932799267566949,0.928770885786221,0.7902952620737012,0.932402532997635,0.9352559700923171,0.937621118486305,0.9353933012893875,0.938651102464332,0.9311055161364157,0.9375906004425116,0.9275349050125887,0.9330739299610895,0.9291523613336385,0.7906004425116351,0.9330281528953994,0.9333791103990234,0.9375753414206149
160,0.9520197781067345,0.9562012605490866,0.9550261724174768,0.9382544599935905,0.9502952981213851,0.9551024768416073,0.953698475437606,0.7934591847635326,0.9549803897629984,0.9441451615364658,0.94745677354373,0.9465258595693378,0.9531490835838663,0.9521113434156913,0.9420544203152897,0.9502647763517329,0.9507531246661681,0.9476704259312955,0.7965876661528836,0.9506462984723856,0.9432752911013781,0.9421917682787248,0.9469150121324036,0.9531033009293878,0.9519587345674303,0.9436720741068567,0.9501426892731241,0.9506768202420376,0.9476093823919911,0.7964197964197963,0.9505699940482548,0.9450455537412059,0.9424817250904207,0.9469150121324036,0.9531033009293878,0.9519587345674303,0.9436720741068567,0.9501426892731241,0.9506768202420376,0.9476093823919911,0.7964197964197963,0.9505699940482548,0.9450455537412059,0.9424817250904207
161,0.9469627594627594,0.9472832722832722,0.9429334554334554,0.9487179487179487,0.9458333333333333,0.9428418803418803,0.9460164835164835,0.8948717948717949,0.94247557997558,0.9511446886446887,0.9539987789987789,0.9492521367521367,0.948344017094017,0.9455433455433456,0.9492826617826617,0.9489774114774115,0.9478479853479853,0.948489010989011,0.8973443223443224,0.9474969474969475,0.9524114774114774,0.952930402930403,0.9492063492063492,0.948313492063492,0.9455738705738705,0.9492826617826617,0.9490079365079365,0.9477258852258852,0.9485653235653236,0.8975274725274726,0.9473901098901099,0.9534035409035408,0.953021978021978,0.9492521367521367,0.9482905982905983,0.9458180708180708,0.9494047619047619,0.9492673992673993,0.9479395604395605,0.9487484737484738,0.8978785103785104,0.9477106227106227,0.9518315018315018,0.9533577533577533
162,0.939024948500801,0.9431982909895475,0.922194247348745,0.9378805218585489,0.919981689173724,0.9208209353780423,0.9172961013199054,0.750743877317464,0.9206836041809721,0.9282215609979401,0.9395895323109789,0.9353780422674907,0.9375143053330282,0.9237659266041047,0.9358052948805982,0.9222705424582285,0.9221484702830549,0.918272678721294,0.751140611886778,0.922087434195468,0.9333485923552299,0.9360952162966354,0.9356374456397346,0.9376516365300984,0.9239642938887618,0.9365072098878461,0.9233386739909973,0.9220721751735714,0.9184100099183643,0.752452887769894,0.9219806210421913,0.9344930189974823,0.9358815899900816,0.9358968490119783,0.9380636301213092,0.9242694743266956,0.9370870527199205,0.923247119859617,0.9222858014801251,0.9178759441519799,0.7508812085145342,0.9225146868085755,0.9338979171435111,0.9363241016250858
163,0.9581272893772894,0.9590201465201464,0.9605006105006105,0.9501526251526252,0.9586385836385837,0.9572496947496948,0.9526251526251526,0.741941391941392,0.9575244200244202,0.9544261294261295,0.9487942612942614,0.9573946886446887,0.960515873015873,0.9620573870573871,0.9518620268620268,0.9603327228327229,0.9576312576312576,0.9525335775335775,0.7522741147741148,0.9576617826617826,0.9561965811965812,0.9523656898656899,0.9572954822954823,0.9609661172161171,0.9612942612942613,0.9522741147741147,0.9596611721611722,0.9571428571428572,0.9522741147741147,0.7514346764346764,0.9571123321123322,0.9517857142857142,0.9526251526251527,0.9576770451770452,0.9605311355311356,0.961553724053724,0.9523656898656899,0.9599053724053724,0.9578144078144079,0.9531746031746031,0.7516178266178266,0.9576465201465202,0.9543498168498169,0.953021978021978
164,0.9415323811267778,0.952572788866508,0.9351614478422755,0.9407007263626932,0.933681254959409,0.940105597265458,0.9395104681682231,0.8134499175975096,0.9395257278886651,0.9247085393395593,0.942470853933956,0.9414637123847892,0.9548388573521333,0.9433711774400294,0.9416163095892083,0.9401513764267838,0.9486663004333761,0.945950070194714,0.8123512177256911,0.9486052615516084,0.9472318867118353,0.9406549472013672,0.9424403344930721,0.9549685649758897,0.9440731245803577,0.9421961789660014,0.9392510529207104,0.948681560153818,0.945187084172618,0.8117713483488982,0.9488188976377953,0.942058841482024,0.939937740340597,0.9430812427516327,0.9555484343526827,0.9447445522798021,0.94282182750412,0.9401818958676678,0.9500091558322652,0.9468046145394616,0.8138466703289995,0.9498565586278459,0.9446987731184765,0.9404260513947384
165,0.9250305250305251,0.9342490842490843,0.9214133089133089,0.9188797313797313,0.9198870573870574,0.9109432234432234,0.9074481074481074,0.7947039072039073,0.9109432234432234,0.927014652014652,0.9179181929181929,0.9225885225885226,0.9294948107448107,0.9185744810744811,0.9211691086691086,0.9190018315018315,0.9141178266178267,0.9100732600732602,0.7968253968253969,0.9143772893772895,0.9253052503052503,0.9197344322344323,0.9222832722832723,0.9295634920634921,0.9168345543345544,0.9203296703296704,0.9171550671550672,0.9133089133089133,0.9092490842490842,0.7937576312576313,0.9133547008547009,0.930479242979243,0.9178418803418804,0.9221001221001222,0.9296703296703297,0.9159493284493285,0.9200702075702076,0.9169719169719169,0.91256105006105,0.9085470085470085,0.7926129426129426,0.9125915750915752,0.9262515262515263,0.9178418803418804
166,0.9524659708234147,0.9548235976316913,0.9272263932124762,0.9537020081792102,0.9276841848257341,0.9318043093450528,0.9306293108710249,0.8013642190075078,0.9314838552157725,0.924586461576024,0.9605688823780748,0.954312396996887,0.9542284685344564,0.9340627479704572,0.9554263565891472,0.9344137215406215,0.9359244338643716,0.9334981383141061,0.804019410364402,0.9357413172190686,0.9424861136543978,0.9585393395592992,0.9541521699322469,0.9541445400720259,0.9344442409815054,0.9552432399438442,0.934505279863273,0.9357260574986267,0.9334828785936642,0.8020814258682781,0.9354056033693463,0.9336507355185254,0.957227003601294,0.9533968137703719,0.9536638588781052,0.9341543062931088,0.9560214856863821,0.9335744369163157,0.9357260574986267,0.9331471647439419,0.8023713605566747,0.9355582005737655,0.9374580357687847,0.9567844717084784
167,0.9563279449252796,0.9462914625024805,0.9471233838591993,0.9534429332478515,0.9487109035123872,0.9456121872662606,0.9436430523118255,0.8499335989375831,0.9454595411457617,0.9322403871105616,0.9512906229488177,0.9542290607684205,0.9463906824808048,0.9468028270061517,0.952572850361008,0.9478713498496436,0.9448336920517164,0.94437575369022,0.8570316435407794,0.9446047228709682,0.9372777090870236,0.9522217642838607,0.9540764146479218,0.9464822701531042,0.946360153256705,0.9528170841538062,0.9473523530399475,0.9447115751553175,0.9438872861046236,0.8568637328082307,0.9446657813191679,0.9369724168460258,0.9518859428187633,0.9539695623635726,0.946497534765154,0.9461159194639067,0.9526949672574072,0.9470623254109998,0.9444520767504694,0.9438567568805238,0.8566805574636319,0.9443910183022699,0.9441009906733219,0.9514432690693166
168,0.9432814992025519,0.9483498957183167,0.9154244877929089,0.9409428291007238,0.914458348668875,0.9248865169917801,0.9166359955833641,0.7878787878787878,0.9248251748251749,0.9233989694516012,0.9409274935590725,0.9404980983928354,0.9402834008097166,0.9181082075818918,0.9414335664335663,0.9163906269169426,0.9239203778677464,0.9163752913752913,0.7880168077536499,0.9241197399092137,0.9341951907741382,0.9398693411851307,0.9423843700159489,0.9415102441418232,0.9181082075818918,0.9426144031407191,0.9160839160839161,0.9240890688259109,0.9153938167096062,0.7863605692553061,0.9240890688259109,0.923997055576003,0.9404060851429272,0.9424610477242057,0.9416942706416391,0.9177861612072138,0.9427984296405348,0.9157311986259354,0.9234603116182064,0.9148264016685069,0.7862378849220955,0.9235063182431603,0.9222488038277512,0.9406667893509999
169,0.947704938045535,0.9452328633339439,0.9460111090764817,0.9507263626930356,0.9435085149240066,0.9465909784532748,0.9450802661295246,0.7681285478850028,0.9462857840444363,0.9421656595251174,0.9535799304156748,0.9575321980101325,0.9516877250808765,0.9529085027162302,0.9559451870841726,0.95020753219801,0.9539156442653971,0.9497192211438686,0.7758347067081731,0.953915644265397,0.9509399987792223,0.9558231093206373,0.9577458340963193,0.952382042360984,0.9529237624366721,0.9555331746322406,0.9498412989074039,0.9536867484587683,0.9495361044985655,0.7758041872672894,0.9539003845449551,0.9502990905206616,0.9541750595129097,0.9577916132576451,0.953137398522859,0.9530916193615332,0.9555942135140083,0.9498412989074039,0.9540072025880486,0.9497039614234266,0.7761246413965696,0.9540072025880487,0.9537096380394311,0.9542208386742355
170,0.9353014787797396,0.9463045767393593,0.9392769392769392,0.943412639064813,0.9389564606955912,0.9431684649075953,0.9436873349916828,0.7977932760541455,0.942970073404856,0.9303187998840172,0.9480061653974697,0.9482808613243395,0.9486776443298183,0.9459306850611199,0.9547819982602591,0.943549987028248,0.9478077738947304,0.9470905123079035,0.8033024554763685,0.9474567735437301,0.9480443176095349,0.9537442580920842,0.9482808613243395,0.9486776443298183,0.9459306850611199,0.9547819982602591,0.943549987028248,0.9478077738947304,0.9470905123079035,0.8033024554763685,0.9474567735437301,0.9480443176095349,0.9537442580920842,0.9482808613243395,0.9486776443298183,0.9459306850611199,0.9547819982602591,0.943549987028248,0.9478077738947304,0.9470905123079035,0.8033024554763685,0.9474567735437301,0.9480443176095349,0.9537442580920842
171,0.9317387655451286,0.9283436331731136,0.9241931792172121,0.9269245441367209,0.9217669947356374,0.9224383916990921,0.918822003509575,0.7714808880750743,0.9222858014801252,0.9343862058442054,0.91967650873579,0.922194247348745,0.9185015640497445,0.9213092240787367,0.9184100099183643,0.9199664301518273,0.9223773556115054,0.9174334325169756,0.7741054398413062,0.9222858014801251,0.9395742732890822,0.917311360341802,0.9223926146334022,0.9207522697795072,0.922438391699092,0.9181353475242237,0.9207446402685588,0.9236285954070345,0.9184100099183642,0.7725490196078432,0.9235675593194477,0.9342183566033417,0.9161821927214466,0.9224536507209888,0.9204699778744183,0.922545204852369,0.9173266193636989,0.9197833218890669,0.9237506675822079,0.918669413290608,0.7713740749217974,0.9236591134508277,0.9316853589684901,0.914656290531777
172,0.9515961667582251,0.950802661295245,0.9314838552157724,0.9520539583714827,0.932353659280962,0.9348867728743209,0.9334370994323382,0.8222395165720564,0.9349172923152048,0.9473387047549289,0.9457516938289691,0.9538851248245132,0.9486586705731551,0.9377250808765183,0.9542360983946773,0.9383659891350791,0.9410059207715314,0.9396478056522004,0.8313953488372093,0.9409448818897638,0.9445843252151621,0.94750656167979,0.9548312274919123,0.9499786363913814,0.9388237807483367,0.9547854483305865,0.9405939083195995,0.9418909845571628,0.9398004028566197,0.8305408044924616,0.941860465116279,0.9509247390587805,0.948101690777025,0.9544192150399804,0.9499099676493926,0.9389305987914301,0.9545107733626319,0.9398309222975035,0.9416773484709761,0.9394646890068975,0.8313343099554416,0.9418299456753954,0.949261429530611,0.9481779893792346
173,0.9412424464383811,0.9485137032289567,0.9325978148080327,0.9401818958676676,0.9336507355185253,0.9340322285295732,0.9290117805041812,0.7817402185191966,0.9338643716047123,0.9361838491118843,0.9539461637062809,0.9470640297869743,0.9505890252090582,0.9342458646157603,0.9586156381615089,0.9371909906610509,0.9359091741439297,0.9314838552157724,0.7877220289324299,0.9359091741439296,0.9423258865897577,0.9608588170664714,0.9481169504974669,0.9512604529085028,0.934490020142831,0.958981871452115,0.9377098211560764,0.9361533296710004,0.9314685954953305,0.7878441066959653,0.9361533296710004,0.9437297808704144,0.9604925837758652,0.9481169504974669,0.9512604529085028,0.934490020142831,0.958981871452115,0.9377098211560764,0.9361533296710004,0.9314685954953305,0.7878441066959653,0.9361533296710004,0.9437297808704144,0.9604925837758652
174,0.9634157551245518,0.9664414621441924,0.9565523792015197,0.964243037043846,0.9575788215828662,0.9583754634310753,0.9563532187394675,0.8507675337806783,0.9582069430401079,0.9612709501486043,0.9574715813340687,0.9659665410423752,0.9693446088794925,0.9605815485491926,0.9661580414866563,0.9611943499708918,0.9615313907528265,0.9584061035021603,0.8530195790054232,0.9613781903974017,0.9592793455280817,0.9538254128749579,0.9656295002604406,0.9702561509942703,0.9597083065232712,0.9661733615221987,0.9601679075895456,0.9608726292244996,0.9578392621870881,0.8515794956644299,0.9607500689401599,0.9588810246039772,0.9539326531237553,0.9658286607224928,0.970087630603303,0.9605355884425651,0.9659588810246039,0.9607807090112449,0.9608113490823299,0.9580077825780556,0.8524067775837241,0.9608879492600422,0.9591721052792843,0.953319851702056
175,0.9531948662383444,0.9637096158835289,0.9412761151891587,0.9516992995253865,0.944908205777771,0.938346025302547,0.9323790193355411,0.7941611854655333,0.9381018511453294,0.9462816854121201,0.9503258198910373,0.9490591664504708,0.9481282524760787,0.9451218581653364,0.9511804294412991,0.9484945137119051,0.9413982022677675,0.9362858058510233,0.7999450608146259,0.9414439849222458,0.9514856471378211,0.9507226028965159,0.9475712301799258,0.9490133837959924,0.9448471622384667,0.9511041250171686,0.9483724266332964,0.9414134631525936,0.9363926320448059,0.800097669662887,0.9411998107650281,0.9566590870938698,0.9507836464358204,0.947617012834404,0.9495093625528409,0.9447098142750316,0.9511651685564728,0.948479252827079,0.9411998107650281,0.9363315885055015,0.8002655393959741,0.9410929845712455,0.956094434355304,0.950280037236559
176,0.9478575352499543,0.9526948666300433,0.9393883904046878,0.949841298907404,0.9401055972654581,0.9383965085759629,0.9337422938411768,0.8007843496307147,0.9384422877372887,0.9422495879875481,0.9461942257217847,0.9535494109747908,0.9567997314289202,0.9426997497405848,0.9554568760300312,0.9417078679118598,0.940929622169322,0.9340169688091314,0.801348959287066,0.9411737776963925,0.9492003906488433,0.9429133858267716,0.9532594762863944,0.9580510285051577,0.9418299456753954,0.9553958371482634,0.9409601416102057,0.9404718305560642,0.933910150766038,0.8037752548373314,0.9406396874809254,0.9500854544344748,0.9432033205151681,0.9533662943294879,0.9584325215162058,0.9420283220411403,0.9556552523957761,0.9408838430079961,0.940136116706342,0.9334676188732223,0.8035005798693768,0.9404260513947384,0.9451565647317342,0.942455594213514
177,0.9392616783921132,0.9385596776901126,0.935354891876631,0.9366368062020236,0.9360111099241535,0.9355685442641964,0.9359042837303707,0.798312146138233,0.9353854136462832,0.9385291559204603,0.945808597982511,0.9351717612587178,0.9383765470721993,0.9325468890686281,0.9399178964396355,0.9352785874525006,0.9335846292368032,0.9345918476353258,0.8070566331435896,0.9332794115402813,0.9376898072550247,0.9446487707357274,0.9355990660338486,0.9390480260045476,0.9328673676499762,0.9399178964396356,0.9354159354159355,0.933706716315412,0.9350191524104567,0.8067056327925892,0.933264150655455,0.9401239183847878,0.9439315091489004,0.9355532833793704,0.9405283318326796,0.9329741938437591,0.9399636790941138,0.935507500724892,0.9335998901216293,0.9348665435621957,0.8064767195201978,0.933111541807194,0.9375524592915897,0.9440841179971615
178,0.943185113950329,0.9470394284929249,0.9315992734044665,0.9434598769672268,0.930607073621224,0.9342247866770466,0.9276152096594464,0.7295568683121919,0.934438491245745,0.9355833371494863,0.9525575857489582,0.9529697302743051,0.9495962510112806,0.9387889056799622,0.9516264444139153,0.9378577643449192,0.9408496283066966,0.9349422234433912,0.7261528598250676,0.9408343636946468,0.9419181511501886,0.9515806505777656,0.9530918471707042,0.9501915708812261,0.9386515241715133,0.9519012074308132,0.9383309673184657,0.941185449771794,0.9353391033566881,0.7259086260322694,0.941063332875395,0.9429637770756057,0.9509853307078201,0.9529849948863549,0.9497412648257545,0.9383004380943659,0.9515043275175162,0.9377814412846698,0.940803834470547,0.9347285188746929,0.7241074018103829,0.9408496283066964,0.9424753094900093,0.9506189800186228
179,0.9300341817737898,0.934490020142831,0.9387780015870109,0.9321705426356588,0.9429744247085394,0.9404260513947386,0.9375114447903314,0.8064304461942257,0.9405023499969482,0.9336812549594091,0.9322621009583104,0.935649758896417,0.9351995971433804,0.943035463590307,0.9378318989196119,0.9464841604101814,0.9445309161936154,0.9424708539339559,0.8156930965024721,0.9445919550753831,0.9454846487212355,0.9351309284013917,0.9369163156930965,0.9402734541903192,0.943233839956052,0.9386101446621498,0.947720197765977,0.9448208508820118,0.943035463590307,0.8159982909113106,0.9451718244521761,0.9421961789660014,0.9357718366599523,0.937007874015748,0.9410059207715316,0.9433864371604711,0.9387017029848014,0.9474302630775804,0.9451260452908502,0.943416956601355,0.8162577061588232,0.9454770188610145,0.9416315693096502,0.9358023561008363
180,0.9503021240234375,0.9490814208984375,0.93408203125,0.9494476318359375,0.9333343505859375,0.9356231689453125,0.932464599609375,0.8187713623046875,0.9355316162109375,0.932342529296875,0.9550018310546875,0.9554367065429688,0.949737548828125,0.9403076171875,0.9507904052734375,0.9401397705078125,0.9420013427734375,0.9381256103515625,0.8240966796875,0.94219970703125,0.9412841796875,0.9545745849609375,0.9557571411132812,0.9506988525390625,0.9407196044921875,0.9514923095703125,0.9401702880859375,0.942291259765625,0.938385009765625,0.8256988525390625,0.94232177734375,0.9454803466796875,0.954986572265625,0.955291748046875,0.9501800537109375,0.940826416015625,0.95135498046875,0.9402923583984375,0.94219970703125,0.938568115234375,0.8251495361328125,0.9423065185546875,0.9456634521484375,0.9547271728515625
181,0.9473487449454491,0.9499809262226291,0.9427023727779049,0.9470969710841536,0.9418020904859998,0.9452658884565499,0.9424582284275578,0.7932860303654536,0.9449759670405127,0.9393911650263218,0.9530174715800717,0.9492179751277943,0.9493095292591746,0.9406576638437476,0.9549095902952621,0.9393911650263218,0.9454947737850004,0.944457160296025,0.793621728847181,0.9452048523689631,0.9432364385442894,0.9511406118867781,0.9491111619745175,0.9489356832227055,0.9404287785152972,0.9549858854047456,0.9389333943694209,0.9449454489967193,0.9437857633325704,0.7937285420004578,0.9445487144274051,0.9392385748073547,0.9512016479743648,0.9492179751277943,0.9490119783321889,0.9398641947051194,0.9551995117112994,0.9386282139314869,0.9445029373617151,0.9437094682230869,0.7942778667887388,0.9443198290989547,0.9414358739604791,0.9515526054779889
182,0.9565946691176471,0.9577129289215686,0.9498161764705882,0.9546875,0.9474571078431373,0.9457414215686274,0.9451286764705882,0.7993566176470588,0.9457414215686274,0.9474571078431373,0.9597426470588235,0.9570082720588236,0.9589690563725489,0.9490808823529412,0.9597120098039215,0.9489430147058824,0.947702205882353,0.9471813725490197,0.8102634803921568,0.9476868872549019,0.9513939950980391,0.9594669117647059,0.9569852941176471,0.958670343137255,0.9494485294117647,0.9600183823529411,0.9491727941176471,0.9477787990196078,0.9475183823529411,0.8109681372549019,0.9479166666666667,0.9496017156862745,0.9595128676470589,0.9571691176470587,0.9587775735294117,0.9498468137254903,0.9601715686274509,0.9493719362745098,0.9482996323529411,0.9481311274509804,0.8111825980392158,0.948452818627451,0.9498314950980391,0.9599877450980392
183,0.9284166514069462,0.9311328816456083,0.9161020570103157,0.9240676310809985,0.9085637551120064,0.9182078984313008,0.9158579014832449,0.6948666300433376,0.9176432887749497,0.9157053042788256,0.9292254165903681,0.9451565647317342,0.9401818958676676,0.9256546420069584,0.9401971555881097,0.9206799731428921,0.9280656778367822,0.925166330952817,0.7076237563327838,0.9279130806323629,0.9383507294146372,0.9347189159494599,0.9451565647317342,0.9401818958676676,0.9256546420069584,0.9401971555881097,0.9206799731428921,0.9280656778367822,0.925166330952817,0.7076237563327838,0.9279130806323629,0.9383507294146372,0.9347189159494599,0.9451565647317342,0.9401818958676676,0.9256546420069584,0.9401971555881097,0.9206799731428921,0.9280656778367822,0.925166330952817,0.7076237563327838,0.9279130806323629,0.9383507294146372,0.9347189159494599
184,0.9479191999027239,0.9425006079766537,0.946452456225681,0.9508450875486381,0.9453580982490273,0.9472276264591439,0.946786843385214,0.8181237840466926,0.9470756322957198,0.9544017509727626,0.9544169503891051,0.9551161235408561,0.9503663059338522,0.951392266536965,0.9581256079766537,0.9502523103112841,0.953049002918288,0.9517266536964981,0.828824173151751,0.9528970087548638,0.953383390077821,0.9570312499999999,0.9566284654669259,0.9501839129377434,0.9504651021400778,0.9578824173151751,0.9488539640077822,0.951833049610895,0.9504195038910507,0.8248419260700389,0.9517418531128405,0.9535809824902725,0.9567120622568093,0.9570388497081712,0.9505258998054474,0.9498875243190661,0.9583080009727627,0.9484131809338522,0.951726653696498,0.9496899319066149,0.8242491488326849,0.9517570525291829,0.9555265077821012,0.9565904669260702
185,0.9528648813611048,0.9523918516823071,0.9455558098725871,0.9441367208361944,0.9431601434348058,0.9477683680476081,0.9379568169680323,0.7678797589074541,0.9477683680476081,0.9491874570840009,0.9401541161211566,0.9450370031280995,0.9485618371862363,0.9486839093614099,0.9444571602960251,0.9482871747920959,0.9510795757991912,0.9398031586175326,0.7771419851987488,0.951400015259022,0.9525291828793775,0.9357289997711147,0.9447623407339589,0.9485160601205463,0.9482108796826123,0.9441367208361945,0.948027771419852,0.9504081788357367,0.9396200503547723,0.7777676050965133,0.9508049134050508,0.9541924162661174,0.9367971313038834,0.944808117799649,0.9484702830548563,0.9477531090257115,0.9437399862668803,0.9470511940184634,0.9500724803540093,0.9393759060044251,0.776379034103914,0.9503013656824597,0.9581597619592584,0.9359731441214619
186,0.9220263981078813,0.9407644769970244,0.9080338750286107,0.913542381933318,0.9090409704737926,0.9089951934081025,0.8987258716716259,0.7490501258869307,0.9090867475394828,0.9237506675822081,0.8891889829861906,0.9193713282978562,0.9274891279468985,0.9156328679331655,0.9149156939040207,0.9112993057145037,0.91621271076524,0.9033798733501183,0.7611505302510109,0.9163347829404136,0.9218814373998626,0.8918745708400091,0.9198062104219119,0.9268863965819791,0.913954375524529,0.913954375524529,0.908674753948272,0.9154497596704051,0.9018539711604486,0.7638666361486228,0.9158159761959259,0.9192034790569925,0.8932478828107119,0.918776226443885,0.925963225757229,0.9130693522545206,0.9136491950865949,0.9062485694666972,0.9142900740062563,0.9012893873502709,0.765117875944152,0.9147020675974671,0.9197528038452736,0.8942092011902038
187,0.9456870229007633,0.9414656488549618,0.928793893129771,0.9433129770992366,0.9288091603053434,0.923618320610687,0.9252519083969466,0.7685801526717557,0.9230381679389312,0.9251603053435115,0.9270076335877862,0.949412213740458,0.9479770992366412,0.9385648854961832,0.9470687022900763,0.9386259541984734,0.9336335877862595,0.9324580152671754,0.7753129770992366,0.9332977099236641,0.9415572519083969,0.929175572519084,0.9494580152671754,0.9482900763358779,0.9385801526717558,0.947496183206107,0.9385343511450381,0.9332824427480917,0.9326106870229007,0.7770687022900764,0.9333129770992366,0.9316641221374047,0.9299083969465648,0.9496564885496184,0.9490381679389313,0.9389770992366412,0.9477709923664123,0.9386564885496184,0.9338167938931297,0.9332213740458016,0.7770534351145039,0.9336641221374047,0.9369923664122136,0.9305038167938932
188,0.963836669921875,0.9591064453125,0.94476318359375,0.9646453857421875,0.942352294921875,0.9493560791015625,0.9456939697265625,0.777923583984375,0.949249267578125,0.9439544677734375,0.962921142578125,0.96356201171875,0.95880126953125,0.946136474609375,0.9639129638671875,0.9452056884765625,0.94964599609375,0.947296142578125,0.7869873046875,0.9493255615234375,0.956207275390625,0.96331787109375,0.96337890625,0.957794189453125,0.9461669921875,0.963653564453125,0.945953369140625,0.94915771484375,0.9468994140625,0.7852935791015625,0.9490203857421875,0.952850341796875,0.9633941650390625,0.9632568359375,0.9573135375976562,0.94598388671875,0.9636993408203125,0.9457855224609375,0.9492645263671875,0.94696044921875,0.7850189208984375,0.9489593505859375,0.954132080078125,0.9620819091796875
189,0.9241134102423243,0.9206036745406825,0.9104254410059208,0.9254867850820974,0.9131569309650248,0.909204663370567,0.905710187389367,0.7118506988951963,0.9090825856070317,0.9232893853384606,0.9229078923274127,0.9215650369285234,0.9250366233290607,0.9108069340169689,0.9281572361594336,0.9165445889031313,0.9125923213086736,0.9112342061893426,0.7154519929194897,0.9126838796313251,0.9231596777147043,0.925135811511933,0.9219007507782457,0.9243117866080693,0.9101507660379662,0.927897820911921,0.9160562778489898,0.9117682964048099,0.9106238173716658,0.7184123786852226,0.9120582310932064,0.9216413355307331,0.9258987975340293,0.9230833791124947,0.9244033449307208,0.9098455716291278,0.9276384056644082,0.9160562778489898,0.9116462186412745,0.9103491424037111,0.7178477690288715,0.9117072575230423,0.9240981505218825,0.9262039919428676
190,0.9547437378404668,0.9509058852140078,0.948853964007782,0.9523346303501946,0.9471820282101167,0.9468476410505836,0.9442637402723737,0.8030307636186771,0.9466652480544746,0.9479723978599223,0.9550553258754865,0.9531629985408561,0.9572440418287937,0.9460420719844358,0.9504803015564202,0.94443093385214,0.9457228842412452,0.9415278453307393,0.80078125,0.9456924854085603,0.9405550826848249,0.9516202577821011,0.9530718020428015,0.9566360651750971,0.9458140807392996,0.9505562986381322,0.9441573443579767,0.9454796935797667,0.9411478599221791,0.8010852383268483,0.9454188959143969,0.9385487597276265,0.9511490758754864,0.9531781979571985,0.9572136429961089,0.9460420719844358,0.9505714980544745,0.9447957198443581,0.9454796935797665,0.9413302529182879,0.8009636429961089,0.9455252918287937,0.9436861624513618,0.9510882782101169
191,0.9520789288231148,0.9486472408615987,0.9375555351288415,0.9537181726261605,0.9382908968348808,0.9343383276649202,0.9316879615160707,0.8315255691393204,0.9343536477004627,0.929282715935901,0.9353341299751816,0.9411097833746975,0.9380687563195147,0.9416613046542268,0.9516040077212978,0.9427643472132855,0.938520697368018,0.9356405306860311,0.8418512730949537,0.938306216870423,0.9361460918589332,0.9404816619174556,0.937287434506848,0.9333808254435149,0.9407114624505929,0.9468854367742133,0.9418298250451942,0.9374329748445016,0.9351656095842142,0.8419585133437508,0.9373257345957042,0.933541685816711,0.9396390599626191,0.937287434506848,0.9333808254435149,0.9407114624505929,0.9468854367742133,0.9418298250451942,0.9374329748445016,0.9351656095842142,0.8419585133437508,0.9373257345957042,0.933541685816711,0.9396390599626191
192,0.9416495002670329,0.9350270847638666,0.9262684061951628,0.9452506294346532,0.9241321431296253,0.9246967269398031,0.9271839475089647,0.8081025406271458,0.9241626611734188,0.9323872739757381,0.9443656061646448,0.9473716334782941,0.9379415579461357,0.9302967879758908,0.9476615548943312,0.9279926756694896,0.9285191119249258,0.9308613717860685,0.8120698863202869,0.9284809643701839,0.936217288471809,0.9433279926756695,0.9466620889600976,0.9377889677271687,0.9306782635233082,0.9473258564126039,0.9281452658884565,0.9291065842679483,0.9309224078736553,0.810910200656138,0.9288242923628596,0.9335317006179905,0.9431601434348058,0.946364538033112,0.9376821545738918,0.9301899748226138,0.9472800793469138,0.9280079346913863,0.9286182955672542,0.9304188601510645,0.8113374532692454,0.9283894102388036,0.933501182574197,0.9433585107194629
193,0.9474232289449681,0.9524475524475525,0.9512465795074491,0.9449832775919733,0.9507297050775312,0.9580875646093037,0.9572818485861964,0.8295682578291275,0.95784432958346,0.9537701429005775,0.9539069626026148,0.9519762845849803,0.952576771055032,0.9557008209182122,0.9481909394952875,0.9567193675889328,0.9611432046214655,0.959486166007905,0.8326847065977501,0.960975980541198,0.956339312861052,0.9547734873821833,0.9519610823958651,0.9525311644876863,0.9556096077835209,0.9481909394952873,0.9564609303739738,0.9610367892976589,0.9595317725752508,0.8326086956521741,0.9609455761629674,0.9577835208269991,0.9549255092733354,0.9519458802067499,0.9526223776223777,0.9557920340529036,0.9480389176041351,0.9564609303739738,0.9612496199452721,0.9595317725752509,0.8322134387351778,0.9612800243235026,0.9585588324718759,0.9543022195196108
194,0.9556572823682001,0.9556420233463035,0.9480735484855422,0.9629205767910277,0.9508506904707409,0.951445792324712,0.9502555886167696,0.8538796063172351,0.9514000152590218,0.9526359960326543,0.9621423666742961,0.9594415197985808,0.9583886472877088,0.9561608300907911,0.9649652857251849,0.958083466849775,0.9579766536964981,0.9559166857404441,0.8588540474555582,0.9578088044556344,0.9543755245288776,0.9612878614480811,0.9594415197985808,0.9583886472877088,0.9561608300907911,0.9649652857251849,0.958083466849775,0.9579766536964981,0.9559166857404441,0.8588540474555582,0.9578088044556344,0.9543755245288776,0.9612878614480811,0.9594415197985808,0.9583886472877088,0.9561608300907911,0.9649652857251849,0.958083466849775,0.9579766536964981,0.9559166857404441,0.8588540474555582,0.9578088044556344,0.9543755245288776,0.9612878614480811
195,0.933868408203125,0.937896728515625,0.9123077392578125,0.9400787353515625,0.9117889404296875,0.9145355224609375,0.915618896484375,0.7801513671875,0.9140777587890625,0.915740966796875,0.9435577392578125,0.937530517578125,0.9379348754882812,0.920166015625,0.94134521484375,0.9193267822265625,0.9211883544921875,0.922576904296875,0.788482666015625,0.9209747314453125,0.92596435546875,0.9444732666015625,0.9372024536132812,0.939605712890625,0.9214630126953125,0.9420928955078125,0.920745849609375,0.9223480224609375,0.9237060546875,0.79083251953125,0.921905517578125,0.9285125732421875,0.9445037841796875,0.93731689453125,0.9399795532226562,0.9198760986328125,0.94134521484375,0.9188995361328125,0.921295166015625,0.9232940673828125,0.78839111328125,0.9209747314453125,0.92120361328125,0.9441070556640625
196,0.9416495603419223,0.9465976286038175,0.9365023438218083,0.941557645761206,0.9281687551701951,0.9338521400778209,0.931263212720978,0.8331137596127333,0.9338521400778209,0.932680229173688,0.946766138668464,0.9428291307944484,0.9485814516376114,0.9430589172462391,0.9432580655044579,0.9370691504028922,0.9388614847268606,0.93471000949784,0.8277827139311866,0.9390299947915072,0.935276816078924,0.9417261558258526,0.9420401973099667,0.947876773185453,0.9410980728576244,0.9427678544073042,0.9358895799503663,0.9373142559514692,0.9331474616256625,0.82877845522228,0.9374674469193297,0.9272955666533901,0.9427218971169461,0.9420861546003249,0.948190814669567,0.940730414534759,0.9425993443426576,0.9354606452403567,0.9367934066607433,0.9325653359477926,0.8287631361254939,0.9370691504028923,0.9390376543399002,0.9427831735040901
197,0.9412913760739847,0.948051948051948,0.9333099333099333,0.938483373265982,0.9372319807102416,0.940268896790636,0.9349123262166741,0.788865658430876,0.9402688967906359,0.9403299403299403,0.935797457536588,0.9442062050757704,0.9449539884322493,0.9396737222824179,0.9421002029697682,0.9403146794451142,0.9448776840081188,0.9395821569734614,0.7993498863064081,0.9449539884322493,0.9416728981946374,0.9375524592915898,0.9447098142750316,0.9427945732293559,0.941459245807072,0.9430158560593344,0.9412303325346804,0.9452592061287713,0.9395821569734614,0.8001892349718436,0.9452897278984236,0.9445877271964229,0.938330764417721,0.9445266836571186,0.9424054206662902,0.9411540281105499,0.9429090298655516,0.9409708974926366,0.9452134234742929,0.9391548521983305,0.8006623224014529,0.9453812932073803,0.9427564210172906,0.9374608939826332
198,0.930128205128205,0.9273962148962148,0.9201923076923078,0.9301587301587302,0.9213217338217339,0.9227106227106228,0.9151556776556776,0.7098290598290599,0.9228785103785104,0.9205891330891329,0.9317002442002443,0.9379273504273504,0.9341880341880342,0.9317155067155067,0.9371794871794872,0.9331807081807082,0.9329212454212454,0.9256562881562881,0.7161630036630036,0.9328449328449329,0.9321733821733821,0.9353327228327228,0.9370344932844933,0.933470695970696,0.930982905982906,0.9365842490842492,0.9334249084249084,0.9318223443223443,0.9253052503052502,0.715995115995116,0.932112332112332,0.933562271062271,0.9351190476190476,0.9381944444444444,0.9352411477411479,0.9327228327228327,0.9370115995115994,0.9346153846153846,0.9336691086691087,0.9262362637362637,0.7155677655677656,0.9337454212454213,0.9350579975579975,0.9354548229548231
199,0.9444122137404579,0.946793893129771,0.932351145038168,0.9482290076335878,0.9353282442748092,0.9365648854961832,0.9295725190839694,0.7724274809160305,0.9365038167938932,0.9324274809160304,0.941969465648855,0.9421221374045802,0.9364732824427481,0.9393282442748091,0.9475267175572519,0.9406106870229007,0.9429007633587786,0.9353129770992368,0.7852213740458015,0.943267175572519,0.9431755725190839,0.941206106870229,0.9420152671755726,0.9356488549618319,0.9399389312977099,0.9475877862595419,0.9400152671755726,0.9430687022900762,0.9352366412213741,0.7859389312977099,0.9432824427480916,0.9415267175572519,0.9404885496183205,0.9423358778625954,0.9386641221374046,0.9396183206106871,0.9476488549618322,0.9405496183206107,0.9425496183206107,0.9349160305343511,0.7855419847328244,0.9428091603053435,0.9407938931297709,0.9407175572519084
200,0.9283098333638528,0.9437984496124031,0.9317432704632851,0.9130806323628152,0.9305530122688153,0.9327198925715681,0.9300799609351158,0.7322224256851615,0.9322468412378684,0.9241439296832081,0.9215345174876397,0.9236632484892876,0.9460416285173656,0.9349020325947629,0.9182384178721845,0.9325825550875907,0.9358786547030458,0.9327656717328938,0.7324360617713483,0.9357260574986267,0.9399072208997131,0.9199780260025636,0.9243117866080692,0.9450650064090826,0.9351309284013916,0.9182536775926265,0.9327046328511261,0.9356955380577427,0.9326893731306842,0.7311389855337851,0.9355734602942074,0.9348257339925532,0.9194439357870965,0.9242278581456388,0.9440426051394738,0.9349630714765306,0.9181468595495331,0.9328114508942197,0.935649758896417,0.9321400231947752,0.7307880119636209,0.9355276811328815,0.9248611365439786,0.9192455594213513
201,0.9583988279640452,0.9555145207319119,0.9450150319715536,0.9588108718543501,0.9425275077448989,0.9472583820409907,0.9446640316205533,0.7960840569536222,0.9469531643444687,0.9516687777557342,0.9602148732583515,0.9633357242052893,0.9580173058433928,0.9450455537412059,0.961328917850657,0.945518641170815,0.9468615990355121,0.945198162589467,0.803668716712195,0.9467547728417294,0.9586277412364368,0.961496787583744,0.9633357242052893,0.9580173058433928,0.9450455537412059,0.961328917850657,0.945518641170815,0.9468615990355121,0.945198162589467,0.803668716712195,0.9467547728417294,0.9586277412364368,0.961496787583744,0.9633357242052893,0.9580173058433928,0.9450455537412059,0.961328917850657,0.945518641170815,0.9468615990355121,0.945198162589467,0.803668716712195,0.9467547728417294,0.9586277412364368,0.961496787583744
202,0.9744320794628897,0.9661546951163432,0.9608663662282719,0.9730218584260707,0.9583831509243078,0.9582451945185321,0.9537539470860542,0.7858303442778748,0.9577546828535517,0.9634415524694198,0.9617400901315184,0.9743860939942978,0.9689368159661547,0.9637327937705018,0.9751371899812993,0.961586805236212,0.9605444679481282,0.9552254820809957,0.7881602746865324,0.9605138109690671,0.9664459364174254,0.9616174622152732,0.9745240504000735,0.9694349918759005,0.9633035960636439,0.9750452190441153,0.960988994144517,0.960391183052822,0.9548575983322604,0.7872558938042247,0.9605138109690671,0.9631196541892761,0.9608663662282719,0.9739492320426746,0.969565284036911,0.9623992151813361,0.975014562065054,0.9610043226340477,0.9600539562831478,0.9540451883871364,0.786550783285815,0.9598087004506576,0.9683773260982863,0.9616021337257425
203,0.9644345079127687,0.9563843911669999,0.959238176629481,0.9630839196056588,0.9599401773314817,0.9582920017702626,0.9585209150426541,0.8511453294061989,0.9580783493826972,0.9493338623773406,0.9655561829474872,0.9627100279274192,0.9577883925710012,0.9603522212217864,0.9666549666549666,0.9605963953790041,0.9577731316861752,0.9576815663772185,0.8543653761045065,0.9577120881468708,0.9527599310208006,0.966853358157706,0.9628702672180933,0.9587116761029804,0.9608100477665695,0.9666854884246189,0.9612983960810048,0.9584598715033498,0.9579715231889145,0.854762159109985,0.9583377844247409,0.9544996718909763,0.9668533581577059,0.9629770934118761,0.9598180902528729,0.9605506127245258,0.96683809727288,0.9610542219237871,0.9583530453095671,0.9579104796496102,0.8559067254719429,0.9582156973461321,0.9538281929586276,0.9673722282417936
204,0.9609982976653697,0.9559976896887159,0.9507234922178989,0.9581712062256809,0.9522130350194552,0.9476380107003892,0.943062986381323,0.818321376459144,0.9475924124513619,0.9515138618677043,0.9630198200389104,0.9545613448443581,0.9558304961089494,0.9507690904669259,0.9575176313229572,0.9515442607003891,0.9486411721789882,0.9438229571984436,0.8242035505836576,0.9485195768482491,0.9457228842412451,0.958946376459144,0.9542269576848249,0.956073686770428,0.9506626945525292,0.9578672178988326,0.9516810554474708,0.948853964007782,0.9437773589494163,0.8241731517509728,0.9486259727626459,0.946308061770428,0.9590375729571985,0.9542269576848249,0.956073686770428,0.9506626945525292,0.9578672178988326,0.9516810554474708,0.948853964007782,0.9437773589494163,0.8241731517509728,0.9486259727626459,0.946308061770428,0.9590375729571985
205,0.9378423743038071,0.9348134584573129,0.9215838864728771,0.9439993896391241,0.9184252689402609,0.9272449835965514,0.9220569161516747,0.8019073777370871,0.9269855802243077,0.9335774776836804,0.9451132982375828,0.9454947737850005,0.942397192339971,0.9297627222095064,0.9487754634927901,0.9250171663996338,0.9321736476691844,0.9276112001220722,0.8104219119554437,0.9324483100633248,0.9345998321507593,0.9492484931715877,0.945464255741207,0.9406958113984893,0.9295643549248492,0.9487602044708934,0.9249866483558404,0.9320973525597009,0.927519645990692,0.8101472495613031,0.9323567559319447,0.9337911039902341,0.9493095292591744,0.945464255741207,0.9406958113984893,0.9295643549248492,0.9487602044708934,0.9249866483558404,0.9320973525597009,0.927519645990692,0.8101472495613031,0.9323567559319447,0.9337911039902341,0.9493095292591744
206,0.9308887261185376,0.9293932735152293,0.9171549777208082,0.9323078801196363,0.9140419947506562,0.9145303058047978,0.9086095342733321,0.7996856497588964,0.9148355002136362,0.9239455533174632,0.9364127449185132,0.9394189098455716,0.9298663248489288,0.9227552951229934,0.9316822315815174,0.9198864676799121,0.9194134163462124,0.9155069279130806,0.8051791491179883,0.9196728315937253,0.9323307697002989,0.9399682597814807,0.9394189098455716,0.9298663248489288,0.9227552951229934,0.9316822315815174,0.9198864676799121,0.9194134163462124,0.9155069279130806,0.8051791491179883,0.9196728315937253,0.9323307697002989,0.9399682597814807,0.9394189098455716,0.9298663248489288,0.9227552951229934,0.9316822315815174,0.9198864676799121,0.9194134163462124,0.9155069279130806,0.8051791491179883,0.9196728315937253,0.9323307697002989,0.9399682597814807
207,0.9488607749477315,0.945060814626032,0.9449387275474231,0.9497611671524715,0.9453355105529019,0.945076075510858,0.9437636394158134,0.8153890762586415,0.9448319013536405,0.9486013399056877,0.95160773421643,0.9515314297922993,0.9461519678910983,0.9503258198910374,0.9548277809147375,0.9502189936972546,0.9480214262822958,0.9459154241762936,0.8224396050483007,0.9479298609733393,0.9482961222091657,0.9552856074595205,0.9516382559860821,0.9457628153280326,0.9505089505089506,0.9549346071085201,0.9502189936972546,0.9484334701726007,0.9464800769148595,0.8209135165656904,0.9482961222091657,0.9427411601324646,0.9552398248050422,0.9515314297922994,0.9454728585163368,0.9506005158179072,0.9549040853388678,0.9504479069696462,0.9487386878691226,0.9466632075327728,0.8224243441634747,0.9486623834449922,0.9527065179239094,0.9549803897629985
208,0.9425398284313724,0.9495710784313726,0.9333486519607842,0.9336090686274509,0.9291666666666667,0.9324601715686275,0.9240349264705883,0.787438725490196,0.9324601715686274,0.9344056372549019,0.9292279411764706,0.9477175245098038,0.9550091911764707,0.9416819852941176,0.9374080882352941,0.9347579656862745,0.9423560049019609,0.9302542892156862,0.7883731617647058,0.9427696078431371,0.9449601715686274,0.9295036764705882,0.9477634803921569,0.9533011642156863,0.9419883578431372,0.9375765931372548,0.9357383578431373,0.9423253676470589,0.9303155637254902,0.7884957107843137,0.9425091911764707,0.949157475490196,0.9302696078431372,0.9477481617647059,0.9528416053921569,0.9417279411764706,0.9372089460784314,0.9353707107843138,0.9421109068627451,0.930514705882353,0.7885723039215686,0.9423253676470589,0.9465226715686273,0.9295955882352941
209,0.9530416794361017,0.9528118296046583,0.9425681887833283,0.9513944223107571,0.9470425988354275,0.9438553478394116,0.9395648176524671,0.8499233833895188,0.9440239043824702,0.9409592399632242,0.9540147103892124,0.9505209929512719,0.9584737971192154,0.9458014097456329,0.9542292368985597,0.9460465828991725,0.9470119521912351,0.9415108795586884,0.8519460619062211,0.947011952191235,0.9469046889365614,0.9558688323628562,0.9509730309531107,0.9571406680968434,0.9449586270303402,0.9545357033404843,0.9460465828991725,0.9463990193073858,0.9404688936561447,0.8503677597303095,0.9463070793748085,0.951402083971805,0.9554397793441618,0.9507891510879559,0.9567346000612933,0.944943303708244,0.9543824701195219,0.9460619062212688,0.9459699662886915,0.940085810603739,0.8511645724793135,0.9458167330677291,0.9507048728164266,0.9559301256512412
210,0.9440857753357753,0.9443376068376068,0.9302503052503052,0.9429334554334555,0.9317918192918193,0.9336996336996337,0.9341117216117216,0.8062423687423688,0.9335775335775336,0.9201159951159951,0.9441849816849817,0.9483363858363858,0.9526709401709402,0.9359737484737485,0.9462912087912089,0.93495115995116,0.9382936507936508,0.9356532356532357,0.8138431013431013,0.9381715506715507,0.9322039072039072,0.9460164835164835,0.9495268620268621,0.9497329059829059,0.9372252747252746,0.9474053724053724,0.9353479853479852,0.9387057387057387,0.9356532356532357,0.8128205128205128,0.9387820512820513,0.9392704517704518,0.9486263736263736,0.9491910866910866,0.9484890109890111,0.9362942612942613,0.9466575091575092,0.9326770451770452,0.9378052503052503,0.9339590964590965,0.8126984126984127,0.9377136752136752,0.9353327228327228,0.9486874236874236
211,0.9425516325502588,0.9445360321167438,0.942116591106837,0.9406359237379983,0.941322831280243,0.9391705209812092,0.9355222787012868,0.8166567446688343,0.9387736410679123,0.9465280639892537,0.9373235029231732,0.9475736899146707,0.948749065042512,0.9430629970539297,0.94568851032651,0.9411396559356444,0.9431545847262292,0.941185449771794,0.8234189678069332,0.9428798217093313,0.9495886187052557,0.9433682892949276,0.9479095113797683,0.9492985910763077,0.9430782616659797,0.9452153073529636,0.9421318557188869,0.9432919662346781,0.9407733052464471,0.8212971867319991,0.942925615545481,0.951656973638015,0.9425897940803835,0.9477263360351696,0.9489169757750607,0.94303246782983,0.9447573689914671,0.9419486803742884,0.9429561447695807,0.9404680130054494,0.820533956129505,0.9427424402008823,0.9508174199752712,0.9420250034345378
212,0.9439304502079765,0.9502003303156349,0.9176504771225839,0.9336310252018595,0.9195008563738684,0.9196079031074138,0.9190726694396868,0.7722198434059212,0.9192867629067776,0.9240885735258135,0.9467213114754098,0.9438310496696843,0.9534499632982628,0.9297161732321997,0.9439686811842427,0.9291809395644727,0.9312759970638609,0.9272082211891363,0.7806459505749939,0.9311536579398092,0.9314442133594324,0.947516515781747,0.9438310496696843,0.9534499632982628,0.9297161732321997,0.9439686811842427,0.9291809395644727,0.9312759970638609,0.9272082211891363,0.7806459505749939,0.9311536579398092,0.9314442133594324,0.947516515781747,0.9438310496696843,0.9534499632982628,0.9297161732321997,0.9439686811842427,0.9291809395644727,0.9312759970638609,0.9272082211891363,0.7806459505749939,0.9311536579398092,0.9314442133594324,0.947516515781747
213,0.9308071481984527,0.9421459856242465,0.9324248019900193,0.9141727837380011,0.9327758023410196,0.9355532833793703,0.9346071085201522,0.785752437926351,0.9354159354159355,0.923710836754315,0.9090451264364307,0.9349886306408045,0.9431532040227693,0.9418712896973767,0.91519526302135,0.9425580295145513,0.9437789003006394,0.9422070291635509,0.7959314481053611,0.9438246829551177,0.9418865505822027,0.9134555221511743,0.9357135226700446,0.9439620309185527,0.93997893997894,0.9138980878111314,0.9401773314816794,0.9435499870282478,0.9416423764249853,0.7924519663650098,0.9432905519862042,0.9401010270575487,0.9118836510140859,0.9339585209150426,0.9427716819021166,0.9382239382239382,0.9114105635844767,0.9373693286736765,0.9411845498802022,0.9386970256535473,0.7907580081493124,0.9410777236864194,0.937308285134372,0.9101591710287363
214,0.9557952880859375,0.9467010498046875,0.9413299560546875,0.9559326171875,0.942626953125,0.94366455078125,0.94195556640625,0.789947509765625,0.9437408447265625,0.9448699951171875,0.9586029052734375,0.9637527465820312,0.9637298583984375,0.950775146484375,0.9620819091796875,0.952423095703125,0.9510498046875,0.9496002197265625,0.7963104248046875,0.9510650634765625,0.95416259765625,0.9612579345703125,0.9636611938476562,0.9629669189453125,0.9505462646484375,0.9622802734375,0.95208740234375,0.95068359375,0.9490966796875,0.795318603515625,0.9508209228515625,0.95330810546875,0.9618377685546875,0.9636459350585938,0.9621658325195312,0.9505767822265625,0.962310791015625,0.9518585205078125,0.950927734375,0.949310302734375,0.7941436767578125,0.9509429931640625,0.9533843994140625,0.9618682861328125
215,0.952984994886355,0.9595640426798553,0.9411243913235945,0.9555494497107355,0.9444062829143198,0.9421471203309367,0.9411091267115447,0.8075743004991529,0.9419486803742882,0.9497183679076795,0.9555647143227854,0.9600525102654516,0.9655477706034101,0.9509090076475706,0.9607699470317962,0.9533055517394025,0.9513516813970172,0.9487719619605868,0.8122910656225671,0.9513058875608675,0.954427500725069,0.9572132924241731,0.9598082764726535,0.9650593030178137,0.9492909587702828,0.9607546824197464,0.9514127398452168,0.9504358046740242,0.9475813222206959,0.8116957457526217,0.9503594816137747,0.962372731297034,0.9565263848819282,0.9600677748775014,0.9658988566805574,0.9497183679076796,0.9606173009112973,0.9511379768283189,0.9502373647173757,0.9472302361435484,0.8116346873044222,0.9500236601486772,0.9534581978599014,0.9559005357878829
216,0.9520052697692944,0.9475167744109808,0.9479916664113484,0.9488648549281534,0.9452189098930726,0.947317626152762,0.9427984926008762,0.7677471736266428,0.9473023070559761,0.9401329697601029,0.954732068997212,0.9531082447378902,0.9522197371242992,0.9501057017678236,0.95244952357609,0.9478231563467018,0.949860596219247,0.9452342289898586,0.7695088697570391,0.949875915316033,0.9469193296363246,0.9547320689972119,0.9534376053187905,0.9531312233830694,0.9502742118324704,0.9529550537700298,0.948144857379209,0.9501057017678237,0.9453874199577192,0.7711633322099329,0.9502435736388984,0.9496154906706701,0.9554673856429424,0.9534988817059347,0.9532078188669997,0.9503354882196146,0.9530163301571739,0.9481448573792088,0.9501822972517541,0.9456325255062962,0.770290143693128,0.9502895309292564,0.9472563497656179,0.9552069609975795
217,0.9277251908396946,0.9283816793893129,0.91193893129771,0.9215114503816795,0.9086259541984731,0.9107633587786259,0.9025801526717558,0.7236335877862594,0.9109618320610686,0.9260000000000002,0.9068702290076336,0.9287938931297711,0.932992366412214,0.9186870229007634,0.9181679389312977,0.9155725190839693,0.9196946564885496,0.9081832061068703,0.7336488549618321,0.9200763358778627,0.9288091603053434,0.909083969465649,0.9300152671755726,0.9349618320610688,0.9181374045801527,0.9188091603053434,0.9151297709923665,0.9190076335877861,0.9090534351145039,0.7369618320610687,0.9194656488549618,0.9270687022900763,0.9097404580152672,0.9300458015267176,0.9344045801526718,0.918824427480916,0.9187328244274809,0.9149007633587786,0.9196641221374047,0.9090076335877864,0.7366870229007634,0.92,0.9277404580152673,0.9099541984732824
218,0.9212469362745098,0.9250306372549019,0.9224571078431373,0.9200061274509804,0.9225337009803922,0.9285998774509804,0.924984681372549,0.7782935049019608,0.9282628676470589,0.9344745710784315,0.9229473039215687,0.9288832720588235,0.9384727328431371,0.927389705882353,0.9313878676470588,0.9247242647058823,0.9329350490196079,0.9298713235294117,0.7850337009803923,0.9328125,0.9398820465686275,0.9299632352941177,0.9295036764705882,0.9369255514705883,0.9278033088235293,0.9314031862745098,0.9259191176470588,0.9327971813725491,0.9295036764705883,0.7845435049019607,0.9325827205882353,0.9387944240196079,0.9312959558823529,0.929733455882353,0.9384650735294118,0.9274662990196078,0.9313419117647058,0.9255821078431371,0.9326133578431373,0.9294270833333333,0.7842371323529412,0.9323223039215687,0.9388480392156863,0.9313419117647059
219,0.9490772542015844,0.9509776984017951,0.9522675581200106,0.9425897940803833,0.9521759704477113,0.9550304529010396,0.9504205400619743,0.8497809528170841,0.9552899513058876,0.9550151882889896,0.9440094030010229,0.9540535177298469,0.9549236006166902,0.9533055517394025,0.9497183679076796,0.9522828227320603,0.9568469417349758,0.9530765825586542,0.8549098624658454,0.9570301170795743,0.9525423211369083,0.9483140235990903,0.955625772770985,0.9563432095373295,0.9533208163514524,0.9504663338981238,0.9524354688525591,0.9568316771229258,0.9531071117827541,0.8546198348368975,0.9571064401398238,0.9545267207033933,0.9479324082978432,0.955625772770985,0.9563432095373295,0.9533208163514524,0.9504663338981238,0.9524354688525591,0.9568316771229258,0.9531071117827541,0.8546198348368975,0.9571064401398238,0.9545267207033933,0.9479324082978432
220,0.9477339683411946,0.945841156447009,0.9477339683411946,0.9419486803742884,0.9441162552853719,0.9456121872662606,0.9392315794294088,0.8418891483872938,0.9455205995939612,0.9436125230877259,0.93775091206057,0.9441467845094718,0.9454290119216621,0.9509700660957702,0.943704110760025,0.9437193753720748,0.9497488971317795,0.9400100746439529,0.8480255224313474,0.9500847185968769,0.9473370884278977,0.9402390438247011,0.9441467845094718,0.9454290119216621,0.9509700660957702,0.943704110760025,0.9437193753720748,0.9497488971317795,0.9400100746439529,0.8480255224313474,0.9500847185968769,0.9473370884278977,0.9402390438247011,0.9441467845094718,0.9454290119216621,0.9509700660957702,0.943704110760025,0.9437193753720748,0.9497488971317795,0.9400100746439529,0.8480255224313474,0.9500847185968769,0.9473370884278977,0.9402390438247011
221,0.9583257034731123,0.9576466459134468,0.9511078557040836,0.9557620704388697,0.9507416224134773,0.9511841543062931,0.9477659769273027,0.7838308002197399,0.9511231154245254,0.9522675944576696,0.9551822010620765,0.9626442043581761,0.9598211560764207,0.955319538546054,0.9657571873283283,0.9549227858145639,0.9556247329548923,0.9526185680278336,0.7886376121589452,0.9555026551913569,0.9524812305438565,0.9584630409570898,0.9626442043581761,0.9598211560764207,0.955319538546054,0.9657571873283283,0.9549227858145639,0.9556247329548923,0.9526185680278336,0.7886376121589452,0.9555026551913569,0.9524812305438565,0.9584630409570898,0.9626442043581761,0.9598211560764207,0.955319538546054,0.9657571873283283,0.9549227858145639,0.9556247329548923,0.9526185680278336,0.7886376121589452,0.9555026551913569,0.9524812305438565,0.9584630409570898
222,0.9543429164377709,0.958402002075322,0.9433253982787035,0.9508789598974546,0.940303973631203,0.9461789660013429,0.9447445522798023,0.7773148995910395,0.9460263687969238,0.9491088323261918,0.9542818775560031,0.9487120795947017,0.957059146676433,0.9462247451626687,0.9533815540499299,0.9453396813770372,0.94790331441128,0.9443630592687541,0.7803363242385399,0.9481016907770251,0.9550296038576572,0.9554110968687053,0.9496963315632058,0.9574101202465971,0.9450497466886406,0.9536714887383263,0.9440426051394738,0.9472013672709516,0.9442409815052187,0.7796801562595372,0.9472318867118354,0.9569981077946652,0.9554721357504731,0.949665812122322,0.9572270036012941,0.9445461759140572,0.9535799304156747,0.9439510468168223,0.9472624061527192,0.9439815662577061,0.7788103521943479,0.9472929255936031,0.953534151254349,0.9550296038576574
223,0.9423695578908667,0.9413661570513803,0.935261496982138,0.9361500045957292,0.9332700143999509,0.9337142682067465,0.9297006648488004,0.8591255859554521,0.9339440546585374,0.9304053433009589,0.939045313888293,0.9400870124697448,0.9446291246668096,0.9336683109163882,0.9385704218879255,0.9305585342688194,0.9320904439474249,0.9273415239437482,0.8637366340880541,0.932427464076718,0.9365942584025245,0.9362112809828732,0.939857226017954,0.943319341891602,0.9329329942706579,0.9383559545329206,0.9306657679463218,0.9313244891081222,0.9266215263948037,0.8633842948619749,0.9314929991727688,0.9373602132418272,0.9363031955635897,0.9397040350500935,0.9431814700205275,0.9329942706578019,0.9383865927264928,0.9304666196881031,0.9316768283342013,0.9269432274273108,0.8637059958944819,0.9320598057538527,0.9356138362082171,0.9363644719507337
224,0.9317276460133602,0.9286940001225716,0.9180302751731323,0.9351290065575781,0.9199607771036343,0.9190568119139547,0.9170497027639885,0.7714959857817001,0.9189648832505976,0.9203897775326347,0.9320953606667892,0.9369599191027761,0.9343935772507201,0.9256450327878898,0.9367377581663296,0.9282649996935711,0.9267175338603909,0.9229178157749587,0.7800913158056015,0.9267481767481768,0.9236992094134951,0.9346693632407918,0.9370135441564013,0.9338726481583624,0.9256909971195685,0.9361555432984004,0.9281424281424282,0.9263957835386406,0.9224734939020653,0.7791260648403504,0.9263038548752835,0.9229484586627443,0.9332291475148617,0.9366764723907581,0.9345391309677026,0.9255377826806398,0.9356346142060428,0.9275755347183919,0.9264723907581051,0.922029172029172,0.780765459336888,0.9261659618802476,0.9266102837531408,0.9335815407243978
225,0.9358279793062402,0.9462435332000549,0.9369572847833717,0.9274192317670579,0.9353854136462832,0.9348207609077174,0.927739710348406,0.7552154073893205,0.9351565003738918,0.9303493216536696,0.9286858852076244,0.9343934561325865,0.9489065576022099,0.9363315885055015,0.9303035389991913,0.9346528911746304,0.9360568925786317,0.9296320600668426,0.7655775481862439,0.9364231538144582,0.9343629343629344,0.9276023623849711,0.9345155432111955,0.9482045569002091,0.9378576769881118,0.9300593648419735,0.936713110626154,0.9373693286736766,0.9301509301509302,0.7661116791551574,0.9374761548674592,0.9418407679277244,0.9277244494635798,0.9336456727761075,0.9493186014925146,0.9362705449661971,0.9297694080302776,0.935049674180109,0.9360874143482839,0.9299830604178431,0.7648755474842432,0.936240023196545,0.9415126589039633,0.9274344926518839
226,0.925294988627864,0.9285005571583398,0.9171131565691258,0.9268061852208026,0.9176168887667718,0.9187159408343636,0.9127627421349086,0.7933324174566103,0.9186548823861643,0.9167010120437791,0.9247607272061181,0.926737494466578,0.9347437834867427,0.9237685274228755,0.9283173818137411,0.9247759918181679,0.9259818961701088,0.9203034604875516,0.8058951931736655,0.9259208377219094,0.9250202256109661,0.925569751644762,0.9259132054158842,0.9337515837035001,0.923035826044481,0.9283784402619407,0.9241806719482223,0.9257223977652607,0.9204713712201004,0.8029033292118881,0.9256308100929614,0.9240280258277236,0.9233716475095786,0.9252568270977393,0.9339271267420739,0.9229900322083313,0.9278441788401947,0.9234327059577782,0.9255850162568118,0.9204866358321503,0.8009341942574529,0.9255239578086123,0.9294927569415825,0.9230663552685808
227,0.946873194904691,0.9554160459672271,0.9456571306965007,0.9383911470525643,0.9464019700240172,0.9447298817377556,0.9373118900677956,0.7469522390782233,0.9448362873559724,0.9418265284407017,0.9299699024108472,0.9391739883865868,0.9450871005989117,0.9441218496336606,0.9366126531480863,0.9436810263581918,0.9415985164016661,0.9379655245796977,0.7557383029823974,0.9417049220198828,0.9363998419116529,0.9297266895692092,0.9401696409570426,0.9437038275620953,0.9429361870306752,0.9382391390265405,0.9431489982671084,0.9410968899157875,0.9377375125406622,0.7574407928738638,0.9410816891131851,0.9372206852521813,0.9295290791353783,0.9403520505882711,0.9435062171282643,0.9425561669656158,0.9381175326057216,0.9426777733864349,0.9407016690481256,0.9373422916730004,0.7588088651080778,0.9405800626273066,0.9275073723892623,0.9293010670963427
228,0.9497528076171875,0.9524993896484375,0.94183349609375,0.9426116943359375,0.940826416015625,0.9399566650390625,0.93585205078125,0.7701263427734375,0.939788818359375,0.9386672973632812,0.940093994140625,0.9520721435546875,0.9523468017578125,0.942138671875,0.947967529296875,0.9416351318359375,0.9435577392578125,0.9379730224609375,0.7779998779296875,0.9434967041015625,0.9420928955078125,0.9394073486328125,0.9519805908203125,0.9526138305664062,0.9422149658203125,0.9477081298828125,0.9418487548828125,0.943878173828125,0.9378814697265625,0.7788848876953125,0.943817138671875,0.93914794921875,0.93902587890625,0.951812744140625,0.952728271484375,0.9419708251953125,0.9478912353515625,0.94146728515625,0.94378662109375,0.93756103515625,0.779144287109375,0.94378662109375,0.94024658203125,0.9391021728515625
229,0.9468324416342413,0.9543637524319066,0.9473492217898831,0.9471972276264591,0.9455404912451362,0.9484131809338522,0.941999027237354,0.7957046449416344,0.9488995622568094,0.9569704523346303,0.9485347762645914,0.957137645914397,0.9514530642023347,0.952608219844358,0.9550401264591439,0.9510426799610896,0.9529578064202334,0.9457380836575875,0.8011764348249029,0.9529882052529183,0.9628526264591439,0.9505107003891051,0.957137645914397,0.9514530642023347,0.952608219844358,0.9550401264591439,0.9510426799610896,0.9529578064202334,0.9457380836575875,0.8011764348249029,0.9529882052529183,0.9628526264591439,0.9505107003891051,0.957137645914397,0.9514530642023347,0.952608219844358,0.9550401264591439,0.9510426799610896,0.9529578064202334,0.9457380836575875,0.8011764348249029,0.9529882052529183,0.9628526264591439,0.9505107003891051
230,0.9349275871015001,0.930723213331909,0.9124788255223037,0.940146809712027,0.9141117401986968,0.912539869061608,0.9106933019976499,0.753674058021884,0.9123414775588687,0.909701344483953,0.9390022433500693,0.938620721229417,0.9366291757596106,0.9195446151967892,0.9421917682787248,0.9187510491858318,0.9194225281181804,0.918751049185832,0.7649823736780259,0.9192851801547454,0.9267019701802311,0.9436415523372045,0.9391395913135043,0.936667327971676,0.9199413982022678,0.9430921604834649,0.9190562668823539,0.9189341798037451,0.9185984403375709,0.7673783325957239,0.9188426144947884,0.9235124452515756,0.9444961618874662,0.9396432005127657,0.9372548720374808,0.9204144856318769,0.9435957696827262,0.9193157019243975,0.9197887893540068,0.919498832542311,0.7672715064019412,0.9197124849298763,0.9242449677232286,0.9449234666625971
231,0.9422398589065256,0.9452046463540716,0.9304415252691114,0.9495530012771393,0.9309888706440429,0.935458857872651,0.9340448823207443,0.8354618986802894,0.9354588578726509,0.9361278355531227,0.9571854284497961,0.9423006750592958,0.9433193456181961,0.938058748403576,0.9476068843884936,0.9372529343793712,0.9435017940765068,0.9392294593444018,0.8349145533053579,0.9437602627257798,0.9396703764519857,0.9571094082588335,0.9408410873928116,0.943091285045308,0.9381651766709237,0.9473180076628352,0.9373137505321414,0.9436842425348172,0.9391838472298242,0.834975369458128,0.9438970990695129,0.9400200693304142,0.9563644103873989,0.9408410873928116,0.943091285045308,0.9381651766709237,0.9473180076628352,0.9373137505321414,0.9436842425348172,0.9391838472298242,0.834975369458128,0.9438970990695129,0.9400200693304142,0.9563644103873989
232,0.9468733723459665,0.9527788841569901,0.9410521155672662,0.9359355372407243,0.9416189221483501,0.9395048867918747,0.9323968258831459,0.810135114433653,0.9396887159533073,0.9339287355617513,0.9285670516866326,0.9428827476331996,0.9500520849290726,0.9431355127301694,0.9363185146603755,0.9419406231808573,0.9428444498912345,0.9339134164649652,0.8219461380557003,0.9433346609883881,0.9460920984098777,0.9317687429149177,0.9424384938264041,0.9504274028003309,0.942155090535862,0.9361040473053709,0.9414657311804896,0.9423542387940808,0.933806182787463,0.8209350776678208,0.9428291307944484,0.9418027513097827,0.930926192591685,0.9424078556328318,0.9507950611231961,0.9427372162137321,0.9359355372407243,0.9418180704065687,0.9428138116976622,0.9336683109163885,0.8206133766353136,0.9432274273108858,0.943058917246239,0.9312325745274058
233,0.9523402566880828,0.9603216994521342,0.9468310772658599,0.9531033009293878,0.9475178170830345,0.9468158163810337,0.9425427686297252,0.8058205014726754,0.94683107726586,0.9585819585819586,0.9507378637813421,0.9505165809513637,0.9587650891998719,0.9436110305675524,0.9530117356204314,0.9448776840081189,0.9444045965785096,0.9400094617485921,0.81100920231355,0.944618248966075,0.9573305660262182,0.9512414729806035,0.9512338425381904,0.958490393273002,0.9449692493170755,0.9531643444686924,0.9461290765638593,0.9459612068307721,0.9406351580264625,0.8125658125658126,0.9461138156790331,0.9552398248050422,0.9517603430646909,0.9508370595327117,0.9579257405344362,0.9439925526882049,0.9527523005783877,0.9460680330245548,0.9455796847101196,0.9402383750209837,0.8133899003464221,0.94565598913425,0.9597723075983945,0.9515466906771254
234,0.9285736100294715,0.9332386580542702,0.9216333012659,0.9282911112129125,0.9232519431337517,0.9182280452608915,0.9165330523615375,0.78527035900255,0.918151694229389,0.9095698382885152,0.9363537801395696,0.9385068792279383,0.9421488234306047,0.9319406905187289,0.9449356360804435,0.93479621909692,0.9280620581184051,0.9254813932536228,0.7962038267136989,0.9280467879121047,0.9276879380640433,0.9444928000977294,0.9368576969474858,0.9407745048635606,0.9318185288683251,0.9455922549513643,0.9346740574465161,0.9281536793562081,0.9258784186174354,0.7964023393956052,0.9280009772932033,0.9248782201047536,0.9449050956678425,0.9368576969474858,0.9407745048635606,0.9318185288683251,0.9455922549513643,0.9346740574465161,0.9281536793562081,0.9258784186174354,0.7964023393956052,0.9280009772932033,0.9248782201047536,0.9449050956678425
235,0.9255325642434232,0.9355963498748702,0.9150033571384971,0.9266465238356834,0.9096624549838247,0.9173991332478788,0.9102423243606178,0.7246993835072941,0.91756699017274,0.9030549960324727,0.9270127571262896,0.9325138863456022,0.9347341756699018,0.9169108221937373,0.9288897027406458,0.9130806323628152,0.917750106818043,0.9110358298235975,0.739318195690655,0.9178721845815785,0.9145303058047977,0.9319874259903558,0.9318348287859366,0.932162912775438,0.9168803027528535,0.9287065860953427,0.9122718671793932,0.9178416651406945,0.9105017396081303,0.738341573582372,0.9182231581517426,0.925532564243423,0.9314685954953305,0.9321552829152171,0.9325596655069279,0.9170634193981566,0.9286150277726912,0.9109442715009463,0.9178111456998108,0.9103796618445951,0.736586705731551,0.9182078984313007,0.9182689373130684,0.9316364524201917
236,0.9619771863117871,0.9643517033915129,0.9525249286117855,0.9617939438361811,0.9521737138668743,0.95203628201017,0.9498221020965993,0.8195061615282422,0.9520362820101699,0.947424679707423,0.9587399025760839,0.9611755004810116,0.9650846732939362,0.9519293905660665,0.9597171957793149,0.9535022218150168,0.9533953303709133,0.9521737138668743,0.8259501885870478,0.9530746560386032,0.9460121856246277,0.9603890848565364,0.9603432742376349,0.965985615465665,0.9529677645944997,0.9605112465069403,0.9531051964512042,0.9534564111961152,0.9517614182967612,0.8269732924091804,0.9533495197520118,0.9490051460595234,0.9603890848565365,0.9615801609479744,0.9658558187121108,0.9525554690243865,0.9602974636187334,0.9530288454197017,0.9533647899583124,0.951226961076244,0.8268969413776781,0.953135736863805,0.9534640462992656,0.9604043550628368
237,0.9553139543755245,0.947875181200885,0.9469138628213931,0.9559624628061341,0.9495994506752117,0.9421377889677272,0.9391470206759747,0.7218585488670175,0.9423666742961776,0.9488212405584803,0.9417105363546197,0.95551995117113,0.9532158388647287,0.9497215228503854,0.9571374074921797,0.9526054779888609,0.9465171282520791,0.9420920119020371,0.7329976348516061,0.9462577248798352,0.950194552529183,0.9442435339894714,0.9549401083390555,0.9516594186312657,0.9493400473029678,0.9565270466163118,0.9521171892881667,0.9457236591134508,0.9413595788509956,0.7321278706034944,0.9455863279163805,0.9527275501640345,0.9420309758144504,0.9547264820325017,0.9514305333028152,0.9483329518577859,0.9560234988937208,0.9506218051422903,0.9449149309529259,0.9404745555809872,0.730434119172961,0.9448844129091325,0.9529259174486916,0.9398641947051194
238,0.9369267630137196,0.9376440246005463,0.9166297861950035,0.9289605811344942,0.9172860042425259,0.9209333557159644,0.9127840432188258,0.7271964228485968,0.9211164863338778,0.9136539136539137,0.9310665832404962,0.9316312359790621,0.9367207410685672,0.9216048346483129,0.9312039312039313,0.9227799227799227,0.925511621163795,0.9173928304363087,0.737085476215911,0.9257710562058388,0.9325697803958674,0.9343171517084561,0.9336685641033466,0.9375829810612419,0.9227341401254445,0.9321195842934974,0.9244586201107942,0.9263662307140568,0.9177590916721353,0.7393440871701741,0.9265951439864484,0.9292810597158424,0.9346223694049781,0.9334625421581942,0.9379187205274162,0.9219405741144872,0.9321653669479757,0.9238329238329239,0.9258778823996215,0.9176064828238742,0.7395730004425656,0.9259847085934042,0.9295557556427121,0.9348512826773696
239,0.95458984375,0.96435546875,0.9466400146484375,0.955657958984375,0.9459381103515625,0.9490509033203125,0.946319580078125,0.8392333984375,0.948944091796875,0.947296142578125,0.96087646484375,0.956573486328125,0.9646148681640625,0.948974609375,0.96002197265625,0.947479248046875,0.9521636962890625,0.9484405517578125,0.8427886962890625,0.9518890380859375,0.95465087890625,0.96197509765625,0.9567413330078125,0.964019775390625,0.948822021484375,0.959991455078125,0.9471435546875,0.9523162841796875,0.94842529296875,0.8416290283203125,0.95208740234375,0.9505615234375,0.9621734619140625,0.956695556640625,0.964111328125,0.9488372802734375,0.9600830078125,0.947174072265625,0.9522705078125,0.94842529296875,0.8420867919921875,0.9520263671875,0.9545440673828125,0.962127685546875
240,0.9645058902520905,0.9600500518830496,0.9418146859549534,0.9677409509857781,0.9425624122566074,0.9407922846853446,0.9405633888787158,0.8503937007874016,0.9406396874809253,0.9534425929316975,0.9599127143990722,0.9655435512421412,0.960950375389123,0.9497802600256362,0.9698773118476469,0.9488951962400048,0.9496581822621009,0.9478422755295123,0.8520722700360128,0.9493529878532626,0.9520234389305987,0.9610571934322162,0.9646737471769518,0.9609808948300068,0.9487578587560276,0.9699078312885309,0.9475370811206738,0.949063053164866,0.9468503937007873,0.8523927241652933,0.9487578587560276,0.9504669474455227,0.9616218030885674,0.9647653054996033,0.9611640114753098,0.9492614295306109,0.9700299090520662,0.9478880546908379,0.9495361044985656,0.9474607825184641,0.8527894768967834,0.9492766892510529,0.9519166208875054,0.9619880363791736
241,0.9421094248958366,0.9417824883671422,0.9274809160305344,0.9440862504181746,0.9304613606642135,0.9314649797755543,0.9288342811958273,0.7993674158328519,0.9312520908731488,0.938459900854597,0.9479638697119916,0.9443599647212675,0.9355326784465193,0.9307502813174783,0.9473404093549467,0.932407773486208,0.9325142179374107,0.9286365986435937,0.8014050667558773,0.9323621544356924,0.9406648216295124,0.9477357744594143,0.9453179647820931,0.9381253611508167,0.9314041543748669,0.9481007268635382,0.9328031385906755,0.9333961862473769,0.9301724400109486,0.8020437334630942,0.9333505671968614,0.9414707581886197,0.9478422189106172,0.9453635838326087,0.9377756150968645,0.9314801861257261,0.9480855205133665,0.9330616465435967,0.9335330433989234,0.9300659955597458,0.8014050667558772,0.9333961862473769,0.9426720598521943,0.9481615522642256
242,0.965667200732433,0.9715800717174028,0.9640344853894866,0.9657740138857098,0.9645838101777675,0.9629816128786144,0.9611810482948043,0.7778439002059968,0.963103685053788,0.9591058213168536,0.9679102769512474,0.9688410772869458,0.9762798504615853,0.9664606698710613,0.9754940108339054,0.9669336995498589,0.9652857251850155,0.9633020523384451,0.7805447470817121,0.9651941710536354,0.9684290836957351,0.9757534142061494,0.9688410772869458,0.9762798504615853,0.9664606698710613,0.9754940108339054,0.9669336995498589,0.9652857251850155,0.9633020523384451,0.7805447470817121,0.9651941710536354,0.9684290836957351,0.9757534142061494,0.9688410772869458,0.9762798504615853,0.9664606698710613,0.9754940108339054,0.9669336995498589,0.9652857251850155,0.9633020523384451,0.7805447470817121,0.9651941710536354,0.9684290836957351,0.9757534142061494
243,0.9377289377289377,0.9516254578754578,0.9198412698412698,0.9486874236874236,0.916056166056166,0.9226800976800977,0.9251221001221002,0.7465659340659341,0.9221153846153847,0.9198717948717949,0.9514652014652014,0.9458333333333333,0.9533653846153846,0.9298229548229547,0.9508852258852258,0.9276404151404152,0.9335622710622711,0.9324786324786325,0.7432844932844933,0.9332264957264957,0.939010989010989,0.9547771672771673,0.9459020146520147,0.952815934065934,0.9302655677655678,0.9499542124542124,0.9277167277167278,0.9339285714285714,0.932936507936508,0.744932844932845,0.933470695970696,0.9364774114774115,0.9577686202686203,0.9459020146520147,0.952815934065934,0.9302655677655678,0.9499542124542124,0.9277167277167278,0.9339285714285714,0.932936507936508,0.744932844932845,0.933470695970696,0.9364774114774115,0.9577686202686203
244,0.9384575474577306,0.9476591588842093,0.9411585179759507,0.9402124153085516,0.9408533235671123,0.9445766953549412,0.9475676005615576,0.7394097540133067,0.9440883843007997,0.943813709332845,0.944775071720686,0.9440960141610206,0.9510315571018739,0.947720197765977,0.9503143502411037,0.9462705243239944,0.9477964963681865,0.9473997436366965,0.7475584447292927,0.9473234450344871,0.9543734358786548,0.9506348043703838,0.9440654947201368,0.9509094793383386,0.9469724714643228,0.9503601294024294,0.9457516938289692,0.9470335103460904,0.946926692302997,0.7476500030519441,0.946728315937252,0.9490401635842032,0.9512757126289446,0.9442333516449979,0.9504669474455228,0.9474150033571386,0.9504211682841971,0.9461789660013429,0.9474913019593482,0.94750656167979,0.7472990294817801,0.9471708478300679,0.9512146737471769,0.9506805835317097
245,0.9521265178461916,0.9544646142524225,0.9387035447074696,0.9517355574635104,0.939546792591684,0.9381975959769411,0.9349932540169263,0.6860971421562614,0.9381516006378019,0.9430424383662455,0.935621856985159,0.9572243346007605,0.9572243346007604,0.9423371764994479,0.9569790261253527,0.9427358027719859,0.9430424383662457,0.9412486201398259,0.6960168036305655,0.9431650926039494,0.9450815650680732,0.9417699006500674,0.9571323439224825,0.957714951551576,0.9419538820066233,0.9568563718876488,0.9423985036183001,0.9425824849748559,0.9408653256470012,0.693931681589599,0.9424598307371519,0.9501563841530725,0.9408346620875752,0.9568410401079358,0.9572856617196125,0.9415705875137986,0.9562431006991291,0.9422451858211702,0.942505826076291,0.9391788298785724,0.6916932417515025,0.9423525082791611,0.9426974733227033,0.9391634980988594
246,0.9583103088352674,0.9651716092589182,0.9508810707926567,0.9554859704058453,0.9510192177810524,0.9504973291582243,0.9458003315527722,0.7865629029287162,0.950420580831338,0.9502670841775649,0.9504512801620925,0.9590010437772457,0.9636596672192547,0.9526155829802909,0.9569134892859336,0.9533216675876465,0.9518327500460491,0.9468287591330509,0.7923343771105789,0.9518787990421809,0.9508196721311476,0.951525756738503,0.9590010437772457,0.9636596672192547,0.9526155829802909,0.9569134892859336,0.9533216675876465,0.9518327500460491,0.9468287591330509,0.7923343771105789,0.9518787990421809,0.9508196721311476,0.951525756738503,0.9590010437772457,0.9636596672192547,0.9526155829802909,0.9569134892859336,0.9533216675876465,0.9518327500460491,0.9468287591330509,0.7923343771105789,0.9518787990421809,0.9508196721311476,0.951525756738503
247,0.9419329340589183,0.9387103639072144,0.9267625330617456,0.947557231021798,0.9256832760769769,0.9258656857082054,0.9217918706107684,0.710363907214301,0.925652874471772,0.934469339981151,0.953926367312194,0.9448894901650807,0.9428601830176633,0.9306995409357615,0.9487276928221811,0.9317179947101206,0.9293618703067523,0.9268993402851671,0.7047244094488189,0.929392271911957,0.9319004043413492,0.9511902228437662,0.9451251026054176,0.9426321709786276,0.9309123521721947,0.9481804639284954,0.9309731553826042,0.9291034566625117,0.9255008664457482,0.7003617791019365,0.9292402638859333,0.9331620709573465,0.9500045602407807,0.9452923114340438,0.941036086705378,0.9306691393305566,0.9475116286139907,0.9299699024108473,0.928586629374031,0.9246496215000152,0.6987656948286869,0.9284954245584167,0.9314139786580731,0.9501413674642021
248,0.9236416361416362,0.9294261294261293,0.9109432234432233,0.929120879120879,0.91486568986569,0.9116452991452992,0.9092948717948718,0.7539224664224664,0.9119047619047619,0.9164682539682539,0.9308455433455434,0.9384004884004884,0.9362637362637363,0.9200854700854701,0.9412545787545787,0.9223290598290599,0.9222222222222223,0.9206501831501832,0.7671398046398046,0.9222527472527473,0.9315857753357754,0.9355769230769231,0.9378205128205128,0.9360729548229549,0.9185439560439561,0.9416361416361416,0.920405982905983,0.9205280830280831,0.919520757020757,0.7673382173382174,0.9204365079365079,0.9228098290598291,0.9364010989010989,0.9375915750915751,0.9356150793650794,0.9179334554334554,0.9416208791208791,0.9198260073260074,0.9196886446886448,0.9190018315018316,0.7667887667887667,0.9197191697191697,0.927663308913309,0.9366605616605618
249,0.9509347925216598,0.9436388508891929,0.9364645082839337,0.9549779601763186,0.9391852865177077,0.9353245174038608,0.9364493084055326,0.8221462228302173,0.935187718498252,0.9328165374677003,0.9535035719714243,0.9502507979936161,0.941047271621827,0.938607691138471,0.9542027663778689,0.940705274357805,0.9361757105943153,0.9383796929624563,0.8246086031311749,0.9361605107159143,0.9387900896792826,0.9537771697826417,0.9511931904544764,0.9421796625626995,0.9389420884632922,0.9550235598115215,0.9416932664538683,0.936358109135127,0.9383036935704514,0.8262957896336829,0.936282109743122,0.9373005015959872,0.9549779601763185,0.9514819881440949,0.9422100623195014,0.9393068855449156,0.9555403556771546,0.9417996656026753,0.936844505243958,0.9389268885848913,0.8271165830673355,0.9367229062167504,0.9370269037847696,0.9556011551907584
250,0.938788590962504,0.9382239382239382,0.9258931432844475,0.9372625024798937,0.9258778823996217,0.9297236253757994,0.9246264898438811,0.7531551879377967,0.9296320600668427,0.9252369252369251,0.9331573244616723,0.9393074610465915,0.9396279396279397,0.9341645428601951,0.9411998107650281,0.9342713690539777,0.937293024249546,0.9315549315549315,0.7654859828772874,0.9371556762861111,0.9372014589405894,0.9361637187724144,0.9394905916645047,0.9395821569734614,0.9336304118912815,0.9411540281105499,0.9336761945457598,0.9372625024798937,0.9299220168785385,0.766783158087506,0.9368657194744151,0.9346376302898043,0.9371709371709371,0.9391472217559175,0.939231156622461,0.9328978894196286,0.9410319410319411,0.9323027149114105,0.9364384146992841,0.9292047552917119,0.7664474186213316,0.9362247623117188,0.9370793718619805,0.9373540677888504
251,0.9511956903261252,0.9561859996642605,0.9445877271964228,0.9474720344285563,0.9411387672257238,0.9456102064797718,0.9441451615364659,0.8338547468982251,0.9456254673645978,0.9504631678544722,0.95313382269904,0.955957086391869,0.9610542219237872,0.9498985151159065,0.9548277809147374,0.9453278801104886,0.9515924733316037,0.9497153844979932,0.841729363468494,0.9516840386405604,0.9593450028232637,0.9544157370244328,0.9560639125856517,0.962221679612984,0.9498222106917759,0.9549498679933462,0.9451752712622278,0.9515924733316038,0.9498069498069497,0.8415309719657545,0.9516077342164299,0.959833351137699,0.9548430417995636,0.9561859996642604,0.9626108321760495,0.9499442977703847,0.9551329986112596,0.9451905321470538,0.9516687777557342,0.9496696018435148,0.8409052756878843,0.95160773421643,0.9603216994521343,0.9551177377264334
252,0.935516357421875,0.9391632080078125,0.929840087890625,0.93707275390625,0.932525634765625,0.9315185546875,0.9288787841796875,0.7993621826171875,0.9311676025390625,0.92376708984375,0.9398956298828125,0.93414306640625,0.9362030029296875,0.9289703369140625,0.9382781982421875,0.93170166015625,0.9288177490234375,0.9282379150390625,0.805877685546875,0.9286956787109375,0.9332809448242188,0.9358978271484375,0.934112548828125,0.9362030029296875,0.929351806640625,0.937713623046875,0.931243896484375,0.929168701171875,0.9278717041015625,0.8047332763671875,0.928863525390625,0.9300079345703125,0.9353790283203125,0.933868408203125,0.93603515625,0.92877197265625,0.93780517578125,0.93115234375,0.9286956787109375,0.927703857421875,0.8052825927734375,0.9283905029296875,0.9302215576171875,0.935577392578125
253,0.9526491734212575,0.9391552563691594,0.9428950863213812,0.9489704019172351,0.941322831280243,0.943963609164873,0.9410328036512952,0.7051029598082764,0.9437651692082246,0.9380256750774679,0.9244554349651203,0.9546793668238922,0.9496802063775549,0.9472760299796981,0.9509853307078201,0.9467112393338524,0.947413411488147,0.9429408801575307,0.7173299140602342,0.9475049991604464,0.9415670650730412,0.9227305338034835,0.9567553540626765,0.9538092839370488,0.9492756941582328,0.9537176962647493,0.9486651096762375,0.9495504571751309,0.9440704614492222,0.7175894124650821,0.9496115156233305,0.9493367526064326,0.9244096411289706,0.9565416494939782,0.95493886522874,0.9494588695028316,0.9545419853154431,0.948741432736487,0.9493214879943827,0.9443604890781702,0.7197417227641161,0.9492451649341332,0.948756697348537,0.9241196135000229
254,0.9553042788256118,0.9531984374046266,0.9476896783250932,0.9511231154245255,0.9432796191173778,0.948651040712934,0.9435237746444486,0.7840139168650431,0.9485747421107246,0.9488951962400047,0.9515198681560154,0.9569828480742233,0.9558078496001953,0.9484221449063054,0.9557315509979858,0.9440578648599158,0.9468656534212293,0.9415400109869989,0.7901178050418116,0.9468809131416713,0.9461026673991332,0.9516114264786669,0.9571964841604103,0.9563877189769884,0.9482542879814442,0.9554873954709149,0.9438900079350547,0.9468046145394617,0.9414331929439054,0.7914759201611427,0.9467893548190197,0.9464689006897393,0.9523438930598791,0.9569675883537813,0.9562046023316854,0.9480406518952572,0.9555636940731246,0.9436763718488678,0.9464383812488556,0.9412958554599281,0.790224623084905,0.9464841604101814,0.9419520234389306,0.9514588292742477
255,0.9551832061068702,0.9586564885496183,0.9430839694656489,0.9556641221374046,0.9391450381679389,0.9428549618320611,0.9414961832061068,0.8397709923664123,0.9426106870229007,0.9404580152671757,0.9640152671755726,0.9603053435114504,0.961557251908397,0.9446870229007633,0.9603511450381681,0.9407480916030534,0.9461832061068701,0.9442442748091603,0.8381832061068702,0.9458778625954198,0.9515877862595421,0.9618931297709923,0.9600305343511449,0.9612595419847328,0.9443511450381677,0.96,0.9405190839694657,0.9454198473282442,0.9439847328244276,0.8381068702290076,0.9453282442748092,0.9523206106870229,0.9614503816793892,0.959969465648855,0.9613206106870229,0.9446717557251908,0.9601374045801527,0.9410229007633587,0.9458473282442748,0.9445801526717558,0.8381068702290078,0.9455725190839694,0.9560305343511449,0.9614198473282443
256,0.9379731379731381,0.9400335775335775,0.9271367521367522,0.9295940170940171,0.9257936507936507,0.9256562881562882,0.9232753357753358,0.8167277167277167,0.9254731379731379,0.925473137973138,0.9307387057387058,0.9248931623931624,0.923550061050061,0.9226495726495727,0.928495115995116,0.9243131868131867,0.9219322344322344,0.919551282051282,0.8218864468864469,0.9221459096459096,0.925709706959707,0.9258852258852258,0.9265873015873016,0.9220467032967034,0.9218253968253969,0.9303724053724054,0.9223443223443223,0.9211843711843711,0.9188186813186814,0.8215048840048841,0.9211080586080587,0.9209249084249085,0.9254273504273505,0.9261904761904761,0.9217490842490842,0.920467032967033,0.9298687423687424,0.9215659340659341,0.9203144078144079,0.9181776556776556,0.8210470085470085,0.9203144078144078,0.9219627594627595,0.9246794871794872
257,0.9343282219788244,0.9423299257636607,0.9332785688207376,0.9277108433734941,0.9323810393087502,0.940550079104296,0.9369903857855665,0.7692284288669831,0.9405805038335158,0.9288974078130704,0.9329743215285384,0.9438663745892663,0.9431666058172082,0.9374315443592552,0.9388158695387611,0.9353322380430814,0.9430449069003285,0.9396373372276987,0.7775191675794086,0.9431666058172083,0.9370968723378361,0.9383290738712425,0.9472130948034563,0.943242667640258,0.9377814287452841,0.9411585736886942,0.9364427406596082,0.9431361810879884,0.9400784958013875,0.7769563100888401,0.943288304734088,0.9388615066325909,0.938161737860533,0.9472130948034563,0.943242667640258,0.9377814287452841,0.9411585736886942,0.9364427406596082,0.9431361810879884,0.9400784958013875,0.7769563100888401,0.943288304734088,0.9388615066325909,0.938161737860533
258,0.9503601294024293,0.9519166208875054,0.9477354574864189,0.9492919489714949,0.945156564731734,0.9510315571018739,0.9474455227980225,0.7509918818287249,0.9506653238112679,0.9484068851858634,0.9516114264786669,0.9559909662454985,0.9558078496001953,0.9532594762863943,0.9548159677714705,0.9521760361350181,0.9555331746322407,0.9515656473173412,0.7588658975767564,0.9557162912775438,0.9503448696819874,0.9550906427394251,0.956265641213453,0.9559528169443935,0.9536714887383263,0.9546633705670512,0.9520539583714827,0.9564182384178722,0.9513062320698286,0.7557681743270462,0.9564792772996399,0.9522523347372276,0.9534120734908137,0.9559604468046147,0.9553653177073795,0.9528779832753463,0.9547244094488189,0.9512909723493866,0.9550753830189832,0.950436428004639,0.7559970701336752,0.9551669413416347,0.9542208386742355,0.9538088262223036
259,0.9665267175572518,0.9678167938931298,0.952412213740458,0.9625954198473283,0.9493435114503818,0.9492519083969465,0.9427022900763358,0.8011297709923664,0.9490534351145038,0.9504122137404579,0.9538015267175574,0.9645496183206106,0.9671908396946566,0.9496183206106871,0.9642748091603053,0.946885496183206,0.9468091603053436,0.9384122137404579,0.8057251908396946,0.9467786259541985,0.9564732824427481,0.9491755725190839,0.9637251908396947,0.9670076335877863,0.9485038167938932,0.9638167938931298,0.947114503816794,0.9476030534351144,0.9385954198473282,0.8050534351145038,0.948,0.9524122137404579,0.947587786259542,0.9635419847328245,0.967145038167939,0.9472824427480916,0.962916030534351,0.9461068702290076,0.9468396946564885,0.9375877862595421,0.8039389312977099,0.9471297709923664,0.947206106870229,0.9465038167938931
260,0.9470447296534253,0.9415050284615503,0.9390785477742,0.9378424161032857,0.9384528514963298,0.9372014589405894,0.9353091092221526,0.793535489187663,0.9370183283226761,0.9332794115402809,0.9405130709478536,0.9446487707357273,0.9389717215804171,0.9391243304286782,0.937445633097807,0.9387428083080257,0.9354617180704138,0.9347749782532392,0.7985563202954508,0.9354159354159354,0.9391166999862651,0.9426953774779862,0.9447098142750315,0.9394829612220915,0.9394142872403742,0.9376287637157202,0.9389411998107651,0.9358585010758923,0.9349886306408046,0.7992125383429732,0.9358432401910662,0.9398873746699834,0.9428479863262471,0.9447555969295099,0.9396432005127657,0.9395974178582875,0.9376440246005464,0.9389869824652433,0.9357669357669359,0.9351565003738916,0.7987547117981901,0.9357211531124575,0.9372930242495461,0.9431074213682908
261,0.9482879638671875,0.948333740234375,0.9274139404296875,0.947723388671875,0.9256744384765625,0.9300384521484375,0.9237060546875,0.7635955810546875,0.9301605224609375,0.930877685546875,0.9482574462890625,0.9478759765625,0.9402923583984375,0.93017578125,0.948638916015625,0.928802490234375,0.9334716796875,0.9261016845703125,0.75506591796875,0.933441162109375,0.943939208984375,0.9459991455078125,0.948577880859375,0.9414138793945312,0.9282379150390625,0.950531005859375,0.9263763427734375,0.9314727783203125,0.9264678955078125,0.754669189453125,0.931640625,0.932708740234375,0.9458465576171875,0.947967529296875,0.9407730102539062,0.92877197265625,0.951202392578125,0.9278717041015625,0.9325408935546875,0.9263916015625,0.7540740966796875,0.9323577880859375,0.929351806640625,0.94427490234375
262,0.9531872357959315,0.9551329986112596,0.9481129915912525,0.9494101668014712,0.9433363346406825,0.9489065576022098,0.9390175042348956,0.8055458055458057,0.9493796450318189,0.949837471576602,0.9551787812657377,0.9571398049658919,0.9564378042638912,0.9476704259312955,0.9540494757886061,0.9421765073938987,0.9457322935583805,0.935644848688327,0.8098646359515924,0.9460680330245548,0.9416576373098112,0.9476856868161218,0.9571398049658919,0.9564378042638912,0.9476704259312955,0.9540494757886061,0.9421765073938987,0.9457322935583805,0.935644848688327,0.8098646359515924,0.9460680330245548,0.9416576373098112,0.9476856868161218,0.9571398049658919,0.9564378042638912,0.9476704259312955,0.9540494757886061,0.9421765073938987,0.9457322935583805,0.935644848688327,0.8098646359515924,0.9460680330245548,0.9416576373098112,0.9476856868161218
263,0.9548307297631593,0.9541283002733367,0.9449661764930445,0.954418434193046,0.9438514514331089,0.9446455021607342,0.9427519965794737,0.7983874662146686,0.9446913127796357,0.9425534838975674,0.954357353367844,0.9595339533037092,0.9624811031197033,0.9503260189045153,0.9574113946279414,0.9481118389909448,0.9507383144746285,0.9478522454838365,0.8031975811993219,0.9506008826179242,0.9548765403820606,0.9570601798830302,0.959686655366714,0.9629086688961168,0.9510437186006383,0.9574877456594438,0.9487226472429642,0.950845205918732,0.9478827858964375,0.802602043153603,0.9509520973628353,0.9517919587093622,0.9564035610121092,0.959717195779315,0.9625421839449051,0.9504481805549194,0.9573503138027395,0.9476995434208315,0.9507077740620276,0.9473330584696199,0.8022966390275932,0.9506008826179241,0.9539450577977309,0.9560676164734985
264,0.9393883904046878,0.9491698712079595,0.9285539888909234,0.9413568943416957,0.9335896966367576,0.9275468473417567,0.9230452298113899,0.781877556003174,0.9277147042666181,0.93622962827321,0.9425929316974913,0.9413874137825795,0.9521302569736924,0.9336659952389672,0.9424861136543978,0.9369010559726546,0.9339254104864798,0.9289965207837394,0.7906671549777207,0.9340474882500153,0.9390221571140817,0.9448361106024538,0.9417536470731857,0.9520386986510408,0.9331929439052676,0.9418299456753952,0.9367331990477935,0.9336049563571995,0.9283556125251786,0.790835011902582,0.9338185924433864,0.9364280046389551,0.9452328633339437,0.9417383873527437,0.9519166208875054,0.9329640480986389,0.9418604651162791,0.9366874198864678,0.9331471647439419,0.9282640542025271,0.7918574131721906,0.9334065799914545,0.9386864432643595,0.9449276689251053
265,0.957853202574318,0.9513714373276125,0.9400704872816428,0.9604045357033405,0.941618142813362,0.9419092859331903,0.9408979466748392,0.7468587189702727,0.9415568495249771,0.9456634998467668,0.9647870058228624,0.9605884155684953,0.9587726019000918,0.9452650934722647,0.9659975482684646,0.9464603125957706,0.9479619981612014,0.9456634998467667,0.7561752988047807,0.9479466748391053,0.9475176218204108,0.9646337726019001,0.9611707018081521,0.9550566962917559,0.9463530493410971,0.9658443150475023,0.9479926448053938,0.9492338338951886,0.9461998161201348,0.7572785779957094,0.9493257738277658,0.9447594238430892,0.9641893962611093,0.9612319950965369,0.9562289304321178,0.9470885688017162,0.965752375114925,0.9484983144345694,0.9501072632546737,0.9463070793748085,0.7562212687710695,0.9500766166104812,0.9456788231688631,0.9642047195832057
266,0.9427729694249821,0.9426813817526828,0.9355986017615361,0.937903558181069,0.9385904657233137,0.9411701851597443,0.9351253987879898,0.782525072125292,0.9410175390392453,0.9410557005693702,0.9357665124940849,0.9433682892949276,0.9430629970539299,0.9393842255499076,0.9428492924852315,0.9397047824029553,0.9435362000274764,0.9364839492604295,0.7876081879379035,0.9438720214925738,0.9473523530399476,0.9385599364992139,0.943581993863626,0.9426966463647326,0.9398421639114042,0.9432003785623789,0.9397353116270549,0.9438567568805238,0.9365144784845294,0.7872723664728062,0.9441620491215216,0.9489093434690358,0.939323167101708,0.9433224954587779,0.9419639449863383,0.9392468440414588,0.9432309077864787,0.9399032223596038,0.943581993863626,0.9359344232266337,0.7865854589305612,0.9436735815359253,0.9485582573918883,0.938941551800461
267,0.9400903375450161,0.953717267899652,0.9325978148080327,0.942074101202466,0.9295611304400903,0.9366721601660257,0.9340474882500153,0.7390435207227004,0.9365958615638161,0.9461942257217847,0.9463010437648782,0.9436916315693097,0.9556247329548924,0.937618262833425,0.945171824452176,0.9340017090886895,0.9433406579991455,0.9388695599096624,0.7395623512177257,0.9434016968809132,0.9455380577427823,0.9484526643471892,0.943828969053287,0.95370200817921,0.9377556003174021,0.9451260452908502,0.934688396508576,0.942684490020143,0.9383202099737533,0.7416834523591528,0.9425776719770494,0.9485594823902826,0.9482542879814442,0.9445156564731735,0.9534883720930234,0.9378318989196118,0.9453396813770372,0.9345052798632728,0.9421503998046755,0.9381065738875664,0.7403558566807056,0.9421351400842337,0.9547854483305865,0.9483000671427699
268,0.9467612726024263,0.9458228427557793,0.9252002746623941,0.9464255741206988,0.9211261158159761,0.9193102922102693,0.9079575799191271,0.6967421988250554,0.9195086594949263,0.9308308537422751,0.942641336690318,0.947219043259327,0.950240329594873,0.9302510109102007,0.9486991683833066,0.9265735866330967,0.9271229114213779,0.9173266193636987,0.7073319600213627,0.927412832837415,0.9423514152742809,0.9415732051575494,0.9470511940184634,0.95131609063859,0.9300679026474402,0.9492332341496911,0.9262989242389563,0.9270008392462042,0.9179369802395667,0.7085831998168918,0.9271381704432746,0.9413138017853055,0.9422598611429006,0.9480888075074387,0.9526665140764476,0.9306019684138247,0.9495994506752116,0.9268482490272373,0.927214465552758,0.9176470588235294,0.7069657434958418,0.9274738689250018,0.94018463416495,0.9433737697413596
269,0.9495231555657283,0.9517204547188525,0.932295719844358,0.9459525444419011,0.9293659876401923,0.9346761272602426,0.92817578393225,0.7184405279621576,0.9345540550850691,0.9332570382238499,0.9409781033035782,0.9515373464560921,0.9535667963683527,0.939833676661326,0.9499198901350423,0.9364919508659495,0.942069123369192,0.9344167238879988,0.7389791714351109,0.9423437857633326,0.9389181353475243,0.939482719157702,0.9518348973830777,0.9535667963683527,0.9398031586175326,0.9498588540474555,0.9367818722819867,0.9416571297779812,0.9343251697566186,0.7383840695811399,0.9416571297779812,0.9410009918364233,0.9389181353475242,0.9519111924925611,0.9532921339742122,0.9403524834058137,0.9496757457846952,0.9362325474937057,0.9418554970626383,0.9343251697566186,0.7396200503547723,0.9421149004348821,0.9353475242236973,0.9390096894789044
270,0.9326899509803921,0.9436887254901961,0.9347886029411765,0.9263174019607843,0.9327512254901961,0.9392922794117646,0.9357230392156863,0.8457720588235295,0.9393382352941175,0.9422334558823529,0.9378982843137256,0.945749080882353,0.9470818014705882,0.9404564950980391,0.9455729166666667,0.9372549019607843,0.9439338235294117,0.9403186274509805,0.8533700980392156,0.9438802083333333,0.9520220588235294,0.9444393382352941,0.9483992034313724,0.9489047181372549,0.9409620098039215,0.9480698529411765,0.9375765931372549,0.9442095588235293,0.9407781862745098,0.8534926470588234,0.9440946691176471,0.9497242647058823,0.9451133578431372,0.9483992034313724,0.9489047181372549,0.9409620098039215,0.9480698529411765,0.9375765931372549,0.9442095588235293,0.9407781862745098,0.8534926470588234,0.9440946691176471,0.9497242647058823,0.9451133578431372
271,0.9572763480392158,0.9508884803921568,0.9406556372549019,0.9520680147058822,0.9408547794117648,0.93359375,0.9339920343137256,0.7580116421568628,0.9336550245098039,0.9334405637254901,0.956219362745098,0.9550474877450981,0.9513633578431372,0.9385416666666665,0.9536764705882353,0.937515318627451,0.9307291666666666,0.9305453431372549,0.7652420343137256,0.9307904411764705,0.9366421568627451,0.9549172794117649,0.9552849264705883,0.9505897671568626,0.93828125,0.9537377450980393,0.9374080882352941,0.9308670343137255,0.9305912990196078,0.7652113970588235,0.9306985294117648,0.9350796568627451,0.954672181372549,0.9554687500000001,0.9512408088235295,0.9387714460784314,0.9537837009803922,0.9380821078431372,0.9310508578431372,0.9308976715686275,0.764154411764706,0.9309589460784313,0.9368719362745099,0.9545802696078431
272,0.9536832751118467,0.9479760372617515,0.9383311883311883,0.9474474474474474,0.9371514371514371,0.9410277624563339,0.9354047925476497,0.7652295152295152,0.941257584114727,0.9491481277195564,0.947861126432555,0.949776306919164,0.9474780903352332,0.9407213335784765,0.9477385548814121,0.9416252987681559,0.9429735858307288,0.9381626524483667,0.7703775203775205,0.9432034074891217,0.9482594839737698,0.9430808359379788,0.9510709689281117,0.9490255561684132,0.9406600478029049,0.9480603052031623,0.9416406202120488,0.9426518355089784,0.9375191518048662,0.7688147331004473,0.9430655144940859,0.945685481399767,0.9422534779677637,0.9510326653183796,0.9490178954464669,0.9400471900471901,0.9481981981981983,0.9415180486609058,0.9424373352944783,0.9372740087025802,0.7682018753447324,0.9427897285040142,0.9473708402279832,0.9419930134215849
273,0.9269060068093385,0.9297330982490273,0.9186831225680935,0.927361989299611,0.9139409046692607,0.9144120865758755,0.9063715953307393,0.7368677042801556,0.9146400778210116,0.9129681420233463,0.9273467898832684,0.9358508633268483,0.9343385214007781,0.9246564931906613,0.9350224951361868,0.9204462548638134,0.9209478356031129,0.9112050097276265,0.7499392023346304,0.9211454280155642,0.917634362840467,0.9300522859922179,0.9358964615758755,0.9340649319066148,0.9240941147859925,0.9349768968871595,0.9201118677042802,0.9212214250972763,0.9112658073929961,0.7494072227626459,0.9213734192607005,0.92489968385214,0.9295203064202334,0.9353036843385214,0.9311846425097277,0.9237445282101168,0.9345209143968871,0.9199142752918289,0.9208262402723735,0.9099890564202335,0.7477656857976654,0.9210086332684826,0.9223157830739299,0.9282587548638132
274,0.9464612708295184,0.9568989196117927,0.9384880668986144,0.9463773423670878,0.9388085210278948,0.9464689006897393,0.9487731184764695,0.769822376854056,0.9461789660013429,0.9444546175914057,0.9387322224256851,0.9518326924250747,0.959569370689129,0.9466062381737167,0.9504974668864068,0.9447903314411281,0.9519776597692731,0.9527864249526948,0.7772538607092718,0.9518861014466214,0.9506653238112679,0.9390221571140817,0.9515885368980039,0.9591039492156505,0.9462552646035525,0.9503296099615456,0.9443630592687542,0.9510468168223158,0.9518098028444119,0.7754684734175671,0.9511383751449674,0.948307697002991,0.9386559238234756,0.9519318806079473,0.9592260269791857,0.9463773423670878,0.9508942196178967,0.9454617591405725,0.9517335042422023,0.9522218152963438,0.7760178233534761,0.951413050112922,0.9500854544344748,0.938778001587011
275,0.9354700854700855,0.9490384615384616,0.9313644688644689,0.9267094017094017,0.9296245421245422,0.9342338217338216,0.92997557997558,0.7721764346764347,0.9344627594627595,0.9374847374847374,0.9264041514041514,0.9317918192918193,0.9450320512820514,0.9365384615384617,0.9293345543345544,0.9354395604395606,0.9386294261294261,0.9336843711843712,0.782554945054945,0.9386599511599512,0.9394688644688645,0.9298992673992674,0.9340430402930403,0.9510912698412699,0.9367063492063492,0.9304487179487179,0.9360347985347984,0.9386904761904762,0.9341117216117216,0.7821123321123322,0.9387820512820513,0.9439102564102564,0.9304945054945055,0.933768315018315,0.950946275946276,0.936965811965812,0.9303418803418804,0.9361263736263736,0.9391483516483516,0.9345543345543346,0.782020757020757,0.9392704517704518,0.9414224664224664,0.9296855921855922
276,0.9367512011190172,0.9352231952806666,0.9224289971416408,0.9415404731496686,0.9183087027914614,0.9264732713008574,0.9238125646171623,0.7434622635772061,0.9262756188043545,0.9200115550690263,0.9395791522228305,0.9388189503132032,0.9395183360700603,0.9262908228425469,0.9411147600802773,0.9274767378215654,0.9289971416408197,0.9256826613148451,0.751870096697683,0.929088365869975,0.9274235236878915,0.9402177218269172,0.938028340327191,0.9390774189624764,0.9276743903180684,0.9412820045003953,0.9295596910539441,0.9292099981755154,0.9251961320926838,0.7484187800279756,0.9293164264428633,0.9323268260049868,0.9398224168339111,0.9376330353341849,0.9390242048288024,0.9255002128565347,0.9409171075837743,0.9267925561029009,0.9260323541932738,0.9220945083014048,0.746168582375479,0.926123578422429,0.9246335826795596,0.9388037462750105
277,0.9368894993894995,0.9477106227106227,0.9297466422466423,0.9287545787545787,0.9326617826617827,0.927106227106227,0.9246336996336997,0.820528083028083,0.9268467643467644,0.935370879120879,0.9206349206349206,0.9386752136752137,0.953319597069597,0.9393772893772894,0.9292429792429792,0.9383089133089133,0.9362942612942612,0.9322649572649573,0.8235958485958487,0.9363095238095238,0.9406288156288157,0.9202075702075703,0.938446275946276,0.950885225885226,0.9383394383394383,0.9272283272283272,0.9373626373626374,0.9347069597069597,0.9308760683760684,0.8226495726495726,0.9344932844932845,0.9403617216117216,0.9200854700854701,0.9382173382173382,0.9490766178266179,0.9372557997557998,0.9255952380952381,0.9379273504273504,0.9336233211233211,0.9301892551892551,0.8209706959706959,0.9337148962148962,0.9362942612942612,0.9175671550671551
278,0.961456854574041,0.9710201340232938,0.9533360809635023,0.961716352978889,0.9496115156233305,0.9538398131611486,0.9495046633389812,0.8035444429179833,0.9539466654454976,0.9577170246218193,0.9588923997496605,0.9616095006945399,0.9714704400787654,0.9548472775564409,0.9647845400009158,0.9506647738547724,0.955747889667384,0.9519622658790127,0.8035444429179832,0.9556715666071346,0.9543588099708445,0.9572132924241731,0.961197356169193,0.9716078215872144,0.9541145761780465,0.964754010776816,0.9506647738547724,0.9552746866938376,0.9514127398452168,0.8036207659782326,0.955351009754087,0.9572896154844225,0.9569080001831752,0.9610905038848437,0.9717604677077132,0.9545877791515929,0.9652730075865122,0.9510616537680695,0.9558700065637832,0.9523591457923096,0.8044145258048268,0.9557478896673841,0.957762818457969,0.9571674985880233
279,0.9575315397476821,0.9626082991336069,0.9555859553123575,0.9575467396260829,0.9529563763489892,0.9531843745250037,0.9490804073567412,0.7722906216750266,0.9530019759841921,0.9449156406748744,0.9573491412068703,0.9560875512995896,0.955061559507524,0.9555707554339565,0.9577595379236965,0.9535035719714243,0.9503571971424228,0.9451588387292901,0.7713786289709682,0.9504635962912296,0.9557835537315701,0.9560571515427877,0.9572579419364645,0.9571819425444595,0.9561331509347926,0.9584283325733395,0.9531843745250038,0.9514363885088919,0.9458732330141358,0.770892232862137,0.9512083903328774,0.954734762121903,0.9567715458276334,0.9571211430308557,0.9571971424228605,0.9550235598115214,0.9581851345189238,0.9521203830369357,0.9510411916704665,0.9456148350813193,0.7705274357805137,0.9509195926432589,0.9515275877792978,0.9561787505699954
280,0.9423684572056601,0.9391552563691594,0.9352627802964388,0.941307566668193,0.9330036177130558,0.9365297430965793,0.9370792691303751,0.8376608508494757,0.9361939216314817,0.9260582192303584,0.9448489566637664,0.9375066782677718,0.9375830013280213,0.9359344232266337,0.9393689609378577,0.9334615560745524,0.9365144784845294,0.9348964296072416,0.8389736074857659,0.9363618323640306,0.9268367144449023,0.9407733052464471,0.9386973180076628,0.9385675688052387,0.936957152233976,0.9394910778342569,0.9333547037902031,0.937613530552121,0.9350490757277404,0.8379356138663735,0.9375524721039215,0.9251118132832654,0.9392468440414588,0.9391705209812092,0.9388881256582864,0.937628795164171,0.9395063424463068,0.9342858451252463,0.9379340874051686,0.9351711926241395,0.8386988444688678,0.9379798812413183,0.9327899131443574,0.9398879577475537
281,0.9586938277256427,0.9499961852445258,0.9474021515220874,0.9567101548790723,0.9474021515220874,0.9482108796826123,0.9440909437705043,0.8021362630655374,0.9480125123979553,0.9506065461203936,0.9483176928358893,0.9636835278858625,0.9479972533760587,0.9484702830548561,0.9597161821927215,0.9456473640039674,0.9476615548943312,0.9427023727779049,0.8018310826276036,0.9476157778286413,0.9492256046387427,0.9438010223544671,0.963408865491722,0.9443427176317998,0.9479972533760587,0.9596704051270314,0.9459220263981079,0.9471732661936371,0.9421683070115205,0.8014496070801862,0.9473868925001908,0.9490501258869306,0.9435263599603265,0.9632715342946516,0.9455558098725871,0.9475089646753643,0.9593194476234074,0.9457999542229343,0.9465934233615625,0.9417563134203097,0.801007095445182,0.946517128252079,0.9449759670405127,0.9432669565880827
282,0.948481578307393,0.9494087427042801,0.9416342412451362,0.9534897859922178,0.9411630593385213,0.9432149805447471,0.9471972276264591,0.8497841682879379,0.942804596303502,0.9420446254863813,0.9564384727626459,0.9538241731517509,0.9540141658560312,0.9461788667315175,0.957988813229572,0.9440357490272373,0.9484739785992219,0.9504803015564203,0.8535080252918288,0.9483219844357976,0.9525778210116731,0.9584751945525292,0.9540217655642024,0.9534745865758755,0.9458596789883268,0.9580040126459144,0.9441117461089492,0.9478964007782101,0.9503435068093385,0.8522008754863815,0.9477748054474708,0.9509210846303502,0.9591287694552529,0.9542497568093385,0.9540217655642023,0.9458748784046691,0.9581104085603113,0.9443701361867706,0.9479571984435798,0.9503131079766536,0.8516232976653696,0.9479723978599223,0.9531553988326849,0.9592351653696498
283,0.9543734358786546,0.9572117438808522,0.9376335225538669,0.9557468107184277,0.9349783311969726,0.938198132210218,0.935268265885369,0.7694256241225661,0.9381065738875665,0.940715986083135,0.9561130440090337,0.9488494170786791,0.948086431056583,0.9344595007019472,0.9484374046267472,0.9345968381859244,0.9365348226820486,0.9342153451748764,0.7749496429225416,0.9366263810047001,0.937206250381493,0.9545718122443996,0.9491851309284014,0.9518784715864006,0.9352835256058109,0.9487578587560277,0.9356802783373008,0.93702313373619,0.9346273576268083,0.7741561374595617,0.9370536531770738,0.9355887200146495,0.954114020631142,0.9491698712079595,0.9514359396935848,0.9350393700787402,0.9485900018311664,0.9353445644875786,0.9365958615638162,0.9343221632179699,0.7733473722761399,0.9367026796069097,0.9387017029848014,0.9544039553195386
284,0.9482121873426221,0.9522715827063655,0.9393074610465916,0.9545530849878676,0.9358279793062402,0.9439772918033787,0.9406809406809407,0.773955773955774,0.9436415523372045,0.9471973385016863,0.9533932577410839,0.95133303828956,0.9549346071085203,0.9439925526882049,0.9557586948891296,0.9424817250904208,0.9488912967173837,0.9474872953133822,0.78352434874174,0.9486471225601661,0.9491812535290797,0.9544920414485631,0.951485647137821,0.9550872159567813,0.9437789003006394,0.9559876081615213,0.9427564210172906,0.9488302531780793,0.9475788606223389,0.7847299586430021,0.948784470523601,0.9513940818288643,0.9548277809147374,0.9515924733316038,0.9550338028598898,0.9438552047247699,0.9558197384284342,0.9425122468600731,0.9488760358325576,0.947304164695469,0.784272132098219,0.9487081660994705,0.9495627756497322,0.9549193462236941
285,0.9564912173607826,0.9429395516352039,0.937293024249546,0.9531796053535184,0.9369572847833716,0.9350344132952828,0.9290216246737987,0.7732537732537732,0.9354159354159354,0.9376592854853725,0.9473957300044257,0.9566896088635218,0.9462587940848811,0.9360721534634578,0.952843865887344,0.9364078929296321,0.9338898469333252,0.9297846689151037,0.7773589512719947,0.9339661513574556,0.9374151113281548,0.9484182092877745,0.9569948265600439,0.9453049887832496,0.9357516748821096,0.9526454743846048,0.936407892929632,0.933706716315412,0.930135669266104,0.7774962992354297,0.9337524989698903,0.9356143269186746,0.9486013399056876,0.9571626962931311,0.9455567933828803,0.9360263708089794,0.9530117356204312,0.9369115021288935,0.9340271948967601,0.9300746257267997,0.7772979077326904,0.9341034993208907,0.9364460451416973,0.9487234269842967
286,0.9499626017004777,0.958007052250767,0.946772297782052,0.9489704019172354,0.9467722977820519,0.9499778663125276,0.944116255285372,0.7691074781334433,0.9502526293294257,0.9464212117049045,0.9435056708033766,0.9512906229488177,0.9569385294072751,0.947688174505045,0.9522980873441101,0.9513669460090672,0.9518401489826136,0.9461159194639068,0.7749690891605989,0.9518859428187634,0.9568774709590756,0.9418418280899391,0.9512906229488177,0.9560760788264565,0.9479782021339929,0.952450733464609,0.9517943551464639,0.9514127398452169,0.9457648333867594,0.7738700370930072,0.9513516813970173,0.9530918471707042,0.9423455602875853,0.9507105676909221,0.9549007036986155,0.9473981468760971,0.9519927951031124,0.9514280044572667,0.9511837706644686,0.945551128818061,0.7739921539894064,0.9511379768283189,0.9535803147563005,0.941841828089939
287,0.9506805835317097,0.9357260574986267,0.9248763962644205,0.9425929316974913,0.9210462064334982,0.9275926265030825,0.9225569187572483,0.76008667521211,0.927882561191479,0.9254410059207714,0.920115363486541,0.9525041201245192,0.9379387169627053,0.9318653482268205,0.9385948849417078,0.9293932735152292,0.935085149240066,0.9293932735152292,0.7740493194164684,0.9349172923152047,0.9343832020997376,0.9181010803882073,0.9503219801013245,0.9391366050173962,0.9338796313251542,0.9384270280168469,0.9329487883781968,0.9361228102301165,0.9302325581395349,0.7751632790087287,0.9361380699505586,0.9342000854544344,0.9206647134224502,0.9483153268632118,0.9414026735030214,0.9365653421229323,0.9358023561008363,0.9323078801196362,0.9383202099737533,0.9311634010864922,0.7733931514374657,0.9384422877372887,0.9374656656290057,0.9208478300677532
288,0.9471031587977573,0.9405006280829683,0.9437176384080395,0.9456325255062962,0.9431201936333833,0.942461472471583,0.9382027635650602,0.7462238426422378,0.9425687061490854,0.9465210331198872,0.9461074175066638,0.9445065718925212,0.9405312662765404,0.9433806182787463,0.9448359324734215,0.9430435981494532,0.944146573118049,0.9382946781457766,0.7508348907748399,0.9442691258923374,0.9466282667973897,0.9459389074420173,0.9447516774410981,0.941848708600141,0.9440393394405465,0.9449738043444958,0.9436563620208952,0.9446367842152027,0.9386623364686418,0.7499617022580349,0.9448972088605655,0.9480223046049205,0.9456172064095101,0.9446904010539537,0.9419253040840713,0.9439014675694721,0.9450657189252121,0.943564447440179,0.9446061460216306,0.9386316982750696,0.7500842550323233,0.9448052942798492,0.9479457091209903,0.9456784827966543
289,0.9589613970588233,0.9541819852941176,0.9357536764705883,0.9576593137254902,0.9360906862745099,0.9352328431372549,0.9344362745098039,0.745404411764706,0.9348498774509804,0.938219975490196,0.9629901960784313,0.9601409313725491,0.9531096813725491,0.9436427696078431,0.9635569852941176,0.9432904411764704,0.9424938725490196,0.939767156862745,0.7512561274509805,0.9422487745098039,0.946890318627451,0.9621936274509804,0.9602481617647058,0.952688419117647,0.9424479166666666,0.9633118872549019,0.9423866421568627,0.9413602941176471,0.9389399509803922,0.7518075980392156,0.9412224264705882,0.9447916666666666,0.961764705882353,0.9602175245098039,0.9539139093137253,0.9422640931372548,0.9633118872549019,0.9422334558823529,0.9411458333333332,0.9386488970588235,0.7514399509803922,0.9407322303921567,0.949096200980392,0.9624234068627451
290,0.9484526643471892,0.9416468290300921,0.9523133736189953,0.9468656534212294,0.9442715009461027,0.9492766892510528,0.9400750778245742,0.8027681132881646,0.9496734419825429,0.9411890374168346,0.9496887017029848,0.9511841543062931,0.948109320637246,0.9546633705670512,0.9534731123725813,0.9468809131416712,0.9525422694256241,0.9434474760422389,0.8083836904107916,0.9528169443935786,0.952572788866508,0.9539461637062809,0.9513977903924801,0.9509552584996643,0.953549410974791,0.9543429164377709,0.9456753952267595,0.9509552584996643,0.9422419581273271,0.8070560947323446,0.951382530672038,0.9503143502411037,0.9546023316852834,0.9514435695538058,0.9502456814991149,0.9541903192333516,0.9545718122443997,0.9464536409692976,0.9514893487151316,0.9431880607947262,0.8064762253555515,0.9517029848013183,0.953930903985839,0.9541750595129097
291,0.9471820776168602,0.9499290368855586,0.933859325163673,0.9470294687685993,0.930715582889496,0.9325774108382803,0.9286706243227983,0.7666763318937231,0.9327147588017154,0.9406351580264625,0.9483724266332961,0.9465411204541639,0.953110931371801,0.9352633265676744,0.9481892960153828,0.9321501060631496,0.934607108520152,0.9314328444763227,0.7772216033085599,0.9344850214415432,0.9430921604834648,0.9477772521250781,0.9466784684175988,0.9505547331634289,0.9341034993208907,0.9478535565492088,0.9314023227066704,0.9336456727761075,0.930288278114365,0.7739099913012957,0.9335998901216291,0.9460069894852504,0.9468158163810337,0.9465716422238162,0.9509362552840814,0.934469760556717,0.9483876875181223,0.9293573641399728,0.9339356295878035,0.9299983213026692,0.7728722511331206,0.9338440642788468,0.9384604819387428,0.9474872953133823
292,0.9565217391304348,0.9494527211918515,0.9433262389784128,0.9595165703861356,0.9449528732137427,0.9468075402858012,0.9458954089388873,0.8888871997567651,0.9466251140164184,0.9450440863484343,0.9646701124961995,0.9591517178473701,0.9510565521435087,0.9507753116448769,0.9636363636363636,0.9516874429917909,0.9546670720583764,0.9513529948312557,0.8885223472179995,0.9545454545454546,0.9535421100638493,0.965232593493463,0.9598434174521131,0.9512541806020067,0.9500456065673457,0.9636211614472484,0.951231377318334,0.954439039221648,0.9506688963210702,0.8878382487078139,0.9543326238978412,0.9563241106719367,0.9643964730921253,0.9599118273031316,0.9512237762237763,0.9499391912435391,0.963727576771055,0.9510641532380663,0.9542110063849194,0.9504712678625722,0.8877166311948923,0.9542262085740347,0.9533748859835817,0.9641532380662816
293,0.9466595157830217,0.952390438247012,0.9477781182960466,0.9545510266625803,0.9458014097456329,0.9520839718050874,0.9560680355501072,0.8481918479926448,0.9516855654305854,0.9559071406680968,0.9560220655838186,0.9535090407600368,0.9572479313515171,0.9499846766779039,0.9584737971192154,0.9483604045357034,0.9546582899172541,0.9573551946061907,0.8535396874042293,0.9543977934416181,0.9627949739503525,0.9553171927673919,0.952727551333129,0.9572096230462764,0.950398406374502,0.9582745939319645,0.9485596077229544,0.9544744100520992,0.9575543977934418,0.8560067422617224,0.9542292368985597,0.95292675452038,0.9569414649095924,0.9523291449586271,0.9557385841250382,0.9478394115844315,0.9579834508121361,0.9468433956481764,0.9529574011645725,0.9561599754826846,0.8560373889059149,0.9524977015016857,0.9548574931045051,0.9579834508121361
294,0.9532808038236597,0.9472567074381177,0.9316200161864188,0.9523722265487807,0.9325667689770489,0.9262907141875487,0.927115305327775,0.7523783346313009,0.9261380121245439,0.9387817429413472,0.9558538335852916,0.9526470902621895,0.9459663750057262,0.9347351382717181,0.9504176401423183,0.9381709346893276,0.9334219005298762,0.9311008291722022,0.7541191381495564,0.9333302792920732,0.9395757936689725,0.9556095102844839,0.9523416861361796,0.9469742086215585,0.9340021683692947,0.950188587047811,0.9372394521049979,0.9329943347534625,0.9306732633957884,0.7527448195825125,0.9326889306274527,0.9415303800754348,0.9549223510009619,0.9521737138668743,0.946989478827859,0.9332386580542704,0.9504023699360178,0.9361858078702643,0.9322460946447387,0.9301846167941729,0.753416708659734,0.9320628521691328,0.9401407913020905,0.9562508589491044
295,0.9636055667460173,0.9661691997802601,0.9470945492278582,0.9638649819935299,0.9469419520234389,0.9485747421107245,0.9370078740157479,0.7485961057193433,0.9487120795947018,0.9554568760300312,0.9616218030885675,0.9639794298968442,0.9683665995238968,0.9527253860709272,0.9664286150277728,0.9532594762863944,0.9526643471891594,0.9419672831593726,0.7531282426905939,0.9531373985228591,0.9518861014466214,0.95918024781786,0.9637429042299945,0.9676493926631264,0.9512451931880608,0.9660776414576087,0.9529085027162303,0.9511231154245254,0.9409906610510895,0.7545779161325765,0.9512604529085027,0.9599890130012817,0.9591192089360923,0.9634911188427029,0.9674662760178233,0.9506805835317097,0.9661234206189342,0.9524964902642984,0.9508179210156869,0.9399987792223647,0.7517548678508209,0.9511383751449672,0.9588903131294635,0.9579442104620642
296,0.9652997324902723,0.9678532344357977,0.954857733463035,0.9597367461089494,0.9532465953307393,0.9574720330739301,0.9503739056420233,0.8001428745136188,0.9577608219844358,0.9624422422178988,0.9320738083657588,0.9660293044747081,0.9672680569066149,0.9546905398832685,0.9563168774319066,0.953824173151751,0.9572744406614786,0.9495075389105059,0.8010244406614787,0.9574720330739299,0.9557848978599223,0.9215406128404671,0.9652085359922179,0.9662648954280156,0.9540673638132294,0.9561800826848248,0.9523650291828795,0.9558000972762646,0.9479419990272374,0.7990941147859922,0.956073686770428,0.9568336575875486,0.9203550583657588,0.9639165856031129,0.9663788910505836,0.9532617947470817,0.950617096303502,0.9526538180933853,0.9550097276264591,0.9469388375486381,0.7951118677042801,0.9552073200389105,0.9569552529182879,0.9165096060311284
297,0.9535598754882812,0.9498138427734375,0.9322967529296875,0.9566497802734375,0.9333038330078125,0.9305877685546875,0.9249420166015625,0.7749481201171875,0.93084716796875,0.9308395385742188,0.9609375,0.9562530517578125,0.9522781372070312,0.9375762939453125,0.9592132568359375,0.93963623046875,0.937103271484375,0.9313812255859375,0.777862548828125,0.9373626708984375,0.9401397705078125,0.9586334228515625,0.956085205078125,0.9514083862304688,0.937286376953125,0.9591217041015625,0.93896484375,0.93701171875,0.9313812255859375,0.7778778076171875,0.9372406005859375,0.947296142578125,0.9583282470703125,0.9561920166015625,0.951202392578125,0.9380340576171875,0.9595947265625,0.940185546875,0.937744140625,0.9318084716796875,0.7782745361328125,0.938232421875,0.9406814575195312,0.9582672119140625
298,0.9460006129328837,0.9475482684646032,0.9389212381244254,0.934370211461845,0.9391510879558689,0.9455102666258044,0.9361017468587189,0.7479466748391052,0.9457860864235366,0.9427060986821943,0.9384768617836347,0.9409898866074164,0.9468587189702729,0.9376800490346306,0.9372203493717438,0.9382010419859026,0.9450965369292063,0.9361477168250075,0.753723567269384,0.9453263867606496,0.9515170088875268,0.9382470119521913,0.9420625191541526,0.9472418020226785,0.9381550720196139,0.937695372356727,0.9377260190009195,0.9449586270303402,0.9356114005516396,0.7536009806926142,0.9450658902850138,0.9490499540300338,0.9385381550720197,0.9414036163040147,0.9470732454796201,0.9369138829298193,0.9373429359485137,0.9356573705179283,0.9436867912963531,0.9342782715292676,0.7535550107263256,0.9440085810603739,0.9448207171314741,0.9379865154765553
299,0.9524050400073576,0.9468254698182041,0.9329991722615654,0.9588276771206965,0.9324320181489316,0.9328305588767282,0.9300561022716822,0.770977037922683,0.9330298292406265,0.9362947975106533,0.9555167233820779,0.9526656243293785,0.9456605046138754,0.9389466261994542,0.9623072442441521,0.9382108587019834,0.9388699837518011,0.9369385940709402,0.7814004108035195,0.9387933413041479,0.9374750912045127,0.9569729298874889,0.952006499279561,0.9463196296636929,0.9400042919770686,0.9624452006499279,0.9379042889113707,0.9398510070817622,0.9366780097489193,0.7807106287746406,0.9397896931236396,0.9368466231337563,0.9574787700420001,0.9520524847481528,0.9458444464882432,0.9398816640608233,0.9622612587755602,0.938486771513535,0.9393604954167816,0.9358196143352033,0.7777522302952267,0.9393145099481898,0.9330758147092185,0.95675833103406
300,0.9529266357421875,0.9501953125,0.949554443359375,0.947021484375,0.9527435302734375,0.9490203857421875,0.9441680908203125,0.7827301025390625,0.94866943359375,0.9459075927734375,0.928863525390625,0.9508285522460938,0.9451904296875,0.9475250244140625,0.9509124755859375,0.9513397216796875,0.9462127685546875,0.941650390625,0.793182373046875,0.9462890625,0.9397125244140625,0.930755615234375,0.9508895874023438,0.946868896484375,0.94781494140625,0.9501953125,0.9513702392578125,0.946258544921875,0.9416046142578125,0.790130615234375,0.946258544921875,0.9427947998046875,0.9291229248046875,0.9508895874023438,0.9463577270507812,0.9476165771484375,0.950469970703125,0.950897216796875,0.9458160400390625,0.9414825439453125,0.791473388671875,0.94586181640625,0.9380035400390625,0.9290771484375
301,0.9355392456054688,0.9341964721679688,0.916656494140625,0.928863525390625,0.913116455078125,0.90814208984375,0.90185546875,0.81060791015625,0.9083404541015625,0.923187255859375,0.9239959716796875,0.9417572021484375,0.939727783203125,0.921051025390625,0.9315338134765625,0.921295166015625,0.9175262451171875,0.9093017578125,0.8173980712890625,0.9176788330078125,0.920501708984375,0.9220428466796875,0.9416656494140625,0.93939208984375,0.922943115234375,0.9312896728515625,0.9225006103515625,0.9182891845703125,0.9094696044921875,0.817535400390625,0.918548583984375,0.9259490966796875,0.922393798828125,0.9419097900390625,0.939117431640625,0.92376708984375,0.93096923828125,0.9227447509765625,0.919097900390625,0.909515380859375,0.8167724609375,0.919342041015625,0.919891357421875,0.9220123291015625
302,0.9694209201190204,0.9639887083237965,0.9466697184710461,0.9676966506446937,0.9432822156099794,0.9434348058289463,0.9415426871137561,0.767635614557107,0.9433279926756695,0.9483787289234761,0.9676050965133135,0.9700312809948882,0.9658579385061418,0.9461509117265584,0.9693598840314336,0.9440451667048143,0.9448996719310292,0.946517128252079,0.7754634927901121,0.9446860456244754,0.9525749599450675,0.9657129777981232,0.9701838712138552,0.9647516594186313,0.9448386358434425,0.9690089265278097,0.9446097505149921,0.9444113832303349,0.9456626230258641,0.773464560921645,0.9443656061646448,0.951750972762646,0.9655603875791562,0.9692225528343633,0.9635919737544824,0.9425192645151446,0.9679865720607309,0.9417410543984132,0.9413443198290989,0.9438162813763639,0.7719844357976653,0.9411612115663386,0.9532158388647287,0.9634699015793087
303,0.9531376410068538,0.9529849948863549,0.9558394773396834,0.9475965868327457,0.9535650501442506,0.9530765825586542,0.9459174795072582,0.7466074399719131,0.9533360809635023,0.9504205400619743,0.9439330799407735,0.9515501213536658,0.9509242722596205,0.9551525697974386,0.951656973638015,0.9535345209201509,0.9539466654454977,0.949000931141335,0.7589107172841203,0.9539924592816473,0.9589076643617103,0.9465738578254034,0.95098533070782,0.9508937430355207,0.9535345209201507,0.9514585336813665,0.9526491734212574,0.9524965273007586,0.9483140235990901,0.7594449787058661,0.9525881149730581,0.9574269969928713,0.946360153256705,0.9508021553632214,0.9504205400619742,0.9531834348430034,0.9514127398452169,0.9520233243272122,0.9521301766115614,0.9479782021339928,0.7602692677565601,0.9520996473874617,0.9568469417349758,0.9468333562302514
304,0.9633919306598304,0.9634834889824818,0.948498443508515,0.966581212232192,0.9482695477018861,0.9501312335958007,0.9501312335958004,0.8344625526460355,0.9499786363913814,0.9556934016968809,0.9594091436244888,0.9666575108344014,0.9668253677592626,0.9528627235549045,0.9682445217603614,0.9526185680278337,0.9540529817493744,0.9530610999206496,0.8382317035951901,0.9538698651040713,0.960713849722273,0.9600042727217238,0.9669932246841239,0.9668329976194837,0.953518891533907,0.9678325093084296,0.9520386986510407,0.9545718122443997,0.9532442165659526,0.8374076786913264,0.9543734358786548,0.953732527620094,0.9578831715802966,0.9673594579747299,0.9672907892327413,0.954327656717329,0.967939327351523,0.9529237624366721,0.9552432399438442,0.9536257095770005,0.8378807300250258,0.9552584996642862,0.9642617347250199,0.958600378441067
305,0.9393314703681647,0.9460198207277781,0.9295585383358529,0.941163895124223,0.9314215035045124,0.9326736604211522,0.9321850138195367,0.8356467695878571,0.932475147739246,0.9359720249820573,0.9435765877197001,0.9422633499778582,0.9501809519446608,0.9314062332982118,0.9411638951242232,0.9308565058713943,0.9342923022890038,0.9362468886954662,0.8445034892421396,0.934109059813398,0.9406905187289081,0.9502038572541115,0.94232443080306,0.9487226472429642,0.9330248751660635,0.940782139966711,0.932444607326645,0.9348420297158214,0.9359109441568556,0.8442133553224305,0.9347198680654175,0.9432101027684885,0.9503565593171165,0.9422938903904592,0.9474552201200238,0.9327958220715562,0.9407974101730116,0.9310244781406997,0.9347351382717181,0.935177974254432,0.8437705193397163,0.9344602745583094,0.9397590361445782,0.9500664253974072
306,0.9633772601900091,0.9613392583512105,0.9445448973337418,0.9618142813361936,0.9425988354275208,0.9434262948207172,0.9422004290530187,0.8141740729390132,0.9434416181428135,0.9401624272142202,0.9645418326693227,0.9598528961078763,0.9616763714373275,0.9485902543671467,0.9597609561752989,0.948345081213607,0.9479773214832976,0.9456941464909593,0.8113086117070181,0.9482224946368373,0.9476555317192769,0.9638369598528961,0.9595770763101441,0.9611247318418633,0.948406374501992,0.9599601593625497,0.9485902543671468,0.9480845847379713,0.9460312595770765,0.8117223414036162,0.9482071713147412,0.9490652773521299,0.9644039227704566,0.9601287159056084,0.961967514557156,0.9492491572172848,0.9603279190928593,0.9489886607416489,0.948345081213607,0.9460465828991727,0.8122126877106957,0.9484063745019919,0.9476402083971806,0.9643885994483604
307,0.9667426660586715,0.9582079343365252,0.9376956984344125,0.9645082839337286,0.9366621067031464,0.9397932816537468,0.933470132238942,0.7452044383644931,0.9397020823833411,0.9502203982368141,0.9613011095911232,0.9672898616811065,0.9615215078279374,0.9456452348381212,0.9657698738410091,0.9454476364189086,0.9468916248670011,0.9384252925976592,0.7515275877792977,0.9472412220702234,0.959249126006992,0.9625322997416021,0.967624259005928,0.9622739018087855,0.9447788417692659,0.9655114759081928,0.9448244414044688,0.9465724274205807,0.9382732938136495,0.7508435932512539,0.9467396260829914,0.9546891624867001,0.9623347013223894,0.9673962608299134,0.9619395044839641,0.9445204438364493,0.9652986776105791,0.94468764249886,0.9465572275421796,0.9378932968536252,0.7507979936160512,0.9465724274205807,0.953108375132999,0.9619091047271623
308,0.9487754634927901,0.9329213397421224,0.9289539940489814,0.9460898756389714,0.9276112001220722,0.9286030365453576,0.9208972304875257,0.7548638132295721,0.9285420004577707,0.9210040436408027,0.9461509117265584,0.9454413672083619,0.9355916685740444,0.9283131151293202,0.9492027161058976,0.9265583276112,0.9296101319905394,0.9208514534218356,0.7608911268787671,0.9299153124284734,0.925001907377737,0.9481956206607156,0.9451667048142215,0.9334248874647135,0.9271381704432745,0.9483482108796826,0.925459678034638,0.9288166628519112,0.9193713282978562,0.7598840314335852,0.9288014038300145,0.9293812466620889,0.945860990310521,0.944876783398184,0.9337300679026473,0.9269550621805143,0.9479209582665751,0.9258564126039521,0.9286030365453575,0.919432364385443,0.7605249103532464,0.9287861448081178,0.9279926756694896,0.9456168459601739
309,0.9428549629968719,0.9302967879758907,0.9224536507209887,0.9383382925154498,0.9214923323414969,0.9222552834363318,0.9192950331883727,0.8159456778820477,0.9220263981078812,0.9173266193636987,0.9413900968947891,0.9394674601358052,0.9283817807278553,0.9278858625162127,0.9361104753185322,0.9255512321660182,0.9273670557717251,0.9266498817425802,0.8201876859693294,0.9273823147936218,0.9376821545738918,0.9405661097123674,0.941344319829099,0.9299000534065768,0.9268024719615473,0.9380636301213093,0.9254901960784314,0.9262073701075761,0.926009002822919,0.8188448920424202,0.9262226291294728,0.9370870527199207,0.9418173495078966,0.9413138017853055,0.930785076676585,0.9279163805600061,0.937972075989929,0.9265735866330969,0.9275959411001755,0.9268482490272373,0.8178988326848249,0.9275043869687953,0.9414358739604791,0.9411001754787518
310,0.9466062381737167,0.9595922602697918,0.9411737776963928,0.9428370872245619,0.938961118232314,0.9399987792223646,0.9345357993041569,0.7820148934871514,0.939922480620155,0.9402734541903193,0.9399530000610389,0.944393578709638,0.9553195385460538,0.939937740340597,0.9387932613074528,0.9380760544466825,0.9404413111151804,0.9332387230665934,0.7882408594274554,0.9407922846853445,0.94401208569859,0.9361838491118843,0.9441036440212415,0.9549380455350057,0.9402734541903192,0.9385033266190563,0.9376030031129831,0.9408228041262284,0.9333302813892449,0.7876609900506623,0.9409601416102057,0.9454770188610144,0.9357413172190685,0.9441341634621254,0.9536867484587682,0.9406244277604833,0.9384422877372885,0.9374046267472379,0.9412042971372764,0.9332692425074772,0.7885918329976195,0.9412500762986021,0.9421580296648965,0.9350851492400659
311,0.9607083143334852,0.9555783553731569,0.9511627906976745,0.9490044079647362,0.9517403860769114,0.9497796017631859,0.948077215382277,0.7437604499164006,0.9496124031007752,0.9474312205502355,0.9353397172822618,0.9606475148198814,0.9568095455236358,0.952515579875361,0.951968384252926,0.9514971880224958,0.9512691898464812,0.9472716218270254,0.7493692050463596,0.9513907888736889,0.9506003951968385,0.9321781425748594,0.9603131174950601,0.9567791457668338,0.9518467852257182,0.9504939960480315,0.9510259917920658,0.950873993008056,0.9454172366621066,0.746952424380605,0.9509347925216599,0.9454856361149111,0.9300957592339261,0.9600851193190455,0.9559583523331812,0.9511171910624715,0.9504483964128286,0.9494908040735673,0.9493084055327558,0.9444596443228455,0.7462076303389573,0.9493996048031617,0.9461164310685515,0.9300501595987232
312,0.9664718360370534,0.962397179788484,0.9523860393425612,0.9633128328780501,0.9519282127977782,0.9510278205930381,0.9436720741068567,0.7228775924428099,0.9511193859019945,0.953698475437606,0.9630228760663543,0.9647015733972256,0.9587040456605674,0.9554229554229554,0.9614662658140919,0.9542783890609977,0.9533169533169533,0.9470142078837731,0.7307827307827308,0.953423779510736,0.958643002121263,0.9626260930608757,0.962992354296702,0.957002457002457,0.955514520731912,0.961191569887222,0.9536526927831276,0.9534085186259099,0.9473346864651213,0.7301722953896865,0.9537289972072581,0.9640300944648771,0.9625040059822667,0.9631602240297893,0.9573153051413921,0.9556060860408687,0.9614052222747875,0.953866345170693,0.9534543012803882,0.9474109908892516,0.7297297297297298,0.9536221710134755,0.9632365284539198,0.9632670502235718
313,0.949011978332189,0.9489280537117569,0.9428854810406653,0.945662623025864,0.9469138628213931,0.9387502861066606,0.930937666895552,0.7474784466315709,0.9388876173037308,0.9473105973907072,0.9241016250858319,0.9512626840619516,0.9504844739452201,0.9439993896391241,0.9490043488212405,0.9447470817120622,0.9405508506904707,0.9350728618295566,0.7561760891126879,0.9405203326466773,0.9540093080033569,0.9272144655527581,0.9513847562371253,0.9499046311131457,0.9441672388799879,0.9486228732738231,0.9444419012741283,0.9423666742961775,0.9361409933623255,0.7533684290836957,0.9423361562523841,0.95385671778439,0.9267566948958571,0.9511253528648813,0.9497520408941788,0.943450064850843,0.9487144274052033,0.9443198290989548,0.9409628442816815,0.9349202716105898,0.7528801403830014,0.9409628442816815,0.952849622339208,0.9264057373922332
314,0.9554597260945494,0.9482980483470694,0.9460767793130918,0.9558044057722357,0.9432427464076717,0.9460001838291614,0.9454946536352216,0.776371825117191,0.945892950151659,0.9408299886638684,0.9465363522166733,0.9593277980330279,0.9608673672600263,0.9479610282177763,0.9578418456447808,0.9456631636998682,0.9493857042188792,0.9480223046049205,0.784904562027023,0.9491559177670884,0.9458623119580869,0.9443916786666259,0.959588222678391,0.961372897453966,0.9481908146695671,0.9577958883544224,0.9455559300223659,0.9495235760899537,0.9478537945402739,0.7847360519623764,0.9494776187995956,0.9545482398357793,0.943595085633751,0.959327798033028,0.9599941787432213,0.9477312417659854,0.9575201446122736,0.9445908269248444,0.9489720886056559,0.9471337969913294,0.7838628634455713,0.9489414504120837,0.9518827169950059,0.9427218971169459
315,0.9687800411993591,0.9633478294041352,0.9454337376974136,0.9617914091706721,0.9423666742961776,0.94531166552224,0.9349813076981766,0.7915159838254368,0.945662623025864,0.9485465781643397,0.9479209582665751,0.9676127260242618,0.964682993820096,0.9458762493324178,0.9510185397116044,0.9426565957122149,0.9456473640039674,0.9369192034790569,0.8017700465400168,0.9459678034637979,0.9506065461203936,0.9489738307774471,0.9676127260242618,0.964682993820096,0.9458762493324178,0.9510185397116044,0.9426565957122149,0.9456473640039674,0.9369192034790569,0.8017700465400168,0.9459678034637979,0.9506065461203936,0.9489738307774471,0.9676127260242618,0.964682993820096,0.9458762493324178,0.9510185397116044,0.9426565957122149,0.9456473640039674,0.9369192034790569,0.8017700465400168,0.9459678034637979,0.9506065461203936,0.9489738307774471
316,0.9571908396946565,0.952297709923664,0.9431145038167938,0.9618625954198473,0.9465648854961832,0.9425190839694656,0.9413587786259541,0.8011755725190839,0.942412213740458,0.935526717557252,0.9641221374045801,0.9637251908396947,0.9643053435114504,0.9525648854961832,0.964702290076336,0.9553282442748092,0.9515725190839694,0.9494045801526718,0.8028854961832061,0.9514351145038169,0.9542442748091603,0.9638931297709924,0.9639541984732825,0.9655572519083969,0.9532213740458015,0.9649312977099236,0.9560458015267176,0.9523206106870228,0.9492824427480916,0.8020763358778626,0.9520610687022901,0.9533587786259541,0.9645190839694656,0.9643053435114505,0.9648396946564886,0.9538473282442748,0.9647786259541984,0.9565801526717557,0.9525496183206108,0.9502748091603053,0.8011908396946564,0.9524274809160306,0.9545801526717558,0.9645648854961834
317,0.9230299700909479,0.9264023683086127,0.916971861075505,0.9247237990600012,0.9150796557407068,0.9181315998290911,0.920115363486541,0.8300524934383202,0.917780626258927,0.9139351767075626,0.9301867789782093,0.9215955563694074,0.9253341878776781,0.9293169749130197,0.9394646890068974,0.9250137337483977,0.930003662332906,0.9292559360312519,0.8365378746261369,0.9298510651284869,0.9299731428920223,0.936046511627907,0.9228621131660868,0.9270737960080573,0.9302172984190928,0.9404718305560641,0.9258987975340293,0.9302478178599769,0.9292711957516938,0.8362021607764146,0.9300799609351157,0.9316211926997497,0.936015992187023,0.9228621131660868,0.9270737960080573,0.9302172984190928,0.9404718305560641,0.9258987975340293,0.9302478178599769,0.9292711957516938,0.8362021607764146,0.9300799609351157,0.9316211926997497,0.936015992187023
318,0.9598922729492188,0.957427978515625,0.949951171875,0.956817626953125,0.9461822509765625,0.9478607177734375,0.94287109375,0.793426513671875,0.94793701171875,0.9524993896484375,0.964935302734375,0.95867919921875,0.9576568603515625,0.949554443359375,0.9655303955078125,0.946807861328125,0.9489898681640625,0.945953369140625,0.7980499267578125,0.948822021484375,0.958648681640625,0.9608154296875,0.95867919921875,0.9576568603515625,0.949554443359375,0.9655303955078125,0.946807861328125,0.9489898681640625,0.945953369140625,0.7980499267578125,0.948822021484375,0.958648681640625,0.9608154296875,0.95867919921875,0.9576568603515625,0.949554443359375,0.9655303955078125,0.946807861328125,0.9489898681640625,0.945953369140625,0.7980499267578125,0.948822021484375,0.958648681640625,0.9608154296875
319,0.9595101853971161,0.9611352712291142,0.9557335774776837,0.9616083009079118,0.9552758068207828,0.9590447852292668,0.9563286793316548,0.8364232852674143,0.95893797207599,0.9508812085145342,0.9633630884260318,0.9619134813458458,0.9623025864042115,0.9563439383535515,0.9636530098420691,0.9558556496528573,0.9596246280613413,0.9587090867475395,0.8387121385519187,0.959288929579614,0.952300297550927,0.9625238422217135,0.9612573434042878,0.9621271076523995,0.9560387579156175,0.9638056000610361,0.9558709086747539,0.9592889295796139,0.9586022735942626,0.8390936140993362,0.95898374914168,0.9618371862363622,0.9633783474479286,0.9613183794918746,0.9623254749370566,0.95561150530251,0.9637903410391394,0.9554741741054399,0.9589684901197834,0.9586938277256428,0.8392462043183031,0.9587243457694361,0.9589532310978865,0.9628900587472342
320,0.9456568249893026,0.9475212421297146,0.9286478391099701,0.9462833914053427,0.9240326425820649,0.9312610795280887,0.9308331805122563,0.8309187603154227,0.9310165658047558,0.9350051959166208,0.9518155143957454,0.9419127086007703,0.947490677914298,0.9279754263708052,0.9480561158995049,0.9259429060456019,0.9304664099272572,0.9311999510972554,0.8331041017177089,0.9304664099272573,0.9389938260284859,0.9510361269026224,0.943303380402225,0.9471391894370071,0.9294577908185098,0.9485909896692951,0.9263555229537259,0.9314139006051714,0.9317042606516291,0.8339598997493735,0.9315361574668379,0.9395974692829634,0.9509138700409561,0.9430130203557675,0.944854514334617,0.9291215844489272,0.9484840149153372,0.9252704933064367,0.9315820037899626,0.9315820037899628,0.8344947735191638,0.9314291827128798,0.9394370071520265,0.9503637141634574
321,0.9365980329074365,0.9346906884823973,0.9269693905689861,0.9279805129147901,0.9263872292183718,0.93014063792628,0.9220210190887642,0.7570855164383982,0.9302172381039923,0.9272911113153782,0.9279192327726201,0.943637589239207,0.9470233170940957,0.9362839721788155,0.9349511290866196,0.9334650856389988,0.9390415785764623,0.9287618347274565,0.7722829916965406,0.9391947789318871,0.9336489260655084,0.9309066397034041,0.9435150289548673,0.9469926770230107,0.9365597328185801,0.9353034899040967,0.9339246867052732,0.939409259429482,0.9284247939455221,0.7733860342555994,0.9396543799981616,0.9330820847504366,0.9307993994546068,0.9435456690259522,0.9468547967031283,0.9370499739559396,0.9352268897263842,0.934552808162515,0.9392407390385146,0.9288843950117964,0.7732634739712595,0.9395011796427367,0.929252075864816,0.9311364402365414
322,0.9564102564102565,0.9573565323565324,0.9448412698412699,0.9528235653235653,0.9408272283272283,0.9452838827838829,0.9380189255189255,0.7710164835164836,0.9455433455433455,0.9506105006105007,0.9490689865689865,0.9505494505494505,0.9548000610500609,0.9456501831501831,0.9482142857142857,0.9410714285714286,0.9454670329670329,0.9391483516483516,0.7769993894993894,0.9454365079365079,0.9538003663003664,0.9490384615384615,0.9506105006105006,0.9553800366300367,0.9458028083028083,0.9481990231990232,0.9411019536019536,0.9455738705738707,0.9391636141636142,0.7774267399267399,0.9455738705738705,0.9504426129426129,0.948580586080586,0.950534188034188,0.9553495115995116,0.9458028083028083,0.9482448107448108,0.9413308913308913,0.9456043956043956,0.9391636141636142,0.7769078144078144,0.9456654456654456,0.9522741147741147,0.9486416361416361
323,0.954713339007782,0.9613478842412452,0.9510882782101167,0.9529426070038911,0.9498571254863812,0.9533833900778208,0.9523650291828794,0.7992461089494164,0.9536113813229571,0.9547361381322957,0.9522282344357977,0.9533377918287937,0.963886186770428,0.9514530642023346,0.9535505836575875,0.9502371108949417,0.9552681177042801,0.9539457684824902,0.8007356517509727,0.9553897130350194,0.9555873054474708,0.9518026507782101,0.9531857976653696,0.9636049975680934,0.9514986624513619,0.9536873784046692,0.9498723249027237,0.9553441147859921,0.95400656614786,0.8021339980544746,0.9554505107003891,0.9540217655642024,0.9525018239299612,0.9534061892023346,0.9628982247081713,0.9526234192607004,0.9540065661478598,0.9507538910505836,0.9559064931906615,0.9547969357976653,0.8036995379377431,0.9560432879377432,0.95010031614786,0.9529882052529184
324,0.9298739547091497,0.9305148629677105,0.9212293230788011,0.9318348287859367,0.9195507538301898,0.9236556186290666,0.9226637368003419,0.7807788561313557,0.9231367881340413,0.9048709027650614,0.9329945675395227,0.9390450466947444,0.9404718305560641,0.9320026857107978,0.937007874015748,0.9314685954953305,0.930995544161631,0.930385155343954,0.7887596899224807,0.9308200573765489,0.9295077214185435,0.9378166391991699,0.9393883904046878,0.9419749130195936,0.9339406702069217,0.93741988646768,0.9333150216688031,0.9327351522920101,0.9313159982909113,0.7906061160959531,0.9324528474638345,0.9292254165903681,0.9380607947262406,0.9395715070499908,0.9426921198803638,0.9333302813892449,0.9379539766831472,0.9330708661417323,0.9324757370444974,0.9311481413660502,0.790621375816395,0.9323612891411829,0.9331853140450467,0.9381218336080084
325,0.947052001953125,0.9433822631835938,0.9398651123046875,0.955780029296875,0.9390716552734375,0.9381256103515625,0.93621826171875,0.786163330078125,0.9380340576171875,0.95458984375,0.9595947265625,0.9579315185546875,0.9575653076171875,0.9427490234375,0.965087890625,0.9416351318359375,0.9407196044921875,0.93878173828125,0.7940216064453125,0.9405670166015625,0.9561004638671875,0.9615631103515625,0.9579315185546875,0.9575653076171875,0.9427490234375,0.965087890625,0.9416351318359375,0.9407196044921875,0.93878173828125,0.7940216064453125,0.9405670166015625,0.9561004638671875,0.9615631103515625,0.9579315185546875,0.9575653076171875,0.9427490234375,0.965087890625,0.9416351318359375,0.9407196044921875,0.93878173828125,0.7940216064453125,0.9405670166015625,0.9561004638671875,0.9615631103515625
326,0.9507820248722056,0.9389639124132143,0.9220263981078813,0.9499656672007325,0.9216754406042572,0.9210498207064927,0.906813153276875,0.6912642099641413,0.9212481879911498,0.9196612497138934,0.9267872129396506,0.9487602044708934,0.9362020294499123,0.9226825360494393,0.9457694361791409,0.9249408712901502,0.9255817502098115,0.9137712672617685,0.7082780193789578,0.9260242618448157,0.9311207751583124,0.9208667124437324,0.9492027161058976,0.9392004272526131,0.9237354085603112,0.9462577248798352,0.9259479667353322,0.9263447013046463,0.9145647364003967,0.7079575799191271,0.9266956588082703,0.9324177920195316,0.9196459906919966,0.9490806439307241,0.939002059967956,0.9232166018158235,0.9464866102082856,0.9253376058594645,0.9261158159761959,0.9149919890135042,0.7077439536125735,0.9265735866330967,0.929427023727779,0.920683604180972
327,0.9571762084960938,0.952239990234375,0.9464263916015625,0.9583587646484375,0.9456939697265625,0.9482421875,0.9467010498046875,0.80035400390625,0.9480438232421875,0.9513473510742188,0.9593048095703125,0.9561996459960938,0.954925537109375,0.9509429931640625,0.9602203369140625,0.949615478515625,0.95196533203125,0.9501190185546875,0.80584716796875,0.951873779296875,0.94671630859375,0.96240234375,0.9568634033203125,0.9575119018554688,0.9511566162109375,0.960784912109375,0.9495086669921875,0.9516754150390625,0.950347900390625,0.8062896728515625,0.9517974853515625,0.9471282958984375,0.962371826171875,0.9565505981445312,0.95672607421875,0.9508819580078125,0.9605865478515625,0.9492340087890625,0.9517822265625,0.950286865234375,0.8061676025390625,0.9516143798828125,0.9463653564453125,0.9615325927734375
328,0.9342325355068276,0.9334418052978924,0.927252820777957,0.9318755512301938,0.929320884401326,0.9280131382865485,0.927876281135002,0.814801861257261,0.9278610747848302,0.9370305039384448,0.9366655515343207,0.940900520057176,0.9425808217511633,0.9352209482679967,0.9396155834676562,0.9353273927191995,0.9366351388339771,0.9345974879109515,0.8185882424500471,0.936559107083118,0.9406039962288252,0.9365134880326025,0.9413719169125028,0.9418052978924,0.9344910434597488,0.9390073294607828,0.9341108847054529,0.9366351388339771,0.9350992974666221,0.8182841154466105,0.9363310118305405,0.9401173930233265,0.9360268848271039,0.9412502661111279,0.9410753930841519,0.9330768528937684,0.9385055199051124,0.9338067577020163,0.9349016149143883,0.9339892339040783,0.8179495757428302,0.9349320276147319,0.9454852346339832,0.934658313311639
329,0.9500686813186814,0.9494658119658119,0.9410714285714286,0.9457570207570207,0.941437728937729,0.9416056166056167,0.9364621489621491,0.7830433455433456,0.941468253968254,0.9360805860805861,0.9477564102564102,0.9516483516483516,0.9488782051282051,0.9445665445665445,0.9565476190476191,0.9460470085470085,0.9450091575091574,0.9391636141636142,0.7882020757020757,0.9450549450549451,0.9463980463980464,0.9526556776556776,0.9524267399267399,0.9496871184371184,0.9447344322344322,0.9562881562881563,0.9463217338217338,0.9449633699633699,0.9392704517704518,0.7884004884004884,0.9451159951159951,0.9476343101343101,0.9527167277167277,0.9524267399267399,0.9496871184371184,0.9447344322344322,0.9562881562881563,0.9463217338217338,0.9449633699633699,0.9392704517704518,0.7884004884004884,0.9451159951159951,0.9476343101343101,0.9527167277167277
330,0.9362702446917311,0.9481308482544916,0.9304086336645755,0.9361939216314817,0.9398726931355039,0.9393231671017082,0.938269908870266,0.7724809573964677,0.9390941979209598,0.9449710735601655,0.9367281830532277,0.9399795454198531,0.9488024911846866,0.9373082383111233,0.9419028865381386,0.9441315198974218,0.9442383721817711,0.940910686754896,0.7788310360092199,0.9441467845094715,0.9539771946695974,0.9407580406343973,0.9401169269283022,0.9484971989436889,0.9379188227931187,0.9419944742104378,0.943581993863626,0.944772633603517,0.9415212712368916,0.7783578330356733,0.944925279724016,0.9542061638503456,0.9410785974874449,0.9401169269283022,0.9483750820472897,0.9378577643449192,0.9420402680465876,0.9434446123551768,0.9446199874830183,0.941444948176642,0.7783578330356733,0.9448489566637663,0.9544809268672437,0.9411091267115447
331,0.9589990081635767,0.9476234073395896,0.9468223086900129,0.9582360570687419,0.9462424658579385,0.9437552452887771,0.936568245975433,0.8529182879377433,0.9441367208361945,0.9492179751277943,0.9593804837109942,0.9624933241779201,0.9481956206607156,0.951842526894026,0.9614557106889449,0.9511406118867781,0.9495994506752118,0.9429465171282522,0.858411535820554,0.9500419623102159,0.9580682078278783,0.9629205767910277,0.9625085831998169,0.9491264209964141,0.9513237201495384,0.9617914091706722,0.9503471427481499,0.9491569390402076,0.9425192645151446,0.8578927290760663,0.9495078965438315,0.9539940489814603,0.9636377508201724,0.9626153963530938,0.9507591363393607,0.9517509727626459,0.9616845960173953,0.9510337987335012,0.9496757457846953,0.9429312581063554,0.8574654764629588,0.950133516441596,0.9544670786602578,0.9634546425574121
332,0.9538088262223036,0.9546328511261674,0.9411432582555086,0.9626136849172924,0.9373435878654703,0.9402887139107612,0.9343374229384117,0.8092992736373069,0.9399987792223646,0.9233046450589025,0.961316608679729,0.9581578465482512,0.9573948605261552,0.9468656534212292,0.9646432277360678,0.9457516938289692,0.9472471464322775,0.9434627357626808,0.8073307697002992,0.9471861075505097,0.9437984496124031,0.963269852896295,0.9591497283769761,0.9574864188488067,0.9494140267350302,0.9649026429835805,0.9466825367759263,0.9490020142830983,0.9441036440212415,0.8089330403467009,0.9493224684123787,0.9468046145394616,0.9626289446377342,0.9591344686565342,0.9572270036012941,0.9477659769273027,0.9652383568333027,0.9456601355063176,0.94830006714277,0.9435237746444486,0.8086583653787462,0.9484221449063053,0.9456296160654336,0.962659464078618
333,0.9294045801526717,0.9376030534351146,0.9216641221374047,0.9205190839694656,0.9259236641221373,0.9237709923664121,0.9146106870229007,0.767618320610687,0.9241374045801527,0.9309770992366412,0.9266564885496184,0.9297862595419847,0.9372748091603054,0.926320610687023,0.9269007633587787,0.9273740458015267,0.9316030534351144,0.9192824427480917,0.7699541984732824,0.9315877862595421,0.9389465648854962,0.9232519083969466,0.931648854961832,0.94087786259542,0.9272977099236641,0.9273893129770993,0.9277251908396947,0.9323358778625954,0.9202442748091604,0.769709923664122,0.9327022900763359,0.9346870229007633,0.9228091603053434,0.9310381679389312,0.9388091603053436,0.9265801526717558,0.9274503816793894,0.9281679389312977,0.9313282442748092,0.9188091603053435,0.7683358778625954,0.931435114503817,0.9308091603053436,0.9218931297709922
334,0.9558612586217422,0.9532671061466154,0.9483305865836538,0.9521912958554599,0.949047793444424,0.9442867606665447,0.9382896905328695,0.8288927546847342,0.9444393578709639,0.9557162912775439,0.9540835011902582,0.9589132027101263,0.955678141976439,0.9495361044985656,0.9571812244399683,0.9513367515107124,0.946362082646646,0.9398919611792712,0.8293658060184338,0.9465299395715071,0.9510468168223158,0.9551974607825185,0.9589437221510101,0.9561740828908014,0.9491546114875176,0.9580510285051578,0.950634804370384,0.9463315632057621,0.9396478056522004,0.8274430812427517,0.94631630348532,0.949269059390832,0.9550143441372153,0.9592489165598486,0.956280900933895,0.949444546175914,0.9585088201184155,0.9509552584996643,0.9474455227980223,0.9410516999328573,0.8270615882317037,0.9475370811206738,0.9476133797228834,0.9546786302874932
335,0.9442435339894713,0.9477531090257115,0.9355458915083543,0.9462882429236286,0.9401083390554665,0.9376363775082017,0.9350881208514534,0.8097962920576791,0.9376058594644082,0.938979171435111,0.951644159609369,0.9450370031280995,0.9491721980621042,0.9411306935225452,0.9479972533760586,0.9429617761501488,0.9423361562523842,0.9391012436102846,0.8139772640573739,0.9422903791866941,0.9401388570992598,0.9534752422369726,0.9453498130769818,0.9474708171206225,0.9407797360189213,0.9488212405584802,0.9432364385442894,0.9423056382085909,0.939085984588388,0.813015945677882,0.942351415274281,0.9400778210116733,0.9530327306019684,0.9451438162813763,0.9475547417410544,0.9406881818875411,0.9486228732738231,0.9433127336537728,0.9425345235370413,0.9389639124132143,0.8122682536049439,0.942641336690318,0.9435263599603265,0.9532768749523156
336,0.9369620948544223,0.9368705365317707,0.9226484770798999,0.9389458585118722,0.9208936092290789,0.9226942562412256,0.9145455655252397,0.7154519929194898,0.9229384117682964,0.9159342000854545,0.9322926203991944,0.9381676127693342,0.9374198864676799,0.9237013977903924,0.9425929316974914,0.9246169810169077,0.9265702252334738,0.9224958798754808,0.7258896417017641,0.9265091863517061,0.929057559665507,0.932368919001404,0.9376640419947507,0.9365348226820485,0.9224806201550387,0.944027345419032,0.9227400354025515,0.9248763962644204,0.921488738326314,0.7269578221326986,0.9246627601782336,0.9220228285417812,0.9332539827870354,0.9384117682964048,0.9378242690593909,0.9236556186290668,0.9447750717206862,0.923991332478789,0.9262955502655191,0.9226484770798999,0.7283617164133553,0.9261887322224258,0.9287828846975523,0.9333455411096869
337,0.9440375371938658,0.9442740520332648,0.913496604867628,0.9490348668650339,0.9185931181811247,0.9137865262836653,0.9116502632181277,0.7427328908216984,0.9136949721522851,0.9192950331883726,0.9415732051575495,0.9443579766536965,0.9458762493324178,0.923399710078584,0.9469596398870832,0.9271381704432746,0.9256580453192951,0.9202716105897613,0.7420920119020371,0.9259632257572289,0.9349660486762799,0.9385519188220036,0.9446784161135271,0.945967803463798,0.9231250476844435,0.9466392004272527,0.9267719539177539,0.926619363698787,0.9206225680933852,0.742702372777905,0.9268482490272374,0.9334248874647134,0.9388570992599375,0.9450446326390478,0.9462424658579384,0.9232928969253071,0.9465934233615625,0.927519645990692,0.9267719539177539,0.9204699778744182,0.7436179140917067,0.9268940260929274,0.9327840085450522,0.9386892500190738
338,0.9502403295948729,0.9497596704051271,0.9443656061646449,0.9439536125734339,0.9424887464713513,0.9444266422522316,0.9399099717708095,0.7840085450522621,0.9444266422522316,0.9362478065156024,0.9427176317998016,0.9484168764782177,0.9505760280766002,0.9492790112153812,0.9436942092011902,0.9454642557412071,0.9501029983978028,0.9456015869382772,0.7859159227893493,0.949935149156939,0.9477988860914014,0.937270160982681,0.9481651026169223,0.9508812085145342,0.9473105973907073,0.9430991073472189,0.9447318226901656,0.9491721980621042,0.9452964065003433,0.782360570687419,0.9491569390402075,0.9474479285877775,0.9368429083695735,0.9466086823834592,0.9491340505073624,0.9450064850843061,0.9418173495078964,0.942244602121004,0.9467917906462195,0.9413748378728923,0.7820553902494849,0.9466849774929427,0.9500190737773709,0.9357900358587015
339,0.9336070345292441,0.9348172431753424,0.9367321302735993,0.931278531817764,0.9413584975029872,0.9388921229204326,0.940163607953675,0.8140261650173106,0.9388921229204327,0.9273108857501763,0.9255645087165661,0.9382640399522044,0.9363874505959129,0.943028279052667,0.9386623364686418,0.9452801862802169,0.9444835932473421,0.9439321057630442,0.8190967860534943,0.944161892214835,0.9484359202181439,0.9277704586537578,0.9380802107907718,0.9364104292410919,0.942155090535862,0.9379270198229112,0.9438555102791139,0.9435644474401789,0.9429210453751647,0.819556358957076,0.9434572137626764,0.9504120837035449,0.9278010968473298,0.9380955298875578,0.9363951101443059,0.9418333895033548,0.9375134042096879,0.9434572137626764,0.9431967891173136,0.9425074297619412,0.818729127730629,0.9430895554398113,0.9481295382824227,0.9273721621373204
340,0.9562699345308042,0.9486776443298183,0.9439162482640744,0.9557281731194774,0.9422528118180291,0.9415660720008546,0.9417186808491156,0.7678819417949853,0.9413829413829414,0.9404825491782014,0.9505089505089506,0.9564378042638912,0.9481129915912525,0.9438857264944222,0.9537595189769104,0.9429853342896821,0.9416271155401591,0.9400552444030704,0.7784119523249958,0.9415660720008545,0.9442825094999009,0.9491507317594274,0.9567277610755871,0.9487997314084272,0.9449234666625972,0.9539121278251713,0.9435042043737697,0.9421459856242465,0.9406656797961147,0.7793886489538664,0.9421307247394204,0.9429853342896821,0.9486623834449921,0.9566667175362829,0.9489981229111664,0.9443893356936837,0.9538968669403454,0.9430463778289866,0.9420238985456376,0.9404825491782014,0.7799685625772581,0.9419781158911594,0.9464190333755551,0.9490133837959924
341,0.9680589680589681,0.9644955514520732,0.9582462191157843,0.9675248370900544,0.9553924336533033,0.9581393929220016,0.9528896485418225,0.8490851099546752,0.9580173058433927,0.9551787812657379,0.9698597524684481,0.9695011216750347,0.9655790742747264,0.9600317426404382,0.9671585758542279,0.9572390007172615,0.9591771330901764,0.9524776046515178,0.8529766355853312,0.9592992201687854,0.961038961038961,0.9670670105452714,0.9697758176019045,0.9642055946403774,0.9602301341431776,0.9671280540845758,0.9568727394814351,0.9589329589329589,0.9520350389915607,0.8523356784226349,0.9589940024722633,0.9578952187647841,0.9663802707280968,0.9696537305232957,0.9677232285927938,0.960291177682482,0.9675095762052285,0.9574831748744792,0.9587345674302196,0.9514551253681688,0.8527477223129397,0.9587956109695239,0.9549346071085202,0.9671585758542282
342,0.9608826863568125,0.9557661080302705,0.9447746560862772,0.9612886424216428,0.9419712613744293,0.9452801862802168,0.9370997885964645,0.817549557278103,0.945264867183431,0.9499525107999633,0.9509482520910567,0.9602699224853702,0.9614111951959312,0.9483440056374276,0.9628665093906064,0.9421091332455038,0.9482367719599252,0.9398725451147399,0.8229878366371519,0.9482520910567113,0.954732068997212,0.9477925181531297,0.9605456662275194,0.9620775759061246,0.9486503875731488,0.9630043812616809,0.9427984926008763,0.9475474126045529,0.939566163179019,0.8226201783142866,0.9477771990563437,0.951331229510708,0.9472103924752598,0.9601320506142957,0.9608367290664542,0.9481908146695671,0.9628511902938202,0.9423236006005086,0.9473023070559761,0.9387389319525721,0.8228806029596496,0.9472103924752597,0.9498605962192469,0.9464903949263151
343,0.9435948513637757,0.9391893962611094,0.923337419552559,0.9376494023904381,0.923597916028195,0.9261722341403616,0.9284860557768924,0.7849218510573093,0.9252834814587804,0.9132546736132393,0.9211461844927981,0.9423230156297886,0.9385304934109715,0.9317039534171008,0.9372663193380325,0.9315353968740423,0.9321636530799877,0.9331290223720503,0.793548881397487,0.9319797732148329,0.931520073551946,0.9195372356726937,0.9426141587496168,0.9377413423230155,0.9318418633159669,0.9392123812442537,0.9312136071100215,0.9323628562672387,0.9339564817652467,0.7936561446521606,0.9318725099601595,0.9338645418326692,0.9207171314741036,0.9428899785473491,0.9382240269690468,0.9322862396567575,0.9389672080907141,0.9319338032485444,0.9327612626417406,0.9342782715292676,0.7932577382776587,0.9323168863009501,0.9260036775973031,0.9214526509347226
344,0.971771240234375,0.964385986328125,0.9575042724609375,0.96917724609375,0.959320068359375,0.9566802978515625,0.9551239013671875,0.7939300537109375,0.9563446044921875,0.9636077880859375,0.970794677734375,0.9731369018554688,0.9636077880859375,0.9629974365234375,0.9700469970703125,0.96429443359375,0.962432861328125,0.95904541015625,0.7998199462890625,0.9623565673828125,0.962982177734375,0.97100830078125,0.9732131958007812,0.9658660888671875,0.962432861328125,0.9703369140625,0.96380615234375,0.9621124267578125,0.9590301513671875,0.796875,0.9621734619140625,0.967254638671875,0.97113037109375,0.9732284545898438,0.9679718017578125,0.9621429443359375,0.97052001953125,0.963623046875,0.9620819091796875,0.9586944580078125,0.79705810546875,0.9620513916015625,0.9660186767578125,0.9710845947265625
345,0.9411381740196079,0.9478094362745098,0.9387101715686273,0.9358302696078432,0.9396139705882354,0.9407781862745099,0.9395833333333333,0.8293964460784313,0.9407781862745099,0.9364123774509805,0.9490808823529412,0.9439644607843136,0.9523590686274509,0.9464613970588235,0.9467371323529413,0.9474877450980392,0.9474264705882354,0.9440104166666667,0.8334865196078431,0.9474571078431373,0.9443627450980392,0.9508731617647059,0.9445465686274509,0.9526194852941177,0.9458486519607843,0.946920955882353,0.9463082107843138,0.9471200980392156,0.9435355392156863,0.8333946078431372,0.9471200980392156,0.9419270833333334,0.9522671568627451,0.9447916666666667,0.9527956495098039,0.9466452205882353,0.9472579656862745,0.9464920343137254,0.9473958333333334,0.9441942401960786,0.8343749999999999,0.9475030637254902,0.9456801470588235,0.9522058823529411
346,0.9346578770676922,0.9426997497405847,0.9196117927119576,0.9380607947262407,0.919337117744003,0.9261124336202162,0.9269822376854056,0.7719434779954832,0.9257614600500518,0.9281877556003174,0.9123023866202771,0.9402734541903193,0.9456830250869804,0.9262802905450772,0.938594884941708,0.9280351583958981,0.932552035646707,0.9327961911737778,0.7798632729048405,0.9323231398400781,0.9392205334798266,0.9113868033937619,0.9408075444057865,0.9470487700665324,0.9265549655130317,0.9367026796069097,0.9289660013428552,0.9332692425074773,0.9315143746566563,0.7781847036562292,0.9328877494964292,0.9376640419947506,0.9088689495208447,0.9406091680400415,0.9468275041201246,0.9274095098577794,0.9338948910455961,0.9295306109992064,0.9332997619483612,0.9313159982909113,0.7768113288164562,0.9329945675395227,0.938182872489776,0.9063968748092536
347,0.9465038167938932,0.9467480916030534,0.943206106870229,0.9406717557251908,0.9405954198473282,0.9420916030534351,0.9342748091603054,0.7646717557251907,0.9423816793893129,0.9409541984732824,0.9501221374045801,0.9482671755725192,0.9467786259541984,0.9461374045801527,0.9470992366412213,0.9432977099236641,0.944916030534351,0.9394351145038168,0.7735267175572519,0.9447175572519083,0.9410992366412213,0.9526870229007633,0.9472213740458014,0.9481374045801526,0.9456335877862596,0.9474656488549618,0.9430992366412214,0.9445496183206108,0.9397404580152672,0.772381679389313,0.9447175572519084,0.9450381679389314,0.9528549618320611,0.9473129770992366,0.9476564885496184,0.9464580152671754,0.9474045801526717,0.943236641221374,0.9448396946564885,0.940442748091603,0.7717251908396946,0.9447328244274809,0.946091603053435,0.9531603053435115
348,0.9209117727563031,0.9352969800188558,0.9238922173899821,0.9222043125209087,0.9222043125209087,0.9304309479638697,0.9317691067789909,0.7636172865788753,0.930233265411636,0.9300812019099175,0.936194154678994,0.9356923451233236,0.9438505519905113,0.9318299321796782,0.9411058057844955,0.9315866305769289,0.9371065356893038,0.9374106626927404,0.7734862078403942,0.937182567440163,0.9404595359021928,0.948572123718865,0.9356923451233236,0.9438505519905113,0.9318299321796782,0.9411058057844955,0.9315866305769289,0.9371065356893038,0.9374106626927404,0.7734862078403942,0.937182567440163,0.9404595359021928,0.948572123718865,0.9356923451233236,0.9438505519905113,0.9318299321796782,0.9411058057844955,0.9315866305769289,0.9371065356893038,0.9374106626927404,0.7734862078403942,0.937182567440163,0.9404595359021928,0.948572123718865
349,0.9705703422053232,0.9578859315589354,0.959087452471483,0.9649733840304182,0.9551939163498099,0.9542205323193916,0.9501749049429659,0.7961673003802282,0.9543117870722434,0.9484714828897339,0.9639543726235742,0.9693916349809885,0.9633231939163498,0.9613079847908745,0.9688212927756654,0.9575361216730038,0.9572775665399239,0.9543574144486693,0.8015209125475287,0.9573384030418252,0.9556425855513309,0.9645931558935361,0.9692699619771864,0.9622813688212928,0.961490494296578,0.9688365019011407,0.9576273764258555,0.9574904942965781,0.9546159695817491,0.8019467680608366,0.9574144486692016,0.955832699619772,0.9646996197718631,0.9695589353612167,0.9621140684410646,0.9615513307984791,0.9690494296577946,0.9571102661596957,0.957019011406844,0.9539923954372624,0.80106463878327,0.9569125475285172,0.9535361216730038,0.9653840304182509
350,0.9686274509803922,0.9650415808346685,0.9619287403677425,0.9663385976958878,0.961501487754635,0.9612115663385977,0.9572137026016633,0.8077515831235218,0.9613794155794614,0.9558861676966507,0.9590142671854734,0.9701609826810101,0.9689173723964294,0.9648432135500115,0.9677576867322805,0.9637445639734493,0.9633783474479286,0.9598077363241017,0.8114137483787289,0.9636377508201726,0.9569237811856259,0.9566491187914855,0.9703898680094606,0.9687266346227207,0.9658197909514,0.9679407949950407,0.964415960936904,0.9635461966887923,0.9597161821927214,0.8099183642328527,0.9638056000610362,0.9602960250247958,0.9555962462806133,0.9705424582284276,0.9682001983672847,0.9658350499732966,0.9679560540169375,0.9640344853894866,0.9636530098420691,0.9592584115358206,0.8085297932402533,0.96415655756466,0.9673914702067598,0.9549553673609522
351,0.9489814533292795,0.9462146549103071,0.9381574946792337,0.9530708422012769,0.9403618121009425,0.9404226208574034,0.9394192763757981,0.7671632715110976,0.9398145332927942,0.9395104895104895,0.9505016722408027,0.954317421708726,0.9475524475524476,0.9394952873213742,0.9572210398297355,0.9422316813621161,0.9410763149893585,0.9422012769838857,0.7763301915475829,0.9406050471267863,0.9464274855579203,0.950334448160535,0.9542262085740346,0.9495971419884462,0.939738522347218,0.9570690179385832,0.9424293098206141,0.941243539069626,0.9422620857403466,0.7751596229857098,0.9408786865308605,0.9429309820614169,0.9499391912435392,0.9542414107631499,0.9484493767102463,0.9399057464274856,0.9571298266950441,0.9428245667376103,0.9413499543934326,0.9422772879294619,0.7755244755244756,0.9411675281240499,0.9442535725144421,0.950395256916996
352,0.9534122137404581,0.9476564885496184,0.9486412213740458,0.9349160305343512,0.948442748091603,0.9466564885496183,0.9402748091603053,0.7565343511450383,0.9467786259541984,0.9423282442748091,0.9381832061068702,0.9465114503816794,0.9447480916030535,0.9473282442748092,0.9406564885496184,0.9461832061068703,0.9461984732824427,0.9406259541984733,0.7686259541984732,0.9463358778625954,0.9420763358778627,0.9441832061068703,0.9465114503816794,0.9447480916030535,0.9473282442748092,0.9406564885496184,0.9461832061068703,0.9461984732824427,0.9406259541984733,0.7686259541984732,0.9463358778625954,0.9420763358778627,0.9441832061068703,0.9465114503816794,0.9447480916030535,0.9473282442748092,0.9406564885496184,0.9461832061068703,0.9461984732824427,0.9406259541984733,0.7686259541984732,0.9463358778625954,0.9420763358778627,0.9441832061068703
353,0.948044317609535,0.948937079371862,0.9361026752331101,0.9468615990355121,0.9312954965128878,0.9377203290246768,0.9273124055732752,0.7364903017076929,0.9381171120301556,0.9411387672257236,0.9548125200299115,0.9540876280006716,0.9529659529659529,0.9373845895585027,0.9548735635692157,0.9331725853464985,0.9391243304286783,0.930593495810887,0.7427930471408732,0.9393379828162437,0.9397958093610267,0.9575594792986097,0.9548888244540419,0.9519282127977781,0.9389411998107652,0.955056694187129,0.9338898469333252,0.940116287942375,0.9307003220046698,0.7414958719306546,0.9402994185602882,0.9436568132220307,0.9568727394814351,0.9549803897629984,0.9522792131487784,0.9397805484762007,0.9554076945381292,0.9354617180704137,0.9412913760739847,0.9314633662459751,0.7414653501610023,0.9415050284615503,0.9409403757229844,0.9566590870938697
354,0.9478759765625,0.9462890625,0.9327239990234375,0.9454345703125,0.9337158203125,0.935882568359375,0.9233245849609375,0.73974609375,0.9365692138671875,0.9273681640625,0.94476318359375,0.9479827880859375,0.9491729736328125,0.93499755859375,0.9479522705078125,0.9340057373046875,0.937042236328125,0.926239013671875,0.751678466796875,0.937591552734375,0.9375534057617188,0.9449920654296875,0.9475250244140625,0.949249267578125,0.93487548828125,0.9481048583984375,0.9336700439453125,0.936279296875,0.9258880615234375,0.7519683837890625,0.9367828369140625,0.9346389770507812,0.9446563720703125,0.947723388671875,0.9491043090820312,0.935211181640625,0.9482269287109375,0.9344635009765625,0.9365081787109375,0.926177978515625,0.7513885498046875,0.9371490478515625,0.9394912719726562,0.944427490234375
355,0.9608919017509727,0.9441953428988328,0.9418774319066148,0.9592959630350194,0.9387311527237354,0.9410870622568094,0.9387311527237354,0.7005866974708171,0.9409806663424125,0.9479571984435797,0.93359375,0.9575176313229571,0.9488311648832686,0.9466196498054474,0.9542649562256809,0.9452973005836574,0.9433365758754864,0.9419686284046693,0.7027450145914397,0.943366974708171,0.9489451605058368,0.937424002918288,0.9575936284046693,0.9502219114785991,0.9467716439688716,0.9544017509727627,0.9449173151750972,0.9433973735408558,0.9419078307392996,0.7009666828793775,0.9436405642023347,0.9516658560311284,0.9374392023346304,0.9577000243190662,0.9511186770428017,0.9473340223735409,0.9542953550583656,0.9454948929961088,0.9437013618677044,0.9419078307392996,0.6999483219844358,0.9436101653696498,0.9546905398832686,0.9369832198443581
356,0.9280613412680246,0.9285725185015641,0.9066453040360113,0.9373006790264744,0.9035477225909819,0.9057907988097963,0.9031204699778744,0.7723659113450828,0.9058976119630732,0.9111619745174334,0.9387045090409704,0.9383535515373465,0.932600900282292,0.9138323033493553,0.9413748378728924,0.9096208133058672,0.9114518959334708,0.9110704203860533,0.7858854047455557,0.9114671549553675,0.9145647364003968,0.9427328908216983,0.9385671778439003,0.9334401464866103,0.9158159761959259,0.9419699397268636,0.9122453650720989,0.9129930571450371,0.9122758831158922,0.7859769588769361,0.9131303883421072,0.9202258335240711,0.9418783855954833,0.9386587319752805,0.9340810254062715,0.9170519569695583,0.9419546807049668,0.9128862439917602,0.9140001525902189,0.9130083161669337,0.7846189059281301,0.9142290379186694,0.9196765087357901,0.9412680247196153
357,0.9603174603174602,0.9587301587301588,0.9575549450549451,0.9606074481074481,0.9548382173382174,0.9585622710622711,0.953021978021978,0.8065628815628816,0.9586843711843712,0.9548076923076922,0.9473443223443223,0.9578601953601953,0.9575167887667887,0.9536477411477412,0.9591117216117215,0.9507478632478633,0.9563797313797314,0.9538766788766788,0.810546398046398,0.9563186813186813,0.9578983516483517,0.9443833943833945,0.9598290598290599,0.9575091575091575,0.9537087912087912,0.9593559218559219,0.9515109890109891,0.9566391941391941,0.9547313797313797,0.8097680097680099,0.9565018315018314,0.9567002442002442,0.9439713064713064,0.9603937728937729,0.9583485958485958,0.9538614163614164,0.9598290598290597,0.951449938949939,0.9567612942612942,0.955067155067155,0.8129426129426129,0.9567460317460317,0.9588675213675214,0.9459096459096459
358,0.9574175824175823,0.9531135531135532,0.9435592185592185,0.9497710622710623,0.9402167277167278,0.9434218559218559,0.9431776556776558,0.7952991452991454,0.943070818070818,0.935515873015873,0.9500763125763125,0.9550976800976801,0.9525717338217339,0.9488858363858365,0.9499236874236875,0.9454517704517705,0.9484126984126984,0.9475885225885227,0.8036935286935287,0.9480921855921857,0.9422847985347985,0.9522588522588523,0.9546016483516484,0.9526709401709401,0.9485347985347985,0.9501068376068377,0.9447344322344322,0.9481532356532356,0.9470238095238096,0.8026556776556777,0.9480006105006106,0.9468711843711843,0.9524725274725274,0.9544337606837607,0.9526327838827839,0.9484737484737484,0.9501678876678877,0.9447496947496947,0.9477869352869353,0.946504884004884,0.8025793650793651,0.9477258852258852,0.9449786324786325,0.9523351648351648
359,0.9640835075617684,0.9582156973461321,0.944892944892945,0.9587345674302197,0.9435957696827263,0.94565598913425,0.9424054206662902,0.7996856257725824,0.9454575976315107,0.9550719550719551,0.9624277015581364,0.9633280937628765,0.958047827613045,0.9454881194011628,0.9657850962198787,0.9455339020556413,0.9480061653974697,0.9458696415218154,0.8035161078639339,0.9477925130099043,0.9625803104063974,0.962671875715354,0.9633280937628765,0.958047827613045,0.9454881194011628,0.9657850962198787,0.9455339020556413,0.9480061653974697,0.9458696415218154,0.8035161078639339,0.9477925130099043,0.9625803104063974,0.962671875715354,0.9633280937628765,0.958047827613045,0.9454881194011628,0.9657850962198787,0.9455339020556413,0.9480061653974697,0.9458696415218154,0.8035161078639339,0.9477925130099043,0.9625803104063974,0.962671875715354
360,0.9502327000839246,0.9437628747997253,0.9452506294346532,0.9533989471274891,0.9416342412451362,0.9445334554055085,0.9442130159456779,0.803768978408484,0.9445181963836118,0.9420767528801403,0.944914930952926,0.9523765926604103,0.9484473945220111,0.9427939269092851,0.9548943312733654,0.9403219653620203,0.9441977569237812,0.9436179140917067,0.8074006256198978,0.9443350881208513,0.9480430304417486,0.9472343022812237,0.9523918516823071,0.9484245059891662,0.9425345235370413,0.9543297474631875,0.94018463416495,0.9443350881208514,0.943099107347219,0.8056458381017777,0.9442282749675747,0.9488670176241703,0.9465171282520789,0.9532387273975739,0.9505149919890136,0.943404287785153,0.9538414587624934,0.9405508506904708,0.9452048523689631,0.9437705043106737,0.805630579079881,0.9451743343251697,0.9427328908216983,0.9460746166170748
361,0.9574425879301136,0.9619058518348974,0.9569390402075226,0.9549858854047455,0.9591973754482337,0.9582360570687418,0.9512626840619516,0.7816739147020676,0.958175020981155,0.9680628671702144,0.94702067597467,0.9551995117112994,0.9566948958571755,0.9522087434195466,0.9526207370107577,0.9530785076676586,0.9522392614633403,0.9464255741206988,0.7810330357824063,0.952346074616617,0.9612115663385976,0.9447623407339589,0.9547875181200886,0.9569085221637293,0.9516594186312657,0.9523613336385137,0.952651255054551,0.9521782253757535,0.9459220263981079,0.7808499275196459,0.9525139238574807,0.9637445639734493,0.9437857633325704,0.9545738918135348,0.9568627450980393,0.9514305333028154,0.9522087434195468,0.9526359960326544,0.9518730449378193,0.9458304722667277,0.7802853437094681,0.9522697795071337,0.9619287403677423,0.9436942092011902
362,0.9393120918024782,0.9474302630775804,0.9353293047671367,0.9331929439052677,0.93503937007874,0.9379692364035891,0.9341543062931087,0.7531435024110359,0.9380607947262408,0.9430202038698652,0.9448971494842214,0.9350241103582982,0.9377937496185069,0.9350851492400659,0.9356192394555332,0.9351004089605078,0.9374504059085638,0.9327198925715681,0.7569736922419582,0.9374961850698895,0.9421275102240125,0.942669230299701,0.9345357993041568,0.9373664774461331,0.933727034120735,0.9349630714765306,0.9339254104864798,0.9364585240798389,0.9316211926997497,0.7566990172740037,0.9367026796069096,0.943241469816273,0.9414942318256728,0.9344137215406213,0.9372291399621561,0.9337575535616188,0.9349478117560885,0.9337728132820606,0.9360922907892328,0.9316364524201917,0.7551272660684857,0.9363974851980712,0.9403650125129709,0.9416010498687665
363,0.9462661743164062,0.9484710693359375,0.9312744140625,0.9440155029296875,0.9314422607421875,0.93804931640625,0.936767578125,0.7682342529296875,0.93792724609375,0.94256591796875,0.935211181640625,0.9521636962890625,0.9555816650390625,0.939605712890625,0.9526824951171875,0.939056396484375,0.9435882568359375,0.94281005859375,0.78369140625,0.943603515625,0.9439697265625,0.93817138671875,0.9524688720703125,0.9554901123046875,0.9404144287109375,0.953369140625,0.93988037109375,0.9444122314453125,0.94342041015625,0.7843017578125,0.9442291259765625,0.9480133056640625,0.9395599365234375,0.9524078369140625,0.9549713134765625,0.9399871826171875,0.95330810546875,0.93994140625,0.944549560546875,0.943359375,0.7838287353515625,0.94439697265625,0.9482574462890625,0.9394989013671875
364,0.9661281006809339,0.9543561527237355,0.9554049124513618,0.9600255350194552,0.9545233463035019,0.9536569795719845,0.952167436770428,0.8074993920233464,0.9533529912451362,0.9554733098249028,0.9506018968871595,0.9614010821984436,0.9573048394941635,0.9572440418287939,0.9617430690661479,0.9545689445525292,0.9537177772373542,0.9512402723735409,0.8071042071984436,0.9535809824902723,0.9535049854085604,0.9506626945525292,0.9613174854085603,0.9595999513618677,0.9573808365758754,0.96181906614786,0.9547513375486381,0.9535505836575876,0.9508906857976653,0.8064810311284045,0.9536113813229572,0.9558000972762646,0.9513618677042801,0.9613934824902725,0.9596987475680934,0.9577000243190662,0.9619254620622568,0.9550553258754864,0.9538697714007781,0.9509970817120622,0.8068306177042802,0.9539153696498056,0.9584523954280157,0.9508906857976653
365,0.9516030534351144,0.9504351145038167,0.9385801526717558,0.9458625954198473,0.9368702290076336,0.9351908396946566,0.9306870229007634,0.8179236641221375,0.9352824427480915,0.9398015267175571,0.9447786259541984,0.9557099236641222,0.948709923664122,0.9450839694656489,0.9514503816793893,0.9398167938931298,0.9421984732824428,0.9354656488549619,0.8285038167938932,0.9422137404580153,0.9508091603053435,0.9510076335877862,0.9561068702290076,0.9521603053435115,0.9455267175572519,0.9517099236641221,0.9401068702290076,0.9421068702290076,0.9354656488549619,0.8284274809160306,0.9422137404580152,0.9481679389312977,0.9507480916030533,0.9561068702290075,0.9518854961832063,0.9454351145038169,0.9518473282442748,0.9396641221374046,0.9419389312977099,0.9353587786259542,0.8281526717557252,0.941969465648855,0.9514503816793892,0.9519389312977099
366,0.9503604847369228,0.9534437797208161,0.9404356496395152,0.9480901978831109,0.9423684614204633,0.9401595336708085,0.9365853658536585,0.793342537198957,0.9401135143426906,0.9375517717441326,0.9484123331799356,0.9531063046479522,0.9561052308636294,0.9483663138518178,0.947645344377972,0.949117962877742,0.9455437950605922,0.9403436109832797,0.8040803804264458,0.945651173492867,0.9436723423838013,0.9469703942322444,0.9541033900905047,0.9558904739990797,0.9486731093726032,0.947982819450836,0.9492713606381348,0.9452830188679244,0.9403589507593189,0.8048473692284094,0.9453750575241602,0.9449302040190213,0.9463107838625556,0.954057370762387,0.9553842613897837,0.9482435956435037,0.9482589354195428,0.9496241754870378,0.9449915631231783,0.9398220585979445,0.8045252339315845,0.9450682620033748,0.9430280717901519,0.9462340849823593
367,0.9415658438715953,0.9423182149805448,0.944461332684825,0.9452973005836576,0.9414366488326847,0.9420902237354084,0.9404790856031129,0.751367947470817,0.9419686284046692,0.9385791585603113,0.9545385457198443,0.9553821133268481,0.9517646522373541,0.9454036964980544,0.9610742947470817,0.9447805204280155,0.9440813472762646,0.9440661478599222,0.7569461332684825,0.9439445525291829,0.9448109192607004,0.9574568336575875,0.9553821133268481,0.9517646522373541,0.9454036964980544,0.9610742947470817,0.9447805204280155,0.9440813472762646,0.9440661478599222,0.7569461332684825,0.9439445525291829,0.9448109192607004,0.9574568336575875,0.9553821133268481,0.9517646522373541,0.9454036964980544,0.9610742947470817,0.9447805204280155,0.9440813472762646,0.9440661478599222,0.7569461332684825,0.9439445525291829,0.9448109192607004,0.9574568336575875
368,0.9477700422582311,0.9550056242969629,0.9406408658377163,0.9462195603927888,0.9445170705013225,0.9406560666403185,0.9397744200893806,0.767321314565409,0.9403824521934758,0.9427081749916395,0.9549904234943605,0.9529155139391359,0.9578557747849086,0.9453227130392484,0.9543063873772535,0.9483932751649288,0.9451707050132246,0.9439698416076369,0.7702854710728728,0.944897090566382,0.9595962666828809,0.9573161462925243,0.9530219195573526,0.9576885659562825,0.9450034961845984,0.9542151825616392,0.9484996807831454,0.9447146809351533,0.9439394400024321,0.769495029337549,0.9445778737117321,0.9524670902623659,0.9568449214118504,0.9530675219651599,0.9576429635484753,0.9448666889611773,0.9541999817590369,0.9483172711519168,0.9446234761195391,0.9438026327790109,0.7692366156933086,0.9445170705013226,0.9543063873772536,0.9568905238196577
369,0.9414331929439053,0.9491088323261918,0.9358939144234877,0.9360617713483488,0.9332082036257094,0.9341237868522247,0.9294848318378808,0.7595983641579687,0.9336812549594091,0.9371452114997253,0.9381676127693341,0.9366187511444791,0.948467924067631,0.9385338460599401,0.9374504059085638,0.9342458646157602,0.9349783311969725,0.9306750900323506,0.7664499786363914,0.9349630714765305,0.931972166269914,0.9383049502533114,0.939380760544467,0.9488188976377954,0.9366263810046999,0.9386864432643593,0.9317280107428432,0.9333760605505708,0.9281419764389918,0.764405176097174,0.932948788378197,0.928477690288714,0.9374046267472379,0.9391976438991638,0.9483000671427699,0.9350851492400659,0.9382439113715437,0.9295458707196484,0.9320637245925655,0.9265702252334738,0.7639473844839164,0.9319874259903558,0.9267380821583349,0.9352987853262528
370,0.948226138704509,0.9495841916533151,0.9411306935225452,0.9502708476386663,0.9417868314641031,0.9391470206759746,0.93676661326009,0.782406347753109,0.9390096894789044,0.9369344625009537,0.9564049744411384,0.9516594186312657,0.9527122911421377,0.9478446631570916,0.9541924162661173,0.9481651026169222,0.9456778820477607,0.9430685893034256,0.7866025787747006,0.9455863279163805,0.9436560616464484,0.9569542992294193,0.9521934843976501,0.9527428091859311,0.9471274891279469,0.9549553673609522,0.9475547417410544,0.9451132982375829,0.9425803006027313,0.7862058442053865,0.9450980392156861,0.9440451667048142,0.9569085221637292,0.9519645990691996,0.952697032120241,0.9470511940184634,0.9551079575799191,0.9470969710841536,0.9447928587777522,0.9429159990844587,0.7858396276798657,0.9446707866025787,0.9460288395513847,0.9570458533607996
371,0.9499290368855586,0.9392769392769393,0.9363926320448059,0.9487844705236009,0.9418102461580723,0.9302424954598868,0.927297144688449,0.8382804034977949,0.9302577563447129,0.9360111099241534,0.9523249958032567,0.9483190135364048,0.9417949852732462,0.9367588932806323,0.9482503395546874,0.9421154638545942,0.9332641506554551,0.9284417110504068,0.8379294031467944,0.9334472812733682,0.9415202893463763,0.9498527324614282,0.9486089703481008,0.9433973781799869,0.9375677201764159,0.9484334701726005,0.9421002029697682,0.9333709768492378,0.9285485372441894,0.8384482732308818,0.9334930639278466,0.9403452012147664,0.9497764280372978,0.9483647961908831,0.9436644436644437,0.9370793718619806,0.9482198177850352,0.9419628550063333,0.9334778030430204,0.928487493704885,0.837120576251011,0.9336151510064553,0.9389259389259389,0.9489065576022098
372,0.9484523444682806,0.9495556236592093,0.9455562365920932,0.9488507508427826,0.9434569414649097,0.9422157523751149,0.9383389518847686,0.80890285013791,0.9422770456634999,0.9448820104198591,0.9504750229849832,0.9473030953110634,0.9447670855041373,0.9508274593931965,0.9490039840637451,0.9433803248544284,0.9482531412810298,0.9432730615997548,0.8159209316579836,0.948467667790377,0.950337113086117,0.9494483604045356,0.9462534477474717,0.9453340484216978,0.9507968127490041,0.9489426907753601,0.9436254980079681,0.9481458780263561,0.9431198283787926,0.8159209316579835,0.9484829911124733,0.9539687404229236,0.9490959239963224,0.9462534477474718,0.9453187250996017,0.9507968127490041,0.9488507508427827,0.9436254980079681,0.9481918479926448,0.9431657983450811,0.8159056083358873,0.9483604045357034,0.9528807845540912,0.9490806006742262
373,0.9429352822209964,0.9466430716430716,0.9412882270025127,0.9390053318624748,0.943892872464301,0.9384231169945456,0.9391585463014035,0.8627964699393271,0.9383618312189741,0.9360482931911503,0.9516761659618802,0.9516914874057731,0.9511322547036832,0.9487497701783416,0.9569620641049212,0.9493166636023779,0.9442452656738372,0.9441839798982656,0.8699056199056199,0.9442759085616229,0.941364834221977,0.9515076300790586,0.9525188453759882,0.9514003799718086,0.9488416988416988,0.958678065820923,0.9496690568119139,0.9446436232150519,0.9443065514494087,0.8699822271250842,0.9447968376539805,0.939802046944904,0.9517221302935589,0.9525188453759882,0.9514003799718086,0.9488416988416988,0.958678065820923,0.9496690568119139,0.9446436232150519,0.9443065514494087,0.8699822271250842,0.9447968376539805,0.939802046944904,0.9517221302935589
374,0.9352340698242188,0.9388885498046875,0.9154052734375,0.93450927734375,0.9122161865234375,0.9183807373046875,0.9110107421875,0.716766357421875,0.91827392578125,0.916412353515625,0.92327880859375,0.942047119140625,0.9424896240234375,0.9210968017578125,0.9376678466796875,0.917388916015625,0.9228515625,0.9155426025390625,0.7273712158203125,0.923095703125,0.9366302490234375,0.9261932373046875,0.94293212890625,0.943389892578125,0.92022705078125,0.937103271484375,0.91748046875,0.9214019775390625,0.9148712158203125,0.727569580078125,0.921600341796875,0.9354095458984375,0.9245758056640625,0.942169189453125,0.94317626953125,0.9186553955078125,0.935821533203125,0.916015625,0.9200897216796875,0.9136199951171875,0.7284698486328125,0.92041015625,0.9253387451171875,0.923797607421875
375,0.9478422755295123,0.9451107855704084,0.9369620948544223,0.941463712384789,0.9382439113715437,0.933116645303058,0.92225172434841,0.744750656167979,0.9332845022279191,0.9412348165781602,0.9436763718488678,0.9488417872184581,0.9468046145394616,0.9378624183604957,0.945370200817921,0.93543612281023,0.9332997619483612,0.9209851675517304,0.7526551913568944,0.9334981383141061,0.9439052676554965,0.9441189037416835,0.9492919489714949,0.9470029909052066,0.9382896905328695,0.9457516938289691,0.9355124214124398,0.9333150216688031,0.9214429591649882,0.7539522675944577,0.9337575535616188,0.9446072147958249,0.9449734480864311,0.9493072086919369,0.9468198742599035,0.9380607947262406,0.9456906549472014,0.9351004089605078,0.9332692425074773,0.9211988036379174,0.7540743453579931,0.9332387230665934,0.94750656167979,0.9449581883659892
376,0.949782558937972,0.9493553063248645,0.9494163424124513,0.9409323262378881,0.9459525444419012,0.9495078965438315,0.9421683070115205,0.7493553063248646,0.9495078965438315,0.9442435339894713,0.9267566948958572,0.9520943007553216,0.9485465781643396,0.9490959029526207,0.9467154955367361,0.9455710688944838,0.9496299687190051,0.9442893110551613,0.7621118486305027,0.9495078965438316,0.9484092469672694,0.9272602426184482,0.9522316319523919,0.948577096208133,0.9490043488212405,0.9470206759746701,0.9452201113908598,0.9494163424124513,0.9442282749675747,0.7624475471122301,0.9491416800183108,0.9510032806897077,0.9271229114213778,0.9521858548867018,0.9487144274052033,0.9486533913176165,0.9472343022812238,0.9446707866025787,0.9492942702372777,0.9440299076829176,0.7612268253604945,0.9489585717555504,0.944563973449302,0.9270771343556877
377,0.9176127693340658,0.9352987853262528,0.8975920161142648,0.9190014038942808,0.8976225355551487,0.9002472074711592,0.8990111701153636,0.7732252945126045,0.8998657144601111,0.8877800158701095,0.9149270585362875,0.9236861380699506,0.9403268632118661,0.9078007690899103,0.9195812732710739,0.9069462247451627,0.9103338826832693,0.9056186290667154,0.7855398889092351,0.9101049868766404,0.9138588781053532,0.9193676371848869,0.9246093511566869,0.9395562473295489,0.9081059634987488,0.9192913385826772,0.9075260941219556,0.910211804919734,0.9066410303363243,0.7857993041567477,0.9104254410059207,0.9106238173716658,0.919321858023561,0.9245330525544772,0.9403039736312031,0.9084416773484713,0.9196117927119575,0.9076176524446072,0.910776414576085,0.9071293413904657,0.7860587194042605,0.9110205701031557,0.9146371238478912,0.9192760788622353
378,0.9449157696284133,0.9463145411421273,0.9213191023535852,0.94985708204099,0.9181414583713435,0.9205284923675728,0.9206197165967279,0.7910965152344464,0.9201483914127592,0.9250136836343732,0.944794137322873,0.9469227026698291,0.9499483062701455,0.9241470534573982,0.9510582010582012,0.924223073648361,0.9254850088183421,0.92469439883233,0.797406191084352,0.9252113361308762,0.936994465730098,0.9452654625068417,0.9462537249893572,0.9502523870339962,0.924724806908715,0.9507997324089277,0.9235084838533114,0.9249680715197957,0.9240254211518579,0.7947454844006566,0.9247400109469074,0.9262452107279693,0.9451134221249164,0.9449765857811835,0.9499939183847229,0.9244055221066716,0.9497962658882199,0.9225354254089886,0.9249984795961808,0.9237821565407772,0.7935291613452533,0.9248312351760628,0.9339080459770116,0.9438818950313204
379,0.9645603553921569,0.9648514093137255,0.9634650735294117,0.9596966911764706,0.9660232843137255,0.9623008578431373,0.959436274509804,0.8303615196078431,0.9622549019607842,0.9599417892156862,0.9631127450980392,0.9638174019607842,0.9596507352941176,0.9623314950980392,0.9614123774509804,0.964031862745098,0.9615655637254901,0.9590533088235295,0.8351715686274509,0.9615042892156862,0.9586856617647059,0.9625919117647057,0.9634497549019607,0.9603247549019609,0.9609681372549019,0.961810661764706,0.9626072303921569,0.9606311274509804,0.958609068627451,0.8356311274509804,0.9606617647058824,0.9604932598039215,0.9629595588235293,0.9631280637254901,0.9593290441176472,0.9607536764705882,0.9619638480392158,0.962423406862745,0.9602328431372549,0.9580116421568627,0.8363204656862745,0.9601409313725491,0.959359681372549,0.962392769607843
380,0.9211148751754867,0.9325749252273698,0.918177378990417,0.9125923213086736,0.9130958920832571,0.9158273820423609,0.9075108344015137,0.7207318561923945,0.9158884209241287,0.9108679728987368,0.9108374534578526,0.9154992980528597,0.9166666666666666,0.9147592016114264,0.9142708905572849,0.9122566074589514,0.9157358237197094,0.9078465482512361,0.7293841176829641,0.9159189403650125,0.9151025453213697,0.9078160288103523,0.9158807910639079,0.9190319233351645,0.9144082280412624,0.9145913446865653,0.9120582310932063,0.914850759934078,0.9075871330037233,0.7298571690166635,0.9151254349020325,0.9124549838246963,0.9076939510468167,0.9152856619666727,0.9180400415064396,0.9143471891594946,0.9143319294390528,0.9123634255020449,0.9149728376976133,0.9075108344015139,0.7325428798144419,0.9151712140633583,0.9121497894158579,0.9071751205517915
381,0.9385691593352883,0.93290261485826,0.9228219696969697,0.9389968230694038,0.9209738514173998,0.9247617302052786,0.9155975073313785,0.7531463831867058,0.9248380987292277,0.9246089931573803,0.9457630742913002,0.9468016862170088,0.939974340175953,0.9272360703812316,0.9473820869990225,0.9251588465298143,0.9305504643206257,0.9215237047898339,0.7597293499511241,0.9303213587487782,0.9384927908113392,0.9458088954056697,0.9465725806451614,0.9392182917888564,0.9272513440860216,0.9469696969696969,0.9245784457478007,0.9301380742913,0.9214931573802542,0.7589809384164222,0.9299089687194525,0.9345521749755621,0.9445259042033235,0.9462212854349951,0.9395924975562071,0.9267625855327468,0.9466794965786901,0.92463954056696,0.9297562316715542,0.9211876832844575,0.7584310850439884,0.9295576735092865,0.9341856060606061,0.9445411779081134
382,0.9393103448275861,0.9358467432950193,0.9186513409961687,0.9422375478927203,0.9179616858237548,0.9221762452107279,0.9246283524904214,0.8627126436781609,0.922176245210728,0.9189195402298851,0.957977011494253,0.9380842911877395,0.9392490421455938,0.9220842911877394,0.9424674329501916,0.9220536398467434,0.9253639846743297,0.9283984674329502,0.8650114942528736,0.9252260536398468,0.9317777777777778,0.9577471264367817,0.9390344827586207,0.9403984674329502,0.9228352490421456,0.9431877394636015,0.9228505747126436,0.9260076628352489,0.9294099616858238,0.863249042145594,0.9259616858237547,0.9300536398467433,0.957272030651341,0.9393869731800766,0.941088122605364,0.9232643678160921,0.9430191570881226,0.9228659003831419,0.9260689655172413,0.9291494252873564,0.8622988505747127,0.925823754789272,0.9283984674329501,0.9567816091954022
383,0.9508739930080559,0.9473932208542333,0.9500683994528044,0.9485180118559051,0.9487764097887217,0.9514667882656939,0.9460708314333485,0.7389420884632922,0.9514515883872929,0.9503723970208238,0.9503267973856209,0.9474388204894361,0.9449004407964735,0.947484420124639,0.948077215382277,0.9476820185438516,0.9482140142878858,0.943000455996352,0.7405532755737954,0.9483356133150934,0.947986016111871,0.9512995896032833,0.9473476212190303,0.9449308405532757,0.9472260221918225,0.9481684146526828,0.9472716218270254,0.9478796169630643,0.9424076607387141,0.7395044839641283,0.9477884176926584,0.9487612099103206,0.9511931904544765,0.9471500227998174,0.9449156406748745,0.9473780209758321,0.9479404164766683,0.9477276181790545,0.9478796169630643,0.9430916552667579,0.7414044687642498,0.9479708162334701,0.9487764097887217,0.9513451892384861
384,0.9422313797313797,0.9457875457875458,0.9436813186813187,0.9349358974358974,0.9436050061050061,0.9441086691086691,0.9415445665445665,0.828403540903541,0.9443681318681318,0.9349130036630037,0.9345543345543345,0.944459706959707,0.9444444444444444,0.9482142857142857,0.9397130647130646,0.9476190476190476,0.9504120879120879,0.9459401709401709,0.8312118437118438,0.9504273504273504,0.9433760683760684,0.9381105006105006,0.942567155067155,0.9426434676434676,0.9480921855921856,0.939453601953602,0.9472832722832722,0.9494810744810744,0.9438797313797314,0.8307387057387059,0.9493589743589743,0.9423687423687424,0.9379120879120879,0.9417124542124542,0.9426205738705737,0.947008547008547,0.9388125763125763,0.9469780219780219,0.9481074481074482,0.943513431013431,0.8321733821733822,0.947954822954823,0.9424908424908425,0.937530525030525
385,0.9553002450980392,0.9629059436274509,0.9564491421568626,0.9530943627450981,0.9483609068627451,0.9543964460784313,0.9440104166666666,0.8238051470588235,0.9548406862745098,0.9440563725490196,0.9476409313725489,0.9577052696078432,0.9663219975490196,0.9582414215686275,0.9548253676470588,0.947625612745098,0.9565410539215686,0.9474877450980392,0.8296721813725492,0.9566636029411766,0.9454427083333333,0.9447916666666666,0.9576746323529411,0.9658318014705882,0.9565563725490196,0.9549019607843137,0.9469362745098039,0.9556678921568627,0.9464460784313724,0.8275275735294118,0.9558976715686274,0.944983149509804,0.9433210784313725,0.9576210171568629,0.9654181985294117,0.9564950980392156,0.9550857843137256,0.9469822303921569,0.9553768382352942,0.9465073529411764,0.8279564950980391,0.9557444852941177,0.9495557598039215,0.9435968137254901
386,0.9434431608344652,0.9486089703481009,0.932089062523845,0.9404672882933752,0.9250843163886643,0.9294641903337555,0.9177896134417874,0.7448685274772231,0.9297694080302776,0.9211470081035298,0.9385138950356342,0.9368199368199369,0.9476246432768172,0.9354159354159354,0.9397958093610268,0.9304561478474522,0.9352938483373264,0.9231919666702276,0.7561310604788866,0.9355532833793704,0.9375371984067636,0.9366062844323715,0.9364994582385888,0.9460298808124894,0.9355380224945443,0.9400705052878967,0.9306240175805393,0.9348970653318479,0.9228562272040532,0.7573519312649748,0.9352175439131962,0.9320127580997147,0.9367588932806324,0.9363163276206755,0.946564011781403,0.9350344132952828,0.9401773314816794,0.930898713507409,0.9346834129442826,0.9225815312771833,0.7569093656050176,0.9350649350649349,0.9371709371709371,0.9368962412440673
387,0.9438017916278786,0.9494559494559495,0.9350344132952829,0.9416118546553329,0.9318754101362797,0.9350954568345872,0.9287316678621027,0.7630289804202848,0.9354464571855876,0.9332336288858027,0.9403909838692448,0.9423443771269858,0.9504707982968852,0.9357211531124574,0.9416576373098112,0.932516367298976,0.9368809803592413,0.9296931036061471,0.7694385520472478,0.9368046759351107,0.9410014192622888,0.94087933218368,0.943260030216552,0.9506920811268638,0.9361942405420667,0.9421612465090726,0.9332794115402812,0.9371098936316327,0.9300746257267997,0.7703542051368139,0.9372014589405894,0.9443588139240314,0.9416881590794633,0.9431989866772476,0.9506462984723855,0.9360416316938056,0.9422833335876813,0.9330504982678895,0.9369267630137195,0.9300288430723213,0.7703999877912923,0.9370335892075023,0.9447403360446838,0.9418407679277244
388,0.9335622186617837,0.9321278706034942,0.9240405889982451,0.9311665522240024,0.9169451438162814,0.9233081559472038,0.9153124284733348,0.7650263218127717,0.9234302281223773,0.9253070878156711,0.9276112001220722,0.9367208361943999,0.9334859235523003,0.9268329900053406,0.9345387960631723,0.9182269016556039,0.9261921110856794,0.916762035553521,0.7713282978561075,0.9262073701075761,0.9276569771877623,0.9305256733043411,0.9374837872892348,0.9356221866178377,0.9275349050125887,0.9348439765011062,0.9186846723125047,0.926619363698787,0.9167772945754177,0.7717860685130083,0.9267566948958572,0.9222934309910734,0.9303425650415807,0.9375143053330282,0.9340505073624781,0.9274738689250019,0.9347676813916227,0.9183642328526742,0.9265583276112,0.9169146257724881,0.772259098191806,0.9268024719615473,0.9281071183337147,0.9307545586327917
389,0.9453727016098267,0.9531853208209354,0.9354238193331806,0.9519340810254062,0.9361409933623255,0.9380178530556191,0.9386587319752804,0.8482948043030443,0.9374837872892348,0.9326771953917755,0.9591058213168535,0.9543144884412909,0.9611200122072174,0.9470054169527733,0.9555809872587168,0.9469901579308767,0.9498283360036621,0.9486381322957198,0.852170595864805,0.9495078965438315,0.9438391699092089,0.9603265430685893,0.9539940489814602,0.9607080186160066,0.9472037842374303,0.9553826199740596,0.947524223697261,0.9499809262226291,0.9489585717555504,0.8514534218356604,0.9495536736095216,0.9474708171206226,0.9596704051270314,0.9537651636530099,0.9607080186160067,0.9464866102082856,0.9550164034485389,0.9468375677119097,0.9495231555657282,0.9485008010986496,0.8511024643320363,0.9490501258869306,0.9495078965438315,0.95898374914168
390,0.9453479316505566,0.9448898254615419,0.9295127277169515,0.9433169942125919,0.927084764915174,0.9287186769893262,0.9268099012017652,0.6934964191366225,0.9286575961641242,0.9328569028967582,0.9390413364484554,0.95015804663521,0.9457220517049186,0.9397590361445783,0.9491349428130773,0.939591063875273,0.9390566066547559,0.9351627040481317,0.7066746071739429,0.939026066242155,0.9387664727350467,0.936766075709683,0.9509979079817369,0.9463557652663888,0.9396368744941743,0.9491654832256784,0.9394230916059676,0.9387664727350465,0.9343686533205064,0.7052544779879977,0.9388580939728497,0.9342464916701025,0.9359567547757569,0.9513643929329485,0.9472490723349674,0.9392856597492633,0.9492876448760823,0.9391634980988594,0.9388580939728496,0.9352390550796342,0.7054071800510024,0.9388428237665492,0.9381709346893277,0.937773909325515
391,0.9264836545237293,0.9246453629094029,0.9174453874199577,0.91980452832501,0.918104108581758,0.9181194276785442,0.9115934924476853,0.7387328043138577,0.9185483623885536,0.9236343025215232,0.9142590152884587,0.9306504488495357,0.9253194031679892,0.9243389809736817,0.9308802353013266,0.9245534483286865,0.9270198229112413,0.9222402647139925,0.7535004136156134,0.9271117374919575,0.92438493826404,0.92213303103649,0.9317840620117038,0.9259781243297895,0.9243389809736818,0.9311406599466896,0.9245840865222585,0.926989184717669,0.9205092067771685,0.7515395692269984,0.9274181194276786,0.9322589540120714,0.9212138852293268,0.9321210821409969,0.9257406783296057,0.9254725941358498,0.9310181071724012,0.9253194031679892,0.9276479058794693,0.9210147369711081,0.7518306320659334,0.9277857777505438,0.9317917215600968,0.9218113300039831
392,0.9499589578329735,0.9494725321496975,0.9542607849694464,0.953318335208099,0.9525278934727753,0.9495485361627094,0.9512510260541757,0.860198218465935,0.9495181345575047,0.9467819900890767,0.9608579332988783,0.9568145198066457,0.9549904234943605,0.9583954032772931,0.9637156841881251,0.9564649013467911,0.9547928130605295,0.9547472106527225,0.8646824552336364,0.9547928130605295,0.947800443863436,0.9665886358799745,0.9568449214118505,0.9549752226917582,0.9585018088955097,0.9637460857933299,0.9568297206092482,0.9546256042319036,0.9545952026266987,0.8643480375763841,0.9546256042319035,0.9487048916182774,0.9665126318669627,0.9567537165962363,0.9548992186787463,0.9585626121059192,0.9637004833855227,0.9566321101754174,0.9547928130605295,0.954610403429301,0.8637096038670843,0.9547168090475178,0.9482412671389049,0.9661174109993007
393,0.9388656616210938,0.9336929321289062,0.9325714111328125,0.92938232421875,0.93206787109375,0.9331207275390625,0.9314117431640625,0.77313232421875,0.93292236328125,0.9430694580078125,0.932037353515625,0.93865966796875,0.9406661987304688,0.9335174560546875,0.9332275390625,0.931610107421875,0.934356689453125,0.9302825927734375,0.7779388427734375,0.93438720703125,0.9369354248046875,0.9358062744140625,0.936859130859375,0.9398117065429688,0.93328857421875,0.930419921875,0.9322052001953125,0.9341583251953125,0.9295806884765625,0.779388427734375,0.9343719482421875,0.9315643310546875,0.933380126953125,0.9337310791015625,0.9374313354492188,0.9324493408203125,0.928924560546875,0.931488037109375,0.933319091796875,0.9290313720703125,0.777435302734375,0.9333648681640625,0.9279327392578125,0.9307098388671875
394,0.9431524547803618,0.9470740234078128,0.9307645538835689,0.9405684754521964,0.9303845569235446,0.9309469524243806,0.9255965952272381,0.7924456604347165,0.9309925520595835,0.932998936008512,0.9384404924760601,0.9428864569083448,0.9428484572123423,0.9363277093783251,0.9408116735066121,0.9355069159446725,0.9350965192278462,0.9264781881744945,0.7985712114303084,0.9355069159446724,0.9355829153366773,0.93515731874145,0.9424152606779146,0.9420732634138927,0.9362365101079191,0.9411308709530324,0.9343061255509957,0.9341085271317828,0.9249278005775953,0.7969144246846023,0.9347013223894209,0.9357045143638851,0.9353701170390637,0.9418984648122815,0.9423164614683082,0.9360997112023104,0.9411156710746315,0.9333181334549323,0.9342453260373917,0.9247910016719867,0.7961544307645537,0.9345189238486091,0.9409788721690227,0.9351421188630491
395,0.9563185634614206,0.9587699944842801,0.9461604461604461,0.9477691977691978,0.9427744070601214,0.9461757676043391,0.9408592265735123,0.8532205675062817,0.9461910890482319,0.9324477538763253,0.9550162407305265,0.9591223876938163,0.9596586382300668,0.9462523748238034,0.954847704847705,0.9460838389409818,0.9476925905497334,0.9428510142795857,0.8591652877367164,0.9475546975546975,0.946068517497089,0.9544799901942759,0.9591223876938163,0.9596586382300668,0.9462523748238034,0.954847704847705,0.9460838389409818,0.9476925905497334,0.9428510142795857,0.8591652877367164,0.9475546975546975,0.946068517497089,0.9544799901942759,0.9591223876938163,0.9596586382300668,0.9462523748238034,0.954847704847705,0.9460838389409818,0.9476925905497334,0.9428510142795857,0.8591652877367164,0.9475546975546975,0.946068517497089,0.9544799901942759
396,0.9559768588481324,0.9419792095983882,0.9528323487658562,0.9573048800964723,0.9507716261391218,0.9496878386835799,0.9483598174352399,0.8005983727923554,0.9492604295461831,0.9460395964036575,0.9549388652287403,0.95496939445284,0.9411167590175695,0.949016195753385,0.959747218024454,0.9472912945917479,0.94568851032651,0.9473828822640472,0.8050098456747722,0.9453832180855124,0.9494588695028316,0.9577322892338692,0.9553357451420371,0.9430248355238052,0.9490772542015845,0.9598693349208529,0.9472149715314985,0.9457190395506098,0.9473218238158477,0.8039413228312802,0.9455511288180611,0.9540382531177971,0.9576712307856695,0.9556715666071347,0.9449710735601654,0.9490772542015845,0.9602967440582498,0.9474134114881471,0.9462838301964556,0.9477339683411946,0.8055899009326678,0.9461159194639067,0.9527865549297064,0.9580681106989666
397,0.9411392211914062,0.9445037841796875,0.9342498779296875,0.941497802734375,0.933380126953125,0.9413604736328125,0.9373626708984375,0.8174896240234375,0.941375732421875,0.938201904296875,0.939300537109375,0.937896728515625,0.931854248046875,0.9355621337890625,0.941986083984375,0.935791015625,0.942962646484375,0.93927001953125,0.819366455078125,0.94293212890625,0.945343017578125,0.9368133544921875,0.9377899169921875,0.9396209716796875,0.93707275390625,0.9414215087890625,0.9369049072265625,0.9439849853515625,0.940643310546875,0.81854248046875,0.9441680908203125,0.949310302734375,0.935791015625,0.937652587890625,0.9356536865234375,0.936798095703125,0.941436767578125,0.93670654296875,0.9438629150390625,0.9408721923828125,0.81878662109375,0.9441680908203125,0.9454193115234375,0.93548583984375
398,0.9411612115663386,0.9487602044708934,0.9486533913176165,0.9284199282825971,0.9474631876096743,0.9498130769817654,0.9433279926756695,0.7694972152285038,0.9502403295948729,0.9496604867627985,0.9048447394522011,0.9389181353475241,0.9470588235294118,0.9477531090257115,0.9283283741512168,0.9466849774929428,0.9481345845731289,0.943205920500496,0.7753719386587319,0.9484702830548561,0.9401998931868467,0.9002670328831922,0.9381246662088959,0.9445792324711987,0.9469748989089799,0.9270160982681012,0.9465934233615625,0.9477073319600214,0.9425192645151446,0.7745326924544137,0.9481040665293354,0.9491721980621042,0.8994888227664607,0.9378805218585489,0.9469825284199282,0.9471885252155336,0.9255817502098115,0.9471122301060503,0.947875181200885,0.9424887464713512,0.7733730067902648,0.948226138704509,0.9431296253910124,0.8991989013504235
399,0.9657691074781336,0.9663338981239793,0.9507258323029719,0.9635023125887257,0.9550762467371892,0.9532750225153027,0.9440704614492222,0.7542397459968554,0.9533513455755521,0.9642655431912197,0.9688754560302849,0.9765077620552274,0.976286425180504,0.9542061638503457,0.973912778006747,0.9540840469539467,0.9563737387614294,0.9473370884278975,0.7578421944406283,0.9563584741493796,0.962510112805483,0.9735464273175498,0.9765077620552274,0.976286425180504,0.9542061638503457,0.973912778006747,0.9540840469539467,0.9563737387614294,0.9473370884278975,0.7578421944406283,0.9563584741493796,0.962510112805483,0.9735464273175498,0.9765077620552274,0.976286425180504,0.9542061638503457,0.973912778006747,0.9540840469539467,0.9563737387614294,0.9473370884278975,0.7578421944406283,0.9563584741493796,0.962510112805483,0.9735464273175498
400,0.9538872358281835,0.9463797970550087,0.9317158770122835,0.9541618982223239,0.9346608682383459,0.9293049515526054,0.9225452048523689,0.8000762951094835,0.9294880598153659,0.9337300679026475,0.9445792324711987,0.9535362783245593,0.9466849774929427,0.9268024719615473,0.9521171892881667,0.9302204928664073,0.9290455481803617,0.9235370412756542,0.8019989318684673,0.9288624399176013,0.9356374456397345,0.939681086442359,0.9533989471274891,0.9464255741206988,0.9286945906767375,0.9527580682078278,0.9311360341802091,0.9301441977569238,0.9242999923704891,0.803768978408484,0.9300068665598534,0.9391012436102846,0.9403982604715039,0.9537193865873198,0.9466849774929427,0.9293507286182956,0.9531700617990387,0.9321583886472877,0.930785076676585,0.9251392385748073,0.8022583352407112,0.9309224078736552,0.9350728618295567,0.9409781033035782
401,0.9431117621925167,0.94305835317097,0.9435390343648904,0.9396630653726424,0.9427455289019105,0.9425318928157236,0.9348409937129952,0.8068424586461576,0.9424708539339559,0.9302783373008607,0.9497955197460783,0.9573490813648294,0.9496658121223218,0.9491088323261917,0.9534731123725814,0.9477049380455351,0.949459805896356,0.9419367637184887,0.8133583592748581,0.9495818836598914,0.9493224684123788,0.95449551364219,0.9573490813648294,0.9496658121223218,0.9491088323261917,0.9534731123725814,0.9477049380455351,0.949459805896356,0.9419367637184887,0.8133583592748581,0.9495818836598914,0.9493224684123788,0.95449551364219,0.9573490813648294,0.9496658121223218,0.9491088323261917,0.9534731123725814,0.9477049380455351,0.949459805896356,0.9419367637184887,0.8133583592748581,0.9495818836598914,0.9493224684123788,0.95449551364219
402,0.9507601094557616,0.9484645788993614,0.938370325326847,0.9515810276679841,0.9342201276983886,0.9394192763757981,0.9355123137731833,0.8300243235025844,0.9395104895104895,0.9469443599878381,0.9486166007905138,0.9502128306476132,0.9488218303435695,0.9387655822438432,0.9524931590148982,0.9352690787473397,0.9391912435390696,0.9367436910915172,0.8385679537853451,0.9390696260261477,0.9485253876558224,0.9482517482517483,0.9506080875646091,0.9516266342353299,0.9390088172696869,0.9531316509577379,0.9356339312861052,0.9386591669200365,0.9360747947704469,0.8396929157798724,0.9388111888111887,0.9467619337184555,0.9477500760109456,0.951231377318334,0.9512237762237762,0.9387959866220735,0.9547430830039526,0.9355883247187595,0.9387503800547279,0.936150805716023,0.8407114624505929,0.9386439647309213,0.9512313773183338,0.9488446336272424
403,0.9586183206106871,0.9579312977099236,0.9412671755725192,0.9560458015267176,0.9372213740458014,0.9424885496183206,0.9350076335877863,0.731618320610687,0.9425190839694657,0.9336717557251908,0.9546412213740458,0.9580305343511449,0.9611679389312977,0.9484122137404581,0.9564732824427481,0.9426564885496183,0.9487786259541985,0.9446564885496184,0.7335114503816794,0.9487328244274809,0.9407251908396945,0.9549007633587787,0.9575725190839695,0.9587328244274809,0.9485343511450381,0.9557404580152671,0.9424732824427481,0.9496641221374045,0.9454809160305343,0.7333435114503817,0.9496946564885494,0.9427404580152672,0.9536641221374046,0.9577251908396947,0.9585496183206107,0.9488244274809161,0.9556946564885497,0.9420763358778625,0.9498778625954197,0.945557251908397,0.7340152671755724,0.9496335877862595,0.9471526717557253,0.9536488549618319
404,0.9396701124961996,0.9331863788385527,0.9308908482821527,0.9465034965034965,0.9279264214046823,0.9324566737610215,0.9332471875950138,0.8160231073274551,0.9322894496807541,0.9325174825174827,0.9471723928245667,0.9456977804803892,0.9388415931894193,0.9367740954697477,0.948631802979629,0.9386591669200365,0.9385983581635755,0.9377014290057768,0.8209790209790211,0.9383703253268469,0.9408330799635148,0.9487230161143204,0.9470507753116449,0.9395712982669505,0.9371997567649741,0.9492702949224687,0.9389480085132258,0.9389024019458801,0.9377166311948921,0.8213286713286713,0.9386439647309213,0.9437062937062938,0.9481605351170568,0.9473548190939495,0.9397081179689877,0.9374277896017026,0.9494527211918518,0.9390544238370326,0.9387351778656128,0.9377470355731224,0.8214958954089389,0.9385071450288841,0.9402401945880207,0.9486926117360899
405,0.9431448844129091,0.9495994506752118,0.9390096894789044,0.942290379186694,0.932997634851606,0.9443045700770581,0.9417715724422064,0.8127260242618448,0.9443808651865416,0.9391470206759747,0.9517051956969558,0.9555580987258716,0.9538261997405967,0.94702067597467,0.9558861676966507,0.9422140840772106,0.9501792935072861,0.9459678034637979,0.8193789578088044,0.9499961852445258,0.9474174105439841,0.9591210803387502,0.9555580987258716,0.9538261997405967,0.94702067597467,0.9558861676966507,0.9422140840772106,0.9501792935072861,0.9459678034637979,0.8193789578088044,0.9499961852445258,0.9474174105439841,0.9591210803387502,0.9555580987258716,0.9538261997405967,0.94702067597467,0.9558861676966507,0.9422140840772106,0.9501792935072861,0.9459678034637979,0.8193789578088044,0.9499961852445258,0.9474174105439841,0.9591210803387502
406,0.9331197070267796,0.9392080567635614,0.9228961623559929,0.936217288471809,0.9193713282978562,0.924147402151522,0.9217975127794308,0.7695887693598841,0.923903257801175,0.9090562294956893,0.932143129625391,0.9326009002822919,0.9369268329900052,0.9291523613336384,0.9351644159609369,0.9266346227206836,0.9297474631876096,0.926009002822919,0.7808651865415427,0.9297627222095064,0.930388342107271,0.9309987029831387,0.9322194247348745,0.9386968795300221,0.9291371023117418,0.9361257343404288,0.9274128328374152,0.9299763485160601,0.9269398031586175,0.7818875410086213,0.9298390173189898,0.9321736476691843,0.9318226901655604,0.9320515754940109,0.9382467383840695,0.9281605249103533,0.9360189211871519,0.9263141832608529,0.9291065842679483,0.9267109178301671,0.7818875410086213,0.9288929579613947,0.9268787670710308,0.9322957198443581
407,0.9556808471679688,0.9546432495117188,0.9474029541015625,0.958099365234375,0.9471435546875,0.9493560791015625,0.942901611328125,0.8031768798828125,0.9494171142578125,0.95318603515625,0.953826904296875,0.960968017578125,0.9610748291015625,0.9506378173828125,0.9655303955078125,0.9497833251953125,0.9520111083984375,0.9468994140625,0.809600830078125,0.9519195556640625,0.9477386474609375,0.9524383544921875,0.9606475830078125,0.9615325927734375,0.949249267578125,0.9651031494140625,0.9483795166015625,0.950592041015625,0.9465484619140625,0.808197021484375,0.95086669921875,0.9511566162109375,0.9528350830078125,0.9610443115234375,0.9615020751953125,0.949798583984375,0.9653167724609375,0.948150634765625,0.9507904052734375,0.9468841552734375,0.8083038330078125,0.95074462890625,0.9478912353515625,0.952056884765625
408,0.9392704517704518,0.9327152014652015,0.9297008547008546,0.942032967032967,0.9256715506715507,0.934035409035409,0.9324023199023198,0.7578754578754578,0.9339896214896215,0.9250152625152626,0.9444749694749696,0.9482905982905984,0.9362179487179487,0.9388583638583639,0.9516178266178266,0.9357600732600733,0.9417582417582417,0.9387667887667888,0.7709859584859585,0.9417735042735044,0.9380647130647131,0.9516178266178266,0.9486874236874236,0.9403235653235653,0.9387210012210012,0.9516330891330891,0.9359126984126984,0.9413614163614163,0.9384462759462759,0.7700244200244202,0.9415903540903541,0.9409035409035409,0.9518315018315018,0.9487637362637362,0.9398199023199023,0.9393467643467643,0.9518162393162394,0.9362026862026862,0.941559829059829,0.938537851037851,0.770528083028083,0.9417582417582417,0.9361416361416361,0.9522588522588522
409,0.953717267899652,0.9480635414759202,0.9354208630897881,0.9587377159250443,0.9344900201428309,0.9359396935848137,0.9312396996887017,0.7955350057986937,0.9359549533052555,0.931972166269914,0.9551364219007508,0.9577229445156565,0.9563571995361045,0.9431880607947263,0.9611945309161937,0.9396935848135263,0.9425166330952817,0.9336812549594091,0.7992125984251968,0.9427455289019105,0.9495666239394495,0.9571659647195263,0.959004761032778,0.9575779771714582,0.9448971494842214,0.961896478056522,0.9415552707074406,0.9439357870963803,0.9344747604223891,0.7990600012207777,0.9442257217847769,0.9387245925654643,0.9583257034731123,0.9592183971189648,0.9586919367637184,0.9444698773118477,0.9620185558200575,0.9423945553317463,0.9433406579991455,0.9340780076908991,0.7971830556064212,0.9436611121284258,0.9487807483366905,0.9581425868278093
410,0.9543421855921855,0.9482142857142858,0.9369200244200245,0.9507326007326007,0.9376984126984127,0.9368131868131868,0.9293498168498169,0.7263736263736263,0.9371336996336997,0.9483516483516483,0.9342185592185592,0.9532280219780219,0.9476800976800976,0.9349511599511598,0.9493894993894993,0.9351648351648352,0.9347527472527473,0.9283577533577533,0.7330738705738705,0.9350885225885226,0.942773199023199,0.9341422466422467,0.9507097069597069,0.9462530525030525,0.9316697191697192,0.9481227106227106,0.932997557997558,0.9316544566544567,0.9260836385836385,0.7326312576312577,0.9317765567765568,0.9424603174603174,0.9322344322344323,0.9508165445665445,0.9462835775335775,0.9313339438339439,0.9482905982905983,0.9318376068376069,0.931486568986569,0.9260531135531136,0.7323870573870573,0.9315323565323566,0.9358974358974359,0.9329822954822955
411,0.9354917494771869,0.9276152096594465,0.9175863595426724,0.9422997664514356,0.9259971607821587,0.9202729312634519,0.9218299216925402,0.8106119582970799,0.919860786738105,0.9383004380943659,0.9428187632611317,0.9392315794294088,0.9305383828669994,0.9254018409122133,0.9435819938636258,0.9314313626719176,0.926775655996703,0.9257223977652608,0.813115354673261,0.9268672436690022,0.9351406634000398,0.938941551800461,0.939872693135504,0.9318129779731649,0.9260734838424081,0.9444062829143198,0.9309734243104211,0.9276304742714964,0.9259208377219094,0.8139701729480547,0.9276457388835463,0.9388804933522615,0.9401169269283021,0.9400558684801026,0.9327899131443574,0.9267298621605533,0.9446810459312177,0.931522950344217,0.9282715879775916,0.9263482468593062,0.8148402558348979,0.928225794141442,0.9361023339591824,0.9401474561524019
412,0.9449629134241244,0.9437925583657587,0.942622203307393,0.9393391293774318,0.9381687743190662,0.9411934581712063,0.9314810311284046,0.7425522859922179,0.9415582441634242,0.9431085846303502,0.946786843385214,0.9538697714007781,0.9517950510700389,0.9463460603112841,0.9491275535019457,0.9405550826848249,0.9446893239299611,0.9356608706225682,0.7524015077821011,0.9450541099221789,0.9510806785019454,0.9473948200389104,0.9538697714007781,0.9517950510700389,0.9463460603112841,0.9491275535019457,0.9405550826848249,0.9446893239299611,0.9356608706225682,0.7524015077821011,0.9450541099221789,0.9510806785019454,0.9473948200389104,0.9538697714007781,0.9517950510700389,0.9463460603112841,0.9491275535019457,0.9405550826848249,0.9446893239299611,0.9356608706225682,0.7524015077821011,0.9450541099221789,0.9510806785019454,0.9473948200389104
413,0.9583199767977897,0.962777243516356,0.9522064996718109,0.9557478896673841,0.9491535772618339,0.9548014837202913,0.9526491734212575,0.8160308955747888,0.954832012944391,0.9509776984017951,0.9575338492772206,0.954427500725069,0.9593884996412816,0.950863213811421,0.9553357451420371,0.9481613774785914,0.9550609821251392,0.9530918471707042,0.8147944619987482,0.9550609821251393,0.9522980873441103,0.9547709544961915,0.954427500725069,0.9593884996412816,0.950863213811421,0.9553357451420371,0.9481613774785914,0.9550609821251392,0.9530918471707042,0.8147944619987482,0.9550609821251393,0.9522980873441103,0.9547709544961915,0.954427500725069,0.9593884996412816,0.950863213811421,0.9553357451420371,0.9481613774785914,0.9550609821251392,0.9530918471707042,0.8147944619987482,0.9550609821251393,0.9522980873441103,0.9547709544961915
414,0.9529107767137862,0.9695546435628515,0.9458124335005319,0.9509651922784618,0.9544459644322847,0.9472868217054263,0.9419364645082839,0.8192582459340325,0.9472564219486242,0.9531995744034047,0.9522115823073416,0.9487916096671227,0.9643106855145159,0.946937224502204,0.952454780361757,0.9559811521507828,0.9480620155038759,0.9421796625626995,0.8220550235598116,0.9482596139230887,0.959796321629427,0.9551451588387294,0.9487460100319198,0.9655114759081928,0.9464964280285757,0.9522875816993465,0.9554491564067488,0.9476364189086487,0.9416780665754674,0.819592643258854,0.9477276181790545,0.9606171150630797,0.9543699650402796,0.9487308101535188,0.9652986776105791,0.94640522875817,0.9523483812129503,0.9553427572579419,0.9473780209758321,0.9411916704666362,0.8194558443532451,0.9475604195166438,0.96140750873993,0.9546131630946953
415,0.9376212072625102,0.9395452532563716,0.9211141142516835,0.9262601737749477,0.9142119810038632,0.9275428711041886,0.9234351856093576,0.7726266281857468,0.9275276008978881,0.9217707331226045,0.911631316139081,0.9351932444607327,0.9330248751660635,0.9214042481713929,0.9240001832424756,0.9166857544245421,0.9259547696489379,0.9201062806358514,0.7795593018461682,0.9262601737749476,0.929214958694092,0.9077068731198558,0.9369798585978896,0.9353764869363385,0.9221372180738162,0.92288545818254,0.9167315650434438,0.9264434162505536,0.9209308717760777,0.7806282162872019,0.9266266587261593,0.9255959198008765,0.9070349840426344,0.9378502603570175,0.9361552674576634,0.9217554629163041,0.9218318139478064,0.9163498098859315,0.9267335501702627,0.9210530334264816,0.7790095744193504,0.9266571991387604,0.9291615129720403,0.9061798524898071
416,0.9571641382665005,0.9557352628218769,0.9400480345362235,0.9602803027999879,0.9401848417596449,0.9400328337336211,0.9413705043626304,0.7837685829811815,0.939546408050345,0.9434834159243608,0.9653117684613748,0.9657525917368436,0.9620587967044661,0.9480284559024716,0.965965402973277,0.951463837290609,0.9480588575076764,0.9482108655337002,0.7902441248897943,0.9478764478764479,0.9551272307177818,0.9632900617152584,0.9658589973550604,0.962347611953911,0.9477548414556288,0.9659958045784818,0.9516310461192352,0.9476636366400146,0.9482868695467122,0.7906697473626607,0.9475268294165932,0.9547852126592284,0.9637460857933299,0.9657525917368437,0.9618535858693339,0.9478764478764478,0.9658741981576627,0.9514182348828017,0.9477700422582312,0.9480132550998693,0.7909889642173107,0.9476484358374122,0.9543823913902654,0.9634572705438847
417,0.9568944552529182,0.9540369649805447,0.9446893239299612,0.9599495379377433,0.9445829280155642,0.9470756322957198,0.942546206225681,0.7599252188715954,0.9469388375486382,0.9484131809338522,0.9529274075875487,0.9582852018482492,0.9511490758754864,0.9485347762645915,0.9590375729571985,0.9504499027237354,0.9508526872568094,0.9467260457198442,0.7669929474708171,0.9507918895914397,0.9539457684824902,0.9541129620622567,0.9594327577821011,0.9515746595330739,0.9484587791828794,0.9573808365758756,0.9501611138132294,0.9506094965953308,0.946604450389105,0.7670689445525293,0.9506854936770427,0.9526538180933852,0.9539457684824902,0.9594327577821011,0.9515746595330739,0.9484587791828794,0.9573808365758756,0.9501611138132294,0.9506094965953308,0.946604450389105,0.7670689445525293,0.9506854936770427,0.9526538180933852,0.9539457684824902
418,0.9492324061407509,0.9325125398996807,0.9384708922328622,0.9441708466332269,0.937361301109591,0.9354765161878705,0.9315245478036176,0.8276333789329685,0.9357653138774891,0.9307949536403709,0.9327709378324972,0.9530095759233926,0.938486092111263,0.9437300501595987,0.9456452348381212,0.940173278613771,0.9416932664538683,0.9356437148502812,0.8255813953488373,0.9420884632922936,0.9333789329685362,0.9313573491412068,0.953093175254598,0.9385240918072655,0.9440948472412222,0.9459492324061407,0.9398844809241527,0.9412372701018391,0.9356133150934792,0.8244718042255662,0.9417388660890713,0.9323149414804681,0.9309469524243806,0.9533819729442164,0.9395044839641283,0.9442924456604347,0.945326037391701,0.9409940720474236,0.9417996656026751,0.9358413132694937,0.8230734154126768,0.9420276637786897,0.9398236814105487,0.9302477580179359
419,0.9565447191837484,0.9517112479700953,0.9398382204246714,0.9543616141189448,0.9395777798204492,0.9396084198915342,0.9381989766216258,0.8059870698900022,0.9397156601403316,0.9425039066090634,0.9538866930171278,0.9559548978153629,0.9541164935502651,0.9453381131844226,0.9572264607653891,0.9457670741796121,0.9451542727579128,0.9427949872843704,0.8134172871281061,0.9451083126512854,0.9495204828875203,0.9548824953273891,0.9560774580997027,0.954530134509912,0.9447099917271807,0.9571039004810491,0.9464258357079389,0.9442350706253638,0.9426264668934031,0.8116708030762632,0.9443423108741612,0.9497349633851151,0.9544688543677422,0.9560314979930753,0.9549284554340166,0.9447559518338083,0.9570273003033366,0.947130557342893,0.944970432331403,0.942718387106658,0.809954959095505,0.944878512118148,0.948080399546527,0.9539939332659252
420,0.9613336385137712,0.9551384756237125,0.9568932631418325,0.9530632486457618,0.9527122911421377,0.9541161211566338,0.9453574425879301,0.7423208972304876,0.9544518196383612,0.9579156176089112,0.943953612573434,0.9626001373311971,0.9591287098496986,0.9575036240177004,0.9588006408789197,0.9541008621347372,0.9549248493171587,0.9463950560769054,0.7561608300907912,0.9551842526894025,0.9565880827038986,0.945418478675517,0.9621118486305028,0.961219195849546,0.9570458533607995,0.9594262607766842,0.9545738918135348,0.9549553673609521,0.9465781643396658,0.755062180514229,0.955214770733196,0.9599145494773784,0.9447318226901656,0.9619897764553291,0.961173418783856,0.9567864499885557,0.9598687724116884,0.9542687113756009,0.9548332951857785,0.9469443808651865,0.7555199511711299,0.9551689936675059,0.9530785076676584,0.9440756847486076
421,0.9724116884107729,0.9717555504692148,0.9681849393453879,0.9721675440604257,0.967177843900206,0.9645838101777675,0.96235599298085,0.8580148012512399,0.9644769970244907,0.9652094300755321,0.9737850003814755,0.9724422064545662,0.9725185015640497,0.9691004806591897,0.9727473868925002,0.9671473258564126,0.9663233386739909,0.9631342030975815,0.8596932936598763,0.9663843747615777,0.9645380331120774,0.973662928206302,0.9724422064545661,0.9727779049362935,0.9695124742504005,0.9727168688487068,0.9677271686884871,0.9666132600900282,0.9633936064698253,0.8592813000686655,0.9668116273746852,0.9620660715648127,0.9733119707026779,0.9727321278706035,0.9728694590676737,0.969436179140917,0.9729304951552605,0.9675135423819333,0.9665064469367514,0.963561455710689,0.8601052872510873,0.9666132600900282,0.9604486152437629,0.9735866330968185
422,0.9517943551464639,0.9561676664987561,0.9337973775396499,0.9582207568194654,0.9370182106821755,0.9382088504220666,0.9376898536123706,0.8028422707636884,0.9379951458533682,0.9359649524507335,0.9504205400619743,0.9504052754499244,0.9546106760696677,0.9399032223596038,0.9548472775564409,0.9408343636946468,0.942803498649082,0.9397963700752545,0.8120468318297689,0.9428187632611318,0.9517103997801896,0.9543282807467448,0.9518554135946635,0.9563126803132299,0.9405138068415992,0.9560837111324816,0.9415212712368916,0.9433072308467281,0.9400711330921524,0.8116804811405719,0.9432003785623788,0.947550792996596,0.9546183083756927,0.9518554135946635,0.9563126803132299,0.9405138068415992,0.9560837111324816,0.9415212712368916,0.9433072308467281,0.9400711330921524,0.8116804811405719,0.9432003785623788,0.947550792996596,0.9546183083756927
423,0.9473270560227082,0.9523555175729087,0.9454728585163368,0.9491812535290796,0.9428479863262472,0.9438323133975309,0.9369725456681979,0.7626932409541105,0.9438933569368351,0.9420162681032245,0.9431532040227693,0.9543852152547805,0.9581851755764799,0.9532253880079967,0.9534848230500405,0.9496696018435149,0.9504936896241243,0.9430311169441604,0.7681108550673769,0.9506920811268638,0.948189296015383,0.9452592061287713,0.954461519678911,0.9583377844247409,0.9529201703114746,0.9538205625162147,0.9500511239641675,0.9506310375875594,0.9432905519862042,0.7695453782410304,0.9508523204175376,0.9494712103407755,0.9458238588673371,0.9545378241030414,0.9580783493826972,0.9528591267721701,0.9535306057045188,0.9497459062676454,0.9503716025455154,0.9432600302165519,0.7688586384238557,0.95043264608482,0.9496848627283411,0.945671250019076
424,0.9326254678786953,0.9429684516079748,0.9184936215720724,0.9329004659689863,0.920754716981132,0.92817966541899,0.9295699335421282,0.8008402719425559,0.9277824459552365,0.9278741119853334,0.93432128943549,0.9350240623329005,0.9455580169582157,0.9265296768772439,0.9357573905736766,0.9266366205790237,0.9345351768390497,0.9332518524176915,0.8104652051027423,0.93442823313727,0.9327171339087923,0.9385379268199526,0.9347185088992438,0.9463448170498816,0.9272935604613857,0.9393934764341914,0.9275685585516769,0.9349476739744863,0.9340310136735162,0.8109235352532274,0.9350546176762661,0.9364448857994041,0.940554579482087,0.9347185088992438,0.9463448170498816,0.9272935604613857,0.9393934764341914,0.9275685585516769,0.9349476739744863,0.9340310136735162,0.8109235352532274,0.9350546176762661,0.9364448857994041,0.940554579482087
425,0.9443554294085332,0.9278291521699323,0.9250900323506073,0.9486357809924922,0.9260361350180065,0.9196423121528414,0.9157053042788256,0.800555453824086,0.9197491301959348,0.9210080571323933,0.9529237624366721,0.9560901544283708,0.9346502472074711,0.9362296282732101,0.9561588231703596,0.9357870963803944,0.9320942440334492,0.9264786669108224,0.8098791430141001,0.9323841787218459,0.9334142098516756,0.9578373924189708,0.9562198620521271,0.9352530061649271,0.9359396935848135,0.9560825245681499,0.9360922907892327,0.931178660806934,0.9262650308246354,0.8094366111212842,0.9315296343770982,0.9333073918085821,0.9579289507416223,0.9561511933101384,0.9350241103582982,0.9361380699505586,0.9564945370200817,0.9362754074345359,0.9311786608069339,0.9262345113837515,0.8090093389489105,0.9313007385704694,0.9367103094671306,0.9582341451504608
426,0.9604417578727237,0.9580223168628168,0.9500999832089269,0.9610599746607441,0.9473065592037979,0.945306895025263,0.9412923020561432,0.8247317244432233,0.9452611011891132,0.9497794263558792,0.9603425378943994,0.9611210331089436,0.9552670543878128,0.9501152478209768,0.9671352902565982,0.9468180916182016,0.9460701256277572,0.9423760895116851,0.8295095480148371,0.9460243317916075,0.9433530246828778,0.9591671627665583,0.9613194730655921,0.9555418174047107,0.9509090076475706,0.967410053273496,0.9479324082978432,0.9464517409290042,0.9426508525285829,0.8299522217642838,0.9463143594205554,0.9450016027842653,0.9589381935858101,0.9611210331089435,0.9562439895590054,0.9507563615270718,0.9672116133168476,0.9477950267893941,0.9461922425241563,0.9425592648562836,0.8299980156004336,0.9460243317916074,0.9448642212758163,0.9589839874219597
427,0.96636962890625,0.967529296875,0.9564666748046875,0.968231201171875,0.9571075439453125,0.9599151611328125,0.959503173828125,0.8326873779296875,0.959625244140625,0.967315673828125,0.9613189697265625,0.96527099609375,0.9669265747070312,0.958526611328125,0.967437744140625,0.959808349609375,0.96136474609375,0.962188720703125,0.82928466796875,0.9609222412109375,0.9626617431640625,0.95623779296875,0.964385986328125,0.9663925170898438,0.956390380859375,0.966766357421875,0.957916259765625,0.9599456787109375,0.9612274169921875,0.8286285400390625,0.9596710205078125,0.9580841064453125,0.9551544189453125,0.964447021484375,0.9668502807617188,0.95672607421875,0.9673004150390625,0.9588165283203125,0.9600677490234375,0.96124267578125,0.828521728515625,0.9597930908203125,0.962371826171875,0.95526123046875
428,0.952374412500763,0.9615378746261368,0.9451260452908503,0.9515198681560153,0.9392205334798266,0.9467740950985778,0.9417078679118599,0.7426905939083197,0.9467893548190197,0.9532060672648477,0.9579899896233901,0.9617744002929866,0.9657724470487701,0.9493987670145883,0.9572880424830617,0.9441646829030093,0.9518708417261795,0.9461026673991333,0.7460477324055423,0.9518555820057376,0.95798998962339,0.9574558994079229,0.9619575169382897,0.9659479338338521,0.9493224684123788,0.9577153146554355,0.9440731245803579,0.9518861014466216,0.9460568882378074,0.7457730574375878,0.9518250625648539,0.958005249343832,0.9585240798388573,0.9619575169382897,0.9659479338338521,0.9493224684123788,0.9577153146554355,0.9440731245803579,0.9518861014466216,0.9460568882378074,0.7457730574375878,0.9518250625648539,0.958005249343832,0.9585240798388573
429,0.9484279609279609,0.950503663003663,0.9276709401709402,0.9444597069597069,0.9252136752136751,0.9379273504273504,0.9338827838827839,0.7562271062271062,0.9373626373626374,0.9426282051282051,0.9296855921855921,0.9496947496947498,0.95018315018315,0.9298076923076923,0.9451312576312576,0.9289529914529914,0.9379884004884004,0.9333943833943834,0.759035409035409,0.9380036630036629,0.95,0.9301129426129425,0.9494276556776556,0.9499542124542124,0.9302808302808303,0.943635531135531,0.9281288156288157,0.9388431013431013,0.9321733821733822,0.7558302808302809,0.9386904761904762,0.9451159951159952,0.9280372405372406,0.9489087301587302,0.9498931623931625,0.9287393162393162,0.9437423687423687,0.9263736263736264,0.9380647130647131,0.9315476190476191,0.7560592185592185,0.938034188034188,0.9427350427350427,0.9276098901098901
430,0.9537794527683303,0.9442044305542789,0.9289150350828814,0.955541256855716,0.9263872292183719,0.9311977203787112,0.9323314030088551,0.8148573704690996,0.9311364402365413,0.9322241627600576,0.9635995955510618,0.9607883690290161,0.9493902625854093,0.9408187026993903,0.9612556301130619,0.9374636149155866,0.9419677053650766,0.9384594172258479,0.8183043784661581,0.9418604651162791,0.9365597328185801,0.9661733615221988,0.9614930906639704,0.9521019088764286,0.940971903054815,0.9614547905751141,0.9382142966571682,0.9421975058982137,0.9379998161595734,0.8190397401721972,0.9423200661825536,0.9387964580077826,0.9670466035481202,0.9611560498820358,0.9513818672059319,0.9400986610288936,0.9613781903974017,0.9368048533872598,0.9416153445475993,0.9370499739559396,0.8170481355516745,0.9416613046542268,0.935257529797469,0.9658363207402642
431,0.9550747863247863,0.9566391941391942,0.9481532356532356,0.9531898656898656,0.9487942612942613,0.9477258852258852,0.9456349206349206,0.7797924297924298,0.9477258852258851,0.9520299145299146,0.9588064713064713,0.9574099511599512,0.9574404761904761,0.9523046398046398,0.9572496947496948,0.9526862026862026,0.9513888888888888,0.9483821733821733,0.7882631257631256,0.9514804639804639,0.9584859584859585,0.9582264957264957,0.9585622710622711,0.9580738705738705,0.9523351648351649,0.9577991452991453,0.9527319902319902,0.9511752136752136,0.9483516483516484,0.7882326007326007,0.9513278388278388,0.9581654456654455,0.9583638583638583,0.9585622710622711,0.9580738705738705,0.9523351648351649,0.9577991452991453,0.9527319902319902,0.9511752136752136,0.9483516483516484,0.7882326007326007,0.9513278388278388,0.9581654456654455,0.9583638583638583
432,0.9512757126289446,0.9387245925654643,0.930614051150583,0.9505127266068485,0.9270432765671732,0.9282793139229689,0.920878349508637,0.7371513153879021,0.9284166514069462,0.9357565769395104,0.9322621009583103,0.9455380577427822,0.9409448818897638,0.9284929500091557,0.9465146798510652,0.9271195751693829,0.9266923029970092,0.9213666605627785,0.7401269608740768,0.9269059390831961,0.9379234572422632,0.9280198986754564,0.9461026673991333,0.9416010498687664,0.9289965207837392,0.9466214978941587,0.9271043154489409,0.9274858084599891,0.9203595190136117,0.7409052066166149,0.9277757431483856,0.9333608008301288,0.9270585362876153,0.9466977964963681,0.9438060794726242,0.9303241164621865,0.9466672770554844,0.9285234694500397,0.928065677836782,0.9212293230788012,0.7408441677348471,0.9281419764389917,0.9344442409815054,0.9273942501373376
433,0.9377403405969603,0.9408380638466702,0.9267991210401025,0.9428065677836783,0.9287981444179942,0.9269517182445218,0.929454312396997,0.8191723127632301,0.9263260697064031,0.923792956113044,0.946758835378136,0.9423335164499786,0.944027345419032,0.9354819019715558,0.9440883843007997,0.9375724836720992,0.9358023561008363,0.9353598242080206,0.8237044497344809,0.9355582005737655,0.939350241103583,0.947552340841116,0.9423182567295367,0.94321858023561,0.9350088506378563,0.9441494231825673,0.9374504059085637,0.935085149240066,0.9355124214124396,0.8237197094549228,0.9348104742721113,0.9363211865958615,0.9483000671427699,0.9418299456753952,0.9430430934505281,0.9343832020997377,0.9439205273759385,0.9368552768113289,0.9344747604223891,0.9353140450466947,0.8223463346151498,0.934291643777086,0.9373359580052493,0.9477354574864189
434,0.9457417582417582,0.940521978021978,0.9431929181929182,0.940552503052503,0.9428571428571428,0.9409188034188034,0.941498778998779,0.797481684981685,0.9407814407814407,0.9378815628815629,0.9437576312576312,0.9487026862026862,0.9432997557997558,0.9472527472527472,0.9423840048840049,0.9469780219780219,0.9456196581196581,0.9455433455433455,0.7998168498168499,0.9455738705738707,0.9430250305250305,0.9416514041514041,0.9487026862026862,0.9440934065934066,0.9481990231990232,0.9430555555555555,0.9469932844932845,0.9465201465201465,0.9461233211233211,0.7979090354090355,0.9464743589743589,0.9414224664224664,0.9412393162393162,0.9493589743589743,0.9444444444444443,0.9485805860805862,0.9434218559218559,0.9471611721611721,0.947008547008547,0.9457875457875458,0.7991147741147742,0.9468406593406593,0.9452380952380952,0.9415445665445665
435,0.9464078618079718,0.9425166330952818,0.941265336019044,0.942852346945004,0.9425929316974913,0.9434322163217971,0.9435390343648905,0.7504577916132578,0.943233839956052,0.9359091741439297,0.942058841482024,0.9475828602819996,0.9348562534334371,0.946529939571507,0.9384422877372888,0.9455075383018984,0.9487731184764695,0.9447292925593604,0.7578129768662638,0.948864676799121,0.9405939083195995,0.9390984557162912,0.9507874015748031,0.9382133919306598,0.9466367576146004,0.9407770249649026,0.9457059146676433,0.9487425990355857,0.9447750717206861,0.7580723921137766,0.9488494170786791,0.942669230299701,0.9393883904046879,0.9507874015748031,0.9382133919306598,0.9466367576146004,0.9407770249649026,0.9457059146676433,0.9487425990355857,0.9447750717206861,0.7580723921137766,0.9488494170786791,0.942669230299701,0.9393883904046879
436,0.9575291053921569,0.9536994485294118,0.9443321078431373,0.9549019607843137,0.9450520833333335,0.9458639705882353,0.9418811274509803,0.7785539215686276,0.9458180147058823,0.9361749387254902,0.9611213235294118,0.9563112745098039,0.9589767156862745,0.9468903186274511,0.9559283088235294,0.9463541666666667,0.9489276960784314,0.9447150735294119,0.7793964460784314,0.9490042892156862,0.946469056372549,0.9594975490196078,0.9563112745098039,0.9589767156862745,0.9468903186274511,0.9559283088235294,0.9463541666666667,0.9489276960784314,0.9447150735294119,0.7793964460784314,0.9490042892156862,0.946469056372549,0.9594975490196078,0.9563112745098039,0.9589767156862745,0.9468903186274511,0.9559283088235294,0.9463541666666667,0.9489276960784314,0.9447150735294119,0.7793964460784314,0.9490042892156862,0.946469056372549,0.9594975490196078
437,0.9435668498168498,0.946504884004884,0.9396062271062271,0.9412698412698413,0.9367216117216117,0.9383089133089133,0.9306318681318683,0.7792277167277167,0.938537851037851,0.9366605616605618,0.9447954822954823,0.9536172161172161,0.9509920634920634,0.9455738705738707,0.9512820512820513,0.9425976800976801,0.9440628815628815,0.935454822954823,0.7825244200244199,0.9442765567765568,0.9383547008547009,0.943009768009768,0.9556776556776556,0.9523504273504273,0.9456196581196581,0.9529761904761905,0.9424297924297924,0.9439407814407815,0.9352869352869352,0.7819444444444444,0.9442460317460317,0.9380799755799756,0.9432387057387057,0.9556776556776556,0.9523504273504273,0.9456196581196581,0.9529761904761905,0.9424297924297924,0.9439407814407815,0.9352869352869352,0.7819444444444444,0.9442460317460317,0.9380799755799756,0.9432387057387057
438,0.9508430609597925,0.9436484321355002,0.9310444800488289,0.9525444419012742,0.9259479667353323,0.9331349660486762,0.9337758449683375,0.7648279545281148,0.9327687495231556,0.9317616540779735,0.945159075303273,0.9512474250400549,0.9440451667048142,0.9330586709391928,0.9529564354924849,0.9311512932021057,0.9355764095521478,0.9370412756542305,0.7668116273746852,0.9355992980849928,0.9379568169680323,0.9383535515373465,0.9514152742809185,0.9428549629968719,0.933501182574197,0.9529716945143816,0.9329365987640192,0.9355153734645609,0.9365835049973298,0.7674067292286565,0.9355458915083543,0.9304493781948577,0.9383993286030365,0.9511558709086748,0.9432822156099795,0.9333180743114367,0.9524834058136873,0.9324330510414283,0.9354848554207675,0.9366292820630197,0.7681239032578012,0.9353627832455939,0.9376516365300984,0.9384298466468299
439,0.9342095220649967,0.9444597090564943,0.9363465677519807,0.9301338706476775,0.9361786570194318,0.9421013264947872,0.9399795454198531,0.8112836012272746,0.9420860618827371,0.9445894582589184,0.9425592648562837,0.9372624444749736,0.9483140235990902,0.9422692372273359,0.939857428523454,0.94171971119354,0.9463906824808047,0.9410785974874447,0.8163972462639861,0.9465585932133534,0.9451237196806643,0.9449252797240159,0.9375677367159714,0.9487719619605868,0.9423302956755353,0.9402237792126513,0.941841828089939,0.9464364763169545,0.9411091267115446,0.816687273892934,0.9466501808856529,0.9459632733434079,0.9453374242493626,0.9375677367159714,0.9487719619605868,0.9423302956755353,0.9402237792126513,0.941841828089939,0.9464364763169545,0.9411091267115446,0.816687273892934,0.9466501808856529,0.9459632733434079,0.9453374242493626
440,0.9458716856711087,0.9541069438720216,0.9567706186747263,0.9452916304132132,0.9596708949642045,0.9557478896673841,0.9485887866159881,0.8210376883271512,0.9559921234601823,0.9532902871273526,0.9540687823418968,0.9531605379249286,0.9542519576864954,0.9598235410847032,0.9510463891560197,0.962372731297034,0.9587855474653111,0.9501610416571263,0.8223504449634413,0.959212956602708,0.9551830990215384,0.956160034192731,0.9531452733128787,0.9539771946695975,0.9592434858268077,0.9510463891560196,0.9612736792294423,0.9582054922074155,0.9500236601486772,0.8221367403947428,0.9587855474653111,0.9534505655538764,0.9564042679855292,0.9530231564164797,0.9540229885057472,0.9592434858268077,0.9510921829921692,0.9619147929355376,0.9581139045351162,0.9498404848040788,0.8227473248767384,0.9584191967761139,0.952053853551312,0.9561295049686312
441,0.9303232230392157,0.93359375,0.9228247549019608,0.9307444852941176,0.9201899509803922,0.9246323529411764,0.9190257352941177,0.7638939950980392,0.924908088235294,0.922640931372549,0.9310202205882353,0.9316099877450981,0.9294960171568627,0.9285845588235295,0.9318167892156862,0.9274662990196079,0.9314644607843138,0.922564338235294,0.7736672794117647,0.9317708333333335,0.9286611519607844,0.9276501225490197,0.9320389093137256,0.9308210784313726,0.9273590686274509,0.9328890931372549,0.9254289215686275,0.9305147058823529,0.9217524509803922,0.7727941176470587,0.9308210784313726,0.926639093137255,0.9279718137254902,0.9317555147058824,0.9308210784313726,0.9262254901960785,0.9325520833333333,0.9240349264705882,0.9291819852941177,0.9210631127450981,0.7752297794117645,0.9293811274509804,0.926593137254902,0.9282628676470589
442,0.9497709923664123,0.9500534351145038,0.9490992366412213,0.942763358778626,0.947114503816794,0.9436946564885496,0.9399083969465649,0.769709923664122,0.9435114503816793,0.9367022900763359,0.9426106870229006,0.9504732824427481,0.9537786259541984,0.9512824427480915,0.9414503816793893,0.9501526717557252,0.9447175572519084,0.9405038167938932,0.7747328244274809,0.9448854961832062,0.944,0.9431450381679389,0.9507633587786259,0.9533969465648855,0.9521679389312977,0.9405190839694656,0.9500152671755725,0.9451145038167938,0.9412213740458016,0.7745648854961832,0.9453435114503818,0.9428854961832062,0.9428549618320611,0.9505038167938931,0.9534274809160306,0.9527022900763358,0.9409160305343511,0.9502137404580151,0.9454045801526718,0.9413893129770993,0.7745190839694657,0.945648854961832,0.9338625954198472,0.9434045801526717
443,0.9502990905206616,0.9589360922907892,0.947125068668742,0.9460568882378074,0.9483611060245376,0.9455533174632241,0.9391289751571752,0.7376091070011598,0.9457822132698529,0.9515046084355735,0.9505890252090581,0.9495055850576818,0.9603781358725507,0.9522218152963439,0.9499328572300555,0.9493529878532625,0.9504059085637551,0.9443020203869865,0.74182078984313,0.9504974668864067,0.9541445400720259,0.952954281877556,0.9500625648538119,0.9597448574742111,0.9517335042422023,0.9502838308002197,0.9498718183482878,0.9503448696819874,0.9447292925593603,0.7423701397790392,0.9505279863272905,0.9609808948300067,0.952542269425624,0.9499710065311603,0.95957700054935,0.9521149972532503,0.9499481169504975,0.9498718183482878,0.9504059085637552,0.9443325398278705,0.7416376731978269,0.9505737654886162,0.9586308978819509,0.9524812305438565
444,0.9359042837303707,0.9309673874891267,0.9296015382971906,0.9356143269186747,0.9262288827506219,0.9288079722862332,0.9248554031162729,0.7830512613121309,0.9290216246737986,0.9201092679353549,0.934469760556717,0.9403070490027011,0.9417034199642895,0.934881804447022,0.9377355899095029,0.9326842370320632,0.9329131503044547,0.9276939276939276,0.7917499656630091,0.9329589329589328,0.9259999694782305,0.9379797640667205,0.9415202893463763,0.9411540281105498,0.9356295878035009,0.9385749385749386,0.9330962809223678,0.932836845880324,0.9281975368931892,0.7928792711401407,0.9330199764982372,0.9314328444763228,0.9388648953866345,0.9414287240374197,0.9422070291635508,0.935644848688327,0.9385444168052863,0.9331725853464984,0.9326537152624108,0.9278312756573627,0.7928487493704885,0.932821584995498,0.9307003220046698,0.938956460695591
445,0.9481322102179088,0.9396096563510957,0.9365195629616065,0.9449734480864311,0.9379539766831471,0.9300341817737899,0.9239608130379052,0.7867759262650308,0.9298815845693708,0.9382439113715437,0.9446529939571509,0.9507568821339193,0.9460874076786914,0.9436916315693097,0.9478727949703962,0.9420435817615822,0.9393883904046878,0.9294543123969968,0.7933376060550571,0.9399987792223647,0.9433177684184826,0.9464994201306233,0.9507111029725935,0.9463315632057622,0.9433711774400293,0.9480253921748154,0.9415705304278825,0.9386101446621498,0.9284929500091558,0.7925593603125191,0.9391594945980589,0.947315815174266,0.9463315632057621,0.9504211682841971,0.9462400048831104,0.9429439052676555,0.9482542879814442,0.9409296221693219,0.9381828724897759,0.9283098333638528,0.7930018922053348,0.9387932613074528,0.9434932552035648,0.9472013672709515
446,0.9459866220735785,0.9343569474004256,0.9283976892672543,0.9451505016722408,0.9341441167528125,0.9243083003952569,0.9269382791121922,0.7685922772879294,0.9239890544238369,0.9223624201885071,0.914898145332928,0.9491334752204318,0.9360595925813316,0.9328367284889024,0.9447552447552447,0.9353450896929159,0.931179689875342,0.9295530556400121,0.7811644876862267,0.93137731833384,0.9354895104895105,0.9148069321982367,0.9488066281544542,0.9366220735785954,0.931498935846762,0.9432806324110672,0.9346457889936151,0.9302523563393128,0.929735481909395,0.7812404986318029,0.9300851322590453,0.9302675585284281,0.9148373365764669,0.9475676497415628,0.9374505928853755,0.9301915475828519,0.9412891456369719,0.933596837944664,0.9291882031012467,0.9294010337488597,0.7782456673761022,0.9290513833992095,0.9277287929461843,0.9119337184554576
447,0.9496077710363424,0.9499218606361463,0.9367071152785439,0.9554912054912055,0.9336734693877551,0.9405834405834406,0.9379634736777595,0.7988294416865844,0.9403689403689404,0.932248575105718,0.9592296378010664,0.9532083103511675,0.9506955935527364,0.9418857633143347,0.9604553533124961,0.9380860452289023,0.9464668750383036,0.9448887663173376,0.8044064472635901,0.9464362321505179,0.9480909480909481,0.9592449592449591,0.9526643990929705,0.9509254152111294,0.9417019059876203,0.9604553533124961,0.9384537598823314,0.9467273395844824,0.9449653735368021,0.8042072684929829,0.9464362321505178,0.9515535944107373,0.9602408530979959,0.9526643990929705,0.9509254152111294,0.9417019059876203,0.9604553533124961,0.9384537598823314,0.9467273395844824,0.9449653735368021,0.8042072684929829,0.9464362321505178,0.9515535944107373,0.9602408530979959
448,0.9343781952477606,0.9333404550795855,0.913714957193218,0.9344850214415432,0.9216506173027912,0.9161566987653944,0.9166450470798297,0.7485921833747922,0.9155462633723503,0.9268087963740138,0.9317685839424971,0.9387275474231996,0.9394982221069177,0.9204297465167032,0.9410624628015932,0.9242297068384026,0.9242297068384024,0.9241839241839241,0.760663543272239,0.9237413585239672,0.92564896912723,0.939826331130679,0.9387275474231996,0.9394982221069177,0.9204297465167032,0.9410624628015932,0.9242297068384026,0.9242297068384024,0.9241839241839241,0.760663543272239,0.9237413585239672,0.92564896912723,0.939826331130679,0.9387275474231996,0.9394982221069177,0.9204297465167032,0.9410624628015932,0.9242297068384026,0.9242297068384024,0.9241839241839241,0.760663543272239,0.9237413585239672,0.92564896912723,0.939826331130679
449,0.9331268026920201,0.9314633662459749,0.9266256657561005,0.9316312359790622,0.9217727043814001,0.9200634852808766,0.9178811787507442,0.7879957879957881,0.9201703114746592,0.9225815312771833,0.9435194652585959,0.9347215651563479,0.9339508904726296,0.9336304118912815,0.9351107177194133,0.9298304515695821,0.9272513620339706,0.9236497932150105,0.7874158743723961,0.9271903184946663,0.9381628946846338,0.9439315091489004,0.9351336090466525,0.9333099333099333,0.9343629343629344,0.9347597173684131,0.9306240175805394,0.9281364933538847,0.9241076197597937,0.7866986127855693,0.9282280586628413,0.9349733697559784,0.9437941611854654,0.9347978695804784,0.9334930639278465,0.9337524989698902,0.9346681520594565,0.9304714087322784,0.9276634059242754,0.923542967021228,0.7855387855387855,0.9278617974270149,0.9347597173684129,0.9438857264944222
450,0.9541451054021463,0.9587550182412115,0.9547556898841416,0.9522980873441101,0.952969730274305,0.9552746866938376,0.951397475233167,0.8076506235594023,0.9552441574697379,0.9539924592816473,0.9414144189525424,0.9509929630138451,0.9556028758529103,0.9569690586313749,0.9554578620384363,0.9550304529010395,0.9566790310024271,0.952465998076659,0.8106730167452794,0.956816412510876,0.9662957365938545,0.9440399322251225,0.9509013753415457,0.9554807589565112,0.9566637663903772,0.9553815389781869,0.9549541298407901,0.9564805910457785,0.951916472042863,0.8104287829524812,0.9564195325975791,0.9642044847430203,0.9428798217093314,0.9509166399535955,0.9554654943444613,0.9566027079421776,0.955091511349239,0.9549999236769398,0.9562821510891301,0.9516875028621148,0.8089786448077423,0.9563890033734793,0.9636244294851246,0.9430324678298301
451,0.9510867913056694,0.9480772153822768,0.9255965952272383,0.9528347773217813,0.9261589907280742,0.9337589299285607,0.9345645234838121,0.8056087551299589,0.9334245326037393,0.9350813193494452,0.9517251861985103,0.9528955768353853,0.9507295941632466,0.9365253077975375,0.9550083599331205,0.9370725034199726,0.9423164614683082,0.940173278613771,0.8063839489284085,0.9421188630490958,0.9438060495516034,0.9478036175710594,0.9531235750114,0.9512539899680803,0.936266909864721,0.9551147590819273,0.9369813041495668,0.9423620611035112,0.9402796777625778,0.8074783401732786,0.9421340629274965,0.939702082383341,0.9477428180574554,0.9537315701474388,0.9506003951968384,0.9369509043927647,0.9556619547043624,0.9371485028119775,0.9424532603739171,0.9400668794649644,0.8066423468612252,0.9421644626842985,0.9391396868825049,0.9483508131934943
452,0.9549477378500038,0.9576867322804608,0.9457236591134508,0.9496147096971084,0.9439993896391241,0.9436484321355001,0.9332112611581598,0.7683680476081484,0.9438620584420537,0.9445944914930953,0.9477531090257114,0.949431601434348,0.9544823376821545,0.9485618371862363,0.952452887769894,0.9472495613031204,0.9458609903105211,0.9366445410849165,0.7805294880598155,0.9457694361791408,0.9493400473029678,0.952956435492485,0.9463874265659571,0.9536888685435264,0.9479819943541619,0.9501792935072861,0.9467002365148394,0.9457236591134507,0.9366750591287099,0.7802548256656747,0.945662623025864,0.9497520408941788,0.9534447241931792,0.9463874265659571,0.9536888685435264,0.9479819943541619,0.9501792935072861,0.9467002365148394,0.9457236591134507,0.9366750591287099,0.7802548256656747,0.945662623025864,0.9497520408941788,0.9534447241931792
453,0.9556060860408686,0.9434050086224,0.9340577166664122,0.9533932577410839,0.9329894547285852,0.9322721931417585,0.9264120133685352,0.7603278038060647,0.9321653669479756,0.9465563813389901,0.9519434736826041,0.9569032612510874,0.9436873349916829,0.9443740748088574,0.9536526927831276,0.942527507744899,0.9402536359058098,0.9329741938437591,0.7661574618096357,0.940284157675462,0.9548583026843895,0.9542173455216933,0.9582920017702627,0.9448166404688143,0.9460222503700766,0.9542478672913456,0.9436873349916828,0.9406504189112885,0.9339814122422819,0.7661422009248096,0.940864071298854,0.9507073420116897,0.9551940421505639,0.9580325667282189,0.9443588139240312,0.9462816854121202,0.9539426495948234,0.9436568132220305,0.9406656797961146,0.9340119340119339,0.7650434172173303,0.9407725059898971,0.9530117356204313,0.9545836067575199
454,0.9499740600585938,0.9533309936523438,0.9281005859375,0.9445648193359375,0.934478759765625,0.92877197265625,0.927886962890625,0.8218231201171875,0.928558349609375,0.9465179443359375,0.9492950439453125,0.9493560791015625,0.9573745727539062,0.934356689453125,0.9463348388671875,0.93328857421875,0.9344329833984375,0.9303741455078125,0.8286590576171875,0.934539794921875,0.9478302001953125,0.9493255615234375,0.9491195678710938,0.9568557739257812,0.933868408203125,0.9465789794921875,0.9323577880859375,0.93389892578125,0.930419921875,0.830841064453125,0.9340362548828125,0.950958251953125,0.949615478515625,0.9489974975585938,0.9570465087890625,0.9344024658203125,0.946990966796875,0.9337005615234375,0.9345245361328125,0.930877685546875,0.83148193359375,0.9344940185546875,0.949981689453125,0.9498138427734375
455,0.9450113378684807,0.9468499111356254,0.9324324324324325,0.9420389777532635,0.931528467242753,0.935236256664828,0.9302721088435374,0.772338665195808,0.935006435006435,0.9266868909726053,0.9423607280750137,0.9460225531654103,0.9440767297910154,0.9371514371514371,0.9470950542379113,0.9381166881166881,0.936201507630079,0.9302414659557516,0.775571489857204,0.9364772936201509,0.9400701722130292,0.9460072317215173,0.9470184470184471,0.9441073726788013,0.9365998651712938,0.9458540172825888,0.9374425445854017,0.9357878286449716,0.9298124655267512,0.7754948826377398,0.9357571857571858,0.9427744070601214,0.9441073726788012,0.9470184470184471,0.9441073726788013,0.9365998651712938,0.9458540172825888,0.9374425445854017,0.9357878286449716,0.9298124655267512,0.7754948826377398,0.9357571857571858,0.9427744070601214,0.9441073726788012
456,0.9403229760372617,0.9372357050928479,0.9289697861126431,0.9298737513023229,0.9280964638107495,0.9262732119874977,0.9193172764601335,0.7291628363056936,0.9263498192069621,0.9244193172764601,0.9362627934056506,0.9445133909419625,0.9381626524483668,0.9337807194950053,0.9363700435129005,0.9329380400808971,0.9326469326469327,0.9266562480848194,0.7399644542501684,0.9327848256419686,0.9311990561990562,0.9415640129925844,0.9436553900839614,0.9376264019121162,0.9339339339339339,0.9344855059140773,0.9332291475148617,0.9325396825396824,0.9260587117729975,0.7361494147208434,0.9325243610957896,0.9322868787154501,0.9409205123490837,0.9452258380829808,0.9376110804682234,0.9336121836121837,0.9345314702457559,0.9331678617392903,0.9322179322179321,0.9256143899001041,0.7365018079303793,0.9324477538763253,0.9316816816816815,0.9408592265735122
457,0.9484050963936022,0.9516055464331327,0.9431216931216931,0.9420878185246002,0.9417381256461717,0.9435778142674693,0.9429392446633825,0.8391716839992702,0.9435017940765068,0.9446116888645625,0.9430608769689232,0.9455239311561151,0.9531411542905796,0.9451742382776864,0.9469531107462141,0.943228121389041,0.9475308641975309,0.9440491394514383,0.8441586085264247,0.9475004561211459,0.9468770905552515,0.9474092318919906,0.9455087271179226,0.9533540108252752,0.9449157696284134,0.9468162744024813,0.943562610229277,0.9470899470899471,0.94376026272578,0.8436872833424558,0.9471355592045247,0.95242656449553,0.9473028036246427,0.9454631150033448,0.9533236027488902,0.9449005655902207,0.9469227026698291,0.9434561819619292,0.9471507632427172,0.9438058748403576,0.843079121814754,0.9469835188225992,0.95326278659612,0.9467098461351334
458,0.9542839703974975,0.9597619592584116,0.948226138704509,0.9520561532005798,0.9441062027924011,0.9465934233615625,0.9396505683985656,0.8053559166857404,0.9469443808651864,0.9480125123979553,0.9516746776531624,0.9516746776531625,0.956725413900969,0.9509575036240177,0.9508201724269475,0.9476920729381247,0.9479056992446784,0.9399252307927062,0.8105134660868238,0.9481345845731288,0.949782558937972,0.9494163424124513,0.9520103761348898,0.9563591973754482,0.9509727626459143,0.9508659494926375,0.9475700007629511,0.9483176928358893,0.9402151522087434,0.8109407186999315,0.9483024338139926,0.9470817120622569,0.9500267032883192,0.9514305333028152,0.9566338597695888,0.951140611886778,0.9505149919890136,0.9470664530403601,0.9480582894636455,0.9402304112306401,0.8099641412985428,0.9482871747920959,0.9451285572594796,0.9490501258869306
459,0.9542148508825321,0.9472230675593427,0.9410529519172246,0.9498782714546561,0.9391509433962264,0.9399878271454656,0.9327297626293365,0.7710438222763238,0.9402160681679854,0.9424528301886793,0.9339318320146075,0.946956786366403,0.9466068167985392,0.9468046256847231,0.9383901399878272,0.9450852099817408,0.944826536822885,0.9384510042604991,0.7825015216068169,0.9450547778454048,0.9466828971393791,0.9319993913572733,0.9463937918441875,0.9461199026171637,0.946911138161899,0.9398965307364577,0.9453590992087645,0.9451308581862448,0.9384053560559952,0.7825015216068167,0.9452982349360926,0.947915398660986,0.9327601947656725,0.9463937918441875,0.9461199026171637,0.946911138161899,0.9398965307364577,0.9453590992087645,0.9451308581862448,0.9384053560559952,0.7825015216068167,0.9452982349360926,0.947915398660986,0.9327601947656725
460,0.9267938931297711,0.928442748091603,0.9113435114503816,0.9216793893129771,0.914412213740458,0.9168549618320612,0.9146412213740458,0.7898625954198474,0.9170534351145039,0.9285343511450381,0.9248091603053434,0.918412213740458,0.928702290076336,0.9130076335877861,0.9243664122137405,0.9121526717557252,0.9192824427480916,0.917740458015267,0.795618320610687,0.9194961832061068,0.9236030534351144,0.9246870229007633,0.9192519083969466,0.9299236641221373,0.9131908396946564,0.9247175572519084,0.9111908396946564,0.9185801526717557,0.9173282442748091,0.7994198473282441,0.9183664122137405,0.9224274809160304,0.9256335877862596,0.9196335877862595,0.9304274809160304,0.9133282442748092,0.9248091603053435,0.9114503816793893,0.9188854961832061,0.9174045801526717,0.7980000000000002,0.918824427480916,0.9228091603053437,0.9254045801526716
461,0.9522130647130648,0.9620115995115995,0.9452838827838828,0.9464133089133089,0.9455128205128204,0.9478785103785103,0.9430250305250305,0.7848748473748474,0.9478632478632478,0.9551892551892552,0.9309676434676435,0.9543650793650794,0.9561431623931624,0.9452991452991453,0.9512820512820513,0.9453601953601953,0.9480616605616605,0.9425976800976801,0.7896825396825397,0.9478174603174603,0.950564713064713,0.9293956043956044,0.9541819291819292,0.9538766788766789,0.9458180708180709,0.951007326007326,0.9455738705738705,0.948519536019536,0.9426892551892552,0.7873015873015874,0.9486111111111111,0.9504578754578754,0.9290140415140415,0.9539987789987789,0.952785409035409,0.944520757020757,0.9506715506715507,0.9442002442002442,0.9473290598290598,0.9412087912087912,0.7857295482295482,0.9474664224664224,0.9499542124542125,0.9278693528693528
462,0.9472495613031204,0.9588158999008163,0.9465018692301822,0.9463492790112152,0.9459678034637979,0.9436179140917067,0.9412985427634089,0.8269474326695658,0.9433127336537727,0.9537193865873197,0.9526359960326543,0.950896467536431,0.9599908445868619,0.9515220874341955,0.9542381933318074,0.9452048523689631,0.9504386968795301,0.944960708018616,0.830060273136492,0.9505149919890135,0.9558251316090638,0.9552605477988861,0.9508659494926376,0.9589532310978865,0.9507896543831541,0.9540550850690471,0.944960708018616,0.9491721980621042,0.9444113832303349,0.8304722667277028,0.9491874570840009,0.9537193865873197,0.955214770733196,0.9508964675364309,0.9589074540321965,0.9504844739452202,0.9540703440909438,0.9447623407339589,0.9489127946898603,0.9440146486610208,0.8300450141145953,0.9489738307774471,0.9534142061493859,0.9558098725871671
463,0.9543984130617228,0.9546807049668117,0.9396047913328756,0.9522240024414435,0.939635309376669,0.9402609292744335,0.9305561913481345,0.7916838330663005,0.9404745555809872,0.9403677424277104,0.9484702830548563,0.9564354924849318,0.949782558937972,0.9405966277561608,0.9565117875944152,0.9380025940337224,0.9415732051575494,0.9328603036545358,0.8015869382772565,0.9416800183108263,0.9495689326314183,0.9513542381933318,0.9563286793316549,0.9475547417410544,0.9400625619897764,0.9563134203097582,0.9373159380483711,0.9410238803692683,0.9326314183260853,0.8020294499122607,0.9410238803692684,0.9554436560616465,0.9512779430838483,0.9561303120469978,0.9461890592813,0.939986266880293,0.956221866178378,0.9374837872892348,0.9406576638437476,0.9329823758297093,0.8021362630655374,0.9409170672159914,0.9489890897993439,0.951445792324712
464,0.9523576089953736,0.9417031771806734,0.9373755323386133,0.945004442538068,0.937835105242195,0.9409142436961917,0.9380495725971997,0.8082508655289685,0.940699776341187,0.9412129660835197,0.938738931952572,0.9573822727411992,0.9500137871871075,0.9454640154416496,0.9485737920892184,0.9451116762155704,0.9457091209902263,0.9402861607279634,0.8202763565060205,0.9456631636998682,0.9427525353105181,0.9401942461472472,0.9593277980330279,0.951040166671773,0.9467967768620361,0.9487269830570789,0.946766138668464,0.9464444376359569,0.9410827537608383,0.8203223137963785,0.9465823095070315,0.9456248659579032,0.942997640859095,0.9581788657740741,0.9508563375103404,0.945555930022366,0.9482367719599253,0.9452801862802169,0.9457703973773706,0.9403014798247495,0.8191580624406386,0.9457244400870125,0.9429516835687368,0.9437635956983977
465,0.9432719892571569,0.9445003967527315,0.937206250381493,0.9448666300433376,0.938778001587011,0.9391900140389429,0.9418452053958372,0.8436183849111885,0.938594884941708,0.931956906549472,0.9534883720930233,0.9536714887383264,0.9521455166941342,0.9472929255936031,0.9614692058841482,0.9469877311847646,0.9474760422389062,0.949475065616798,0.8530336324238539,0.9471250686687419,0.9473844839162546,0.9536714887383263,0.9532594762863945,0.9524659708234144,0.94750656167979,0.9615760239272416,0.947292925593603,0.9477201977659768,0.9497192211438685,0.8533235671122504,0.9473539644753709,0.9481322102179087,0.9538088262223036,0.9532594762863945,0.9524659708234144,0.94750656167979,0.9615760239272416,0.947292925593603,0.9477201977659768,0.9497192211438685,0.8533235671122504,0.9473539644753709,0.9481322102179087,0.9538088262223036
466,0.9479262039919429,0.936199108832326,0.9394799487273394,0.9461179271195752,0.9407007263626931,0.9365043032411646,0.9296069096014161,0.7335805408044925,0.9364737838002808,0.9365348226820485,0.9369163156930966,0.9457364341085271,0.9343755722395166,0.940899102728438,0.946926692302997,0.9426081914179332,0.937221510101935,0.9293627540743453,0.7326649575779772,0.9375724836720992,0.9439815662577061,0.9371757309406092,0.9458432521516207,0.9346273576268083,0.9410822193737411,0.9469724714643228,0.9421809192455595,0.9376793017151926,0.9304614539461636,0.7326649575779772,0.9380607947262406,0.9426692302997011,0.9369926142953062,0.9453854605383629,0.9343374229384116,0.9402124153085516,0.9467130562168102,0.940929622169322,0.9369468351339804,0.9295458707196484,0.7345419031923335,0.9373283281450284,0.9372825489837027,0.9359854727461394
467,0.9652246890974289,0.9616617074845503,0.9602349889372092,0.9665522240024413,0.9594567788204776,0.9599145494773785,0.9520256351567865,0.745815213244831,0.9599298084992751,0.9561455710688944,0.9716792553597313,0.9692378118562599,0.9644007019150072,0.9638971541924163,0.9699244678416113,0.9632867933165484,0.9635919737544824,0.9561455710688944,0.745708400091554,0.9640802624551766,0.9611200122072174,0.9730830853742275,0.9692378118562599,0.9644007019150072,0.9638971541924163,0.9699244678416113,0.9632867933165484,0.9635919737544824,0.9561455710688944,0.745708400091554,0.9640802624551766,0.9611200122072174,0.9730830853742275,0.9692378118562599,0.9644007019150072,0.9638971541924163,0.9699244678416113,0.9632867933165484,0.9635919737544824,0.9561455710688944,0.745708400091554,0.9640802624551766,0.9611200122072174,0.9730830853742275
468,0.9516114264786669,0.9438594884941709,0.9395562473295489,0.9571964841604101,0.9361685893914424,0.9388543001892204,0.937190990661051,0.7900109869987182,0.938762741866569,0.9323841787218459,0.9373588475859123,0.9508637001770127,0.9476896783250932,0.940319233351645,0.9566013550631752,0.9384728071781725,0.9414331929439053,0.9420283220411402,0.7993346761887322,0.9411585179759507,0.9495437343587866,0.9373283281450284,0.9506805835317098,0.9479796130134895,0.940365012512971,0.9553500579869377,0.9365806018433742,0.940929622169322,0.9407922846853446,0.7961759140572545,0.9407770249649027,0.9355276811328818,0.9362143685527682,0.9501007141549167,0.948879936519563,0.9397546236952941,0.9536867484587682,0.937206250381493,0.9410822193737411,0.9410364402124154,0.7966184459500701,0.9411585179759507,0.9392205334798267,0.937190990661051
469,0.9286935286935286,0.9308760683760684,0.9216117216117217,0.9324481074481075,0.9209706959706959,0.92506105006105,0.9232142857142858,0.7709249084249084,0.9249999999999999,0.9243894993894994,0.9405677655677656,0.9324099511599512,0.9310134310134309,0.9302503052503053,0.9377747252747253,0.929945054945055,0.9304029304029304,0.9281898656898657,0.7686965811965811,0.9305402930402931,0.9318681318681319,0.9448717948717948,0.9346001221001221,0.9311126373626374,0.9307081807081807,0.9394078144078144,0.9304639804639806,0.9302808302808303,0.9281898656898657,0.7692918192918193,0.9302350427350426,0.9251221001221002,0.9451923076923078,0.9350656288156288,0.9314484126984126,0.9313797313797313,0.9396978021978022,0.9308302808302809,0.9309676434676435,0.9286935286935287,0.7692612942612944,0.9308302808302809,0.928998778998779,0.9455433455433456
470,0.9338248707813925,0.9305107935542718,0.9226816661599271,0.9383399209486165,0.9167224080267558,0.9234113712374582,0.9269686834904226,0.7479020979020978,0.9231681362116143,0.9178321678321678,0.9428853754940711,0.9368729096989966,0.9315597446032229,0.9239434478564914,0.9407570690179385,0.9242778960170266,0.9258893280632411,0.9256308908482821,0.7535117056856186,0.9254788689571298,0.9255244755244756,0.9419124353906964,0.9377394344785651,0.9326467011249621,0.9246275463666768,0.9407874733961691,0.9239586500456065,0.9267862572210399,0.9261933718455457,0.7534813013073882,0.9264062024931591,0.9286865308604438,0.9413803587716632,0.9365232593493463,0.9322134387351779,0.9214502888415932,0.9407266646397082,0.9215871085436302,0.9245363332319854,0.9244755244755245,0.7538765582243844,0.9244603222864093,0.9257981149285498,0.9411675281240499
471,0.9657099236641221,0.961145038167939,0.9558320610687023,0.9647022900763358,0.953206106870229,0.9574656488549619,0.9531603053435115,0.7979541984732825,0.9571908396946563,0.9537404580152672,0.9598015267175573,0.9664885496183206,0.9650229007633587,0.9570687022900763,0.9649618320610688,0.9545954198473282,0.9591603053435115,0.9570229007633589,0.8054198473282442,0.9588091603053436,0.9574198473282444,0.9617099236641222,0.9662519083969465,0.9653740458015266,0.9565038167938933,0.9641374045801527,0.9545038167938931,0.9589160305343511,0.9576030534351145,0.8053435114503817,0.9586717557251908,0.9598931297709923,0.960854961832061,0.9646259541984733,0.9661221374045801,0.9569007633587787,0.9638320610687022,0.9544885496183206,0.9589465648854962,0.9573435114503817,0.8044274809160304,0.9586106870229006,0.9531603053435115,0.9592213740458015
472,0.9367400291828794,0.9482915856031129,0.9378647859922179,0.9292315175097275,0.9379103842412451,0.9335329523346303,0.9307666585603113,0.736882903696498,0.9336241488326849,0.9409806663424125,0.925887645914397,0.9350224951361868,0.9478964007782101,0.9394607247081712,0.9320586089494164,0.9393999270428016,0.9377279912451363,0.9326665856031129,0.7453185797665369,0.9378343871595332,0.9446589250972762,0.9236381322957199,0.9344829158560313,0.9476988083657588,0.9395063229571984,0.9316026264591439,0.9393695282101167,0.9372416099221792,0.9314962305447471,0.742293895914397,0.9375607976653697,0.9409046692607004,0.923349343385214,0.9343765199416343,0.9473720209143969,0.9391719357976653,0.9314658317120623,0.9388527480544747,0.9369984192607005,0.9312226410505836,0.7423242947470817,0.9371504134241245,0.9411782587548637,0.9233493433852139
473,0.9626312255859375,0.964813232421875,0.9565887451171875,0.970458984375,0.950958251953125,0.9563140869140625,0.9549407958984375,0.8101654052734375,0.956390380859375,0.95263671875,0.967254638671875,0.9606170654296875,0.958831787109375,0.9549407958984375,0.9669342041015625,0.9500579833984375,0.9550628662109375,0.95306396484375,0.8179931640625,0.95501708984375,0.9580307006835938,0.96624755859375,0.9606170654296875,0.958831787109375,0.9549407958984375,0.9669342041015625,0.9500579833984375,0.9550628662109375,0.95306396484375,0.8179931640625,0.95501708984375,0.9580307006835938,0.96624755859375,0.9606170654296875,0.958831787109375,0.9549407958984375,0.9669342041015625,0.9500579833984375,0.9550628662109375,0.95306396484375,0.8179931640625,0.95501708984375,0.9580307006835938,0.96624755859375
474,0.947338704754929,0.9483153268632118,0.9446682536775927,0.94480559116157,0.9394799487273393,0.9456296160654336,0.9395715070499909,0.825611914789721,0.9458432521516206,0.9400903375450161,0.9402887139107611,0.9605307330769701,0.9621177440029298,0.9474607825184642,0.9515809070377831,0.9432643593969359,0.9501617530366843,0.9441189037416835,0.8340963193554294,0.9501312335958005,0.9510620765427578,0.9458127327107367,0.9605307330769701,0.9621177440029298,0.9474607825184642,0.9515809070377831,0.9432643593969359,0.9501617530366843,0.9441189037416835,0.8340963193554294,0.9501312335958005,0.9510620765427578,0.9458127327107367,0.9605307330769701,0.9621177440029298,0.9474607825184642,0.9515809070377831,0.9432643593969359,0.9501617530366843,0.9441189037416835,0.8340963193554294,0.9501312335958005,0.9510620765427578,0.9458127327107367
475,0.9514682636186771,0.949515138618677,0.9435493677042802,0.9559216926070039,0.9444005350194552,0.9413150535019456,0.9343537208171205,0.7809004134241245,0.9417102383268483,0.9394151264591439,0.9600711332684824,0.9624650413424124,0.9560128891050583,0.9531401994163423,0.964950145914397,0.9509666828793774,0.949735530155642,0.9414670476653696,0.7907800340466926,0.950358706225681,0.9504499027237354,0.9642813715953307,0.9632402115758754,0.9560736867704279,0.9528058122568093,0.9651629377431907,0.9506474951361867,0.9495379377431906,0.9410414640077821,0.7910840223735409,0.9500851167315175,0.9513162694552529,0.9640077821011673,0.9620394576848249,0.9558304961089494,0.9526538180933853,0.9654061284046692,0.9505866974708171,0.9496291342412452,0.9407982733463036,0.7913576118677044,0.9501459143968871,0.950176313229572,0.9648589494163424
476,0.9636065323565323,0.9614926739926739,0.9462606837606837,0.9629731379731379,0.943070818070818,0.9487332112332113,0.9489774114774114,0.7616605616605616,0.9482753357753357,0.9367521367521369,0.9695512820512819,0.9657509157509157,0.9644536019536019,0.9539224664224665,0.9657967032967033,0.951159951159951,0.9548076923076922,0.9543498168498168,0.7656135531135531,0.9545024420024419,0.9511599511599511,0.9708028083028083,0.9659340659340658,0.9640262515262514,0.9537240537240538,0.9656288156288156,0.9509462759462759,0.9552350427350428,0.954945054945055,0.7623778998779,0.9549145299145299,0.9486111111111111,0.9704059829059829,0.9661324786324785,0.9642246642246642,0.953525641025641,0.9657051282051281,0.951007326007326,0.9550061050061049,0.9548229548229548,0.7654761904761905,0.9545329670329671,0.9446047008547008,0.9708028083028083
477,0.9488324175824175,0.9491910866910868,0.9528235653235653,0.9418956043956044,0.9473290598290598,0.9521062271062272,0.9492979242979243,0.8068528693528694,0.951923076923077,0.9380799755799756,0.9529761904761904,0.9578601953601954,0.9572420634920635,0.9542124542124543,0.9571275946275947,0.9467948717948718,0.9533730158730158,0.9500457875457876,0.8110042735042735,0.9533272283272283,0.9506715506715507,0.9575396825396825,0.958913308913309,0.95885989010989,0.954410866910867,0.9577838827838828,0.9469780219780219,0.9536172161172161,0.9501221001221002,0.8113095238095238,0.9534951159951159,0.9507478632478632,0.9574175824175823,0.958913308913309,0.95885989010989,0.954410866910867,0.9577838827838828,0.9469780219780219,0.9536172161172161,0.9501221001221002,0.8113095238095238,0.9534951159951159,0.9507478632478632,0.9574175824175823
478,0.9392968320820362,0.9386788134041384,0.9280809375572239,0.9416620887505341,0.9297289873649515,0.92495269486663,0.9211225050357077,0.7924983214307515,0.9246780198986756,0.9347494353903436,0.9410669596532992,0.9440807544405786,0.9448132210217908,0.9360159921870231,0.9475065616797901,0.9349325520356467,0.9345968381859244,0.930598791430141,0.8004486357809925,0.9345205395837148,0.9384422877372887,0.9469114325825553,0.9450573765488617,0.9460950375389122,0.9354208630897882,0.9476744186046512,0.9345968381859245,0.934108527131783,0.9305224928279314,0.7972746139290728,0.9341085271317828,0.938762741866569,0.944607214795825,0.9446377342367088,0.9456372459256547,0.9356344991759751,0.9471555881096257,0.9334370994323384,0.9333760605505708,0.9292864554721357,0.7958249404870904,0.9335133980345479,0.9391137154367333,0.9452328633339436
479,0.9458238588673371,0.9478230347795565,0.9403146794451142,0.9442519877302487,0.9408335495292016,0.9420086376608117,0.9358432401910662,0.7672562455171152,0.9422528118180292,0.9384528514963296,0.9424206815511164,0.948784470523601,0.9491354708746014,0.9441451615364659,0.9476399041616432,0.943107421368291,0.9445724663115969,0.9382849817632427,0.7822271735315214,0.9448013795839882,0.9496390800738627,0.9419475941215071,0.9491049491049491,0.9495017321104278,0.9438399438399439,0.948204556900209,0.9431226822531171,0.9444045965785097,0.9383612861873731,0.7817693469867384,0.9447861186991623,0.9473804691195996,0.942527507744899,0.9492575579532102,0.9498069498069498,0.9441756833061181,0.9480824698216003,0.9430463778289866,0.9448776840081188,0.9383307644177209,0.7816930425626079,0.945213423474293,0.9491354708746013,0.9427564210172906
480,0.9385593869731801,0.9384367816091954,0.9320459770114943,0.9362911877394635,0.9250881226053639,0.9335172413793104,0.9310498084291188,0.770712643678161,0.933272030651341,0.9270651340996169,0.9352643678160919,0.9424904214559388,0.9406590038314177,0.9396934865900384,0.9426666666666667,0.9342681992337165,0.9411034482758619,0.9401226053639847,0.7788659003831417,0.940904214559387,0.9362911877394637,0.9400153256704981,0.9431264367816091,0.9427126436781609,0.9404291187739463,0.9435402298850575,0.9344674329501916,0.9420996168582375,0.9401226053639846,0.7777931034482758,0.9418390804597702,0.9365670498084292,0.9399386973180077,0.9425134099616859,0.9413563218390806,0.9392183908045978,0.9436475095785442,0.933103448275862,0.9411954022988506,0.938911877394636,0.7781455938697319,0.9409348659003831,0.9400842911877394,0.9396015325670498
481,0.9554611076350206,0.9432295084468997,0.9246875333831855,0.9521418651853435,0.9265493613319701,0.9259847085934042,0.9190562668823539,0.7968471011949272,0.9262746654051002,0.9337830207395424,0.9433821172951607,0.954446258794085,0.9422985944725075,0.9291437117524074,0.9535153448196926,0.9285790590138416,0.9295862774123643,0.9213911822607475,0.8022952370778458,0.9299372777633648,0.9369801761106109,0.9406198971416364,0.9548277809147373,0.9453965540922064,0.9307766264288003,0.9538510842858668,0.9301509301509302,0.9308834526225831,0.9219405741144873,0.8021578891144109,0.931158148549453,0.9357364139972836,0.9420391594304638,0.9549651288781724,0.9469531643444686,0.9301661910357563,0.9540189540189541,0.9295099729882339,0.9304408869626262,0.9218337479207044,0.80263097654402,0.930868191737757,0.9398415920155051,0.9418865505822027
482,0.9520158090703779,0.9504974668864067,0.9447750717206861,0.9477659769273028,0.9427302691814686,0.9425624122566074,0.9323078801196363,0.798007080510285,0.9430202038698651,0.9351004089605078,0.9423945553317463,0.9503524995422084,0.9501770127571263,0.9454922785814565,0.9484831837880731,0.9431880607947262,0.9451107855704083,0.9359091741439297,0.8099401818958677,0.945171824452176,0.9417841665140695,0.9505737654886163,0.9517563938228651,0.9501617530366844,0.9458279924311788,0.9482542879814442,0.9433101385582616,0.9452176036135018,0.9360007324665811,0.8099096624549839,0.9454770188610144,0.9434322163217971,0.9504974668864068,0.9517563938228651,0.9501617530366844,0.9458279924311788,0.9482542879814442,0.9433101385582616,0.9452176036135018,0.9360007324665811,0.8099096624549839,0.9454770188610144,0.9434322163217971,0.9504974668864068
483,0.9319808887057135,0.9332631161179038,0.9334615560745523,0.9305307505609746,0.9346521958144435,0.9346064019782937,0.9325609439636092,0.8012852803346002,0.9344842850818947,0.9342858451252463,0.9359954816748333,0.9377967058967197,0.9346445635084184,0.9428645570972812,0.9362244508555814,0.9414602127886921,0.9416586527453404,0.9359649524507334,0.8036207659782326,0.9417960342537894,0.9353391033566881,0.9386973180076629,0.9368350353375768,0.9333394391781532,0.9407580406343974,0.9359954816748332,0.939872693135504,0.9389873456366106,0.9347437834867428,0.8020027171009447,0.9389262871884111,0.9417349758055901,0.9385294072751141,0.9363770969760804,0.9334768206866023,0.9406359237379981,0.9358275709422845,0.9392315794294088,0.9391705209812093,0.9337057898673505,0.8040481751156294,0.9389720810245608,0.9378577643449191,0.9381783211979668
484,0.9422929624069364,0.9333619289806674,0.9254113177487057,0.9446367842152027,0.9242164281993934,0.9228683476822207,0.9196206991635772,0.7849658384141671,0.9225006893593553,0.9221636692300621,0.9263304635558687,0.9455406109255797,0.9356138362082171,0.9317381047213457,0.9458776310548731,0.9285364134930605,0.9310334262691873,0.9240785563283189,0.7980330279726707,0.9312325745274059,0.9381568062747022,0.9260240816201477,0.9459542265388033,0.9343576702717609,0.93012959955881,0.9463831612488128,0.9268513128465945,0.9285057752994883,0.9222555838107785,0.7971445203590797,0.9285517325898466,0.9278470541376882,0.9274947149116087,0.9462452893777382,0.935269156530531,0.9302827905266706,0.9466282667973897,0.9273108857501762,0.9279542878151904,0.9223628174882809,0.7967002665522841,0.9283525843316278,0.9289040718159256,0.9283832225251999
485,0.9535463472471345,0.9555832547958532,0.9366734563584957,0.9520718693947039,0.9354725929529079,0.937251086857386,0.9296050831483903,0.7835861733499528,0.9377071109354573,0.9245280150791961,0.9461283555771745,0.9512890280606815,0.9509926124099353,0.9432402030827227,0.9477396406530265,0.9439242391998297,0.9439090383972274,0.9357918098075578,0.789879305627337,0.9443802632779011,0.9422901529200742,0.9483932751649288,0.9497841486030463,0.9503237770954306,0.9417505244276898,0.9474508254035813,0.9421305444927492,0.9430729942540967,0.9349405648618246,0.7875687836317758,0.9433922111087465,0.9361110266622078,0.9498069498069498,0.9497689478004439,0.9500349618459853,0.9410360867053781,0.9473292189827622,0.9410512875079804,0.9417353236250873,0.9342413279421153,0.7858966953455142,0.9421153436901468,0.9334964886145989,0.9494117289392879
486,0.96346822926204,0.961499725325032,0.938015015564915,0.9675883537813587,0.937587743392541,0.9426234511383752,0.9395867667704328,0.7831898919611793,0.9427455289019104,0.9441799426234512,0.9644753708112067,0.967725691265336,0.9650170908868949,0.9479490935726058,0.9692669230299701,0.9482237685405605,0.9510468168223158,0.9470335103460906,0.789095403772203,0.9509705182201063,0.9511841543062931,0.9658487456509798,0.9676188732222426,0.9649179027040224,0.9482085088201184,0.9694195202343892,0.9479643532930476,0.9513520112311542,0.9469724714643227,0.7889122871268999,0.9512757126289446,0.9492766892510529,0.9658487456509797,0.967740950985778,0.9651467985106513,0.9487425990355857,0.9693584813526216,0.9483916254654216,0.9514893487151315,0.9469572117438808,0.7884239760727584,0.9513520112311542,0.9478270158090705,0.96616919978026
487,0.936930741487866,0.9412708600770218,0.9279601442630967,0.9291521486643438,0.9281893758787212,0.9290451739103858,0.9294883550339264,0.8181276361635798,0.9290298918026774,0.9274099883855982,0.9469099578213828,0.947078061006174,0.9488966318234611,0.9324530839293355,0.9479949874686717,0.9299315361574668,0.9338590378384989,0.9331866250993336,0.8211229292744054,0.9340118589155816,0.9472767284063818,0.9500122256861666,0.947078061006174,0.9488966318234611,0.9324530839293355,0.9479949874686717,0.9299315361574668,0.9338590378384989,0.9331866250993336,0.8211229292744054,0.9340118589155816,0.9472767284063818,0.9500122256861666,0.947078061006174,0.9488966318234611,0.9324530839293355,0.9479949874686717,0.9299315361574668,0.9338590378384989,0.9331866250993336,0.8211229292744054,0.9340118589155816,0.9472767284063818,0.9500122256861666
488,0.9516766485270423,0.9481652631258931,0.9353205849268842,0.9481348615206883,0.9348037576384032,0.9386799623020095,0.9325692396558538,0.7254735050010641,0.938771167117624,0.9337701030614417,0.9397440184841761,0.9517830541452589,0.9515930441127292,0.9431185966619038,0.9502021706746117,0.941841729243304,0.9452771106314414,0.9396528136685618,0.7375277414647494,0.9456115282886935,0.9471772109567386,0.9380719301979146,0.9524214878545587,0.9511902228437662,0.9426777733864347,0.950217371477214,0.9403672513908734,0.9452923114340437,0.9395312072477428,0.7375429422673518,0.9453987170522603,0.9450947010002128,0.9378287173562764,0.9530751223664611,0.951828656553066,0.9443498616726963,0.9508558051865139,0.9416441188094732,0.9463411668136077,0.9408536770741495,0.7391846289484085,0.9463715684188125,0.9513726324749946,0.9385887574863953
489,0.9639664294836708,0.9574438970990695,0.9517119747004804,0.9673721340388007,0.9512406495165115,0.9478045368849967,0.9439427111840905,0.7643222039773763,0.9477285166940338,0.9505260597214621,0.963525512376087,0.9676534087453628,0.9595876664842181,0.9554369640576535,0.9625372498935717,0.954859210606337,0.9528978896794987,0.9477133126558414,0.7681384175637049,0.952989113908654,0.9604618986802894,0.9604695006993859,0.9676534087453628,0.9595876664842181,0.9554369640576535,0.9625372498935717,0.954859210606337,0.9528978896794987,0.9477133126558414,0.7681384175637049,0.952989113908654,0.9604618986802894,0.9604695006993859,0.9676534087453628,0.9595876664842181,0.9554369640576535,0.9625372498935717,0.954859210606337,0.9528978896794987,0.9477133126558414,0.7681384175637049,0.952989113908654,0.9604618986802894,0.9604695006993859
490,0.947021484375,0.949127197265625,0.93475341796875,0.9501953125,0.932525634765625,0.93206787109375,0.932281494140625,0.79083251953125,0.9319000244140625,0.939056396484375,0.9523468017578125,0.947021484375,0.951690673828125,0.937225341796875,0.9551849365234375,0.933746337890625,0.934814453125,0.936065673828125,0.7990875244140625,0.934906005859375,0.9427490234375,0.9563140869140625,0.9471435546875,0.9513397216796875,0.936981201171875,0.9552154541015625,0.933319091796875,0.9348297119140625,0.935455322265625,0.797882080078125,0.9348297119140625,0.9398040771484375,0.9563140869140625,0.9471435546875,0.9515380859375,0.936920166015625,0.95526123046875,0.9338836669921875,0.9348907470703125,0.9357757568359375,0.79730224609375,0.9349212646484375,0.9391326904296875,0.9563140869140625
491,0.9394189098455717,0.9398309222975034,0.9332082036257096,0.9373283281450285,0.9325978148080326,0.9351767075627174,0.9326435939693586,0.8197216626991394,0.9350241103582984,0.9241591894036502,0.9368400170908868,0.9395791369102118,0.9419138741378258,0.9420893609229078,0.9404565708356223,0.9415705304278825,0.9417078679118599,0.939144234877617,0.8298846365134591,0.941692608191418,0.9388695599096624,0.9395562473295489,0.9395715070499908,0.9423640358908625,0.9431728010742844,0.9408228041262283,0.9413568943416957,0.9436305926875419,0.9404870902765061,0.8309833363852775,0.9434779954831228,0.9395562473295489,0.9410822193737411,0.939342611243362,0.9421809192455595,0.9427607886223524,0.9406244277604834,0.9411585179759507,0.9432033205151682,0.9406854666422512,0.8283586644692669,0.9431575413538423,0.9383659891350791,0.9413263749008118
492,0.9461998748301812,0.9522675581200104,0.9350185465036406,0.9382088504220665,0.9351559280120897,0.938422554990765,0.9288363786234374,0.701057837615057,0.9384836134389645,0.9434751415792768,0.9328662362046068,0.94834455282319,0.9566485017783274,0.9398268992993543,0.9447115751553175,0.9402543084367511,0.9438720214925737,0.9329120300407566,0.7138953763490101,0.9441925783456214,0.9439941383889727,0.9426813817526828,0.950451069286074,0.9564195325975791,0.9398574285234541,0.946497534765154,0.940269573048801,0.9441009906733221,0.933003617713056,0.7141090809177084,0.9443910183022698,0.9450016027842653,0.9432919662346781,0.950451069286074,0.9564195325975791,0.9398574285234541,0.946497534765154,0.940269573048801,0.9441009906733221,0.933003617713056,0.7141090809177084,0.9443910183022698,0.9450016027842653,0.9432919662346781
493,0.9621804031252851,0.9658589973550603,0.950217371477214,0.9679871097193932,0.9467211868786671,0.95070379716049,0.9498525522147571,0.8562004073815098,0.9508406043839115,0.954002371325206,0.969431185966619,0.9637384853920288,0.9660338065849877,0.954610403429301,0.9677286960751528,0.9520718693947041,0.9557808652296842,0.9546256042319035,0.860198218465935,0.9557504636244794,0.9585626121059192,0.9718025111725899,0.9637536861946311,0.966565834676071,0.9540479737330131,0.9676830936673456,0.9519198613686802,0.9556744596114675,0.9538655641017846,0.859879001611285,0.9554768491776365,0.9627124312163682,0.9712400814763019,0.9637992886024382,0.9669762563463351,0.9539719697200012,0.9677134952725504,0.9519198613686802,0.9557808652296841,0.954047973733013,0.8605934393335968,0.9556440580062627,0.9585322105007144,0.9710880734502781
494,0.9445054945054945,0.9474358974358973,0.9337759462759463,0.9455433455433455,0.9324481074481075,0.9294566544566545,0.9277625152625153,0.7549145299145299,0.9292887667887668,0.9319673382173382,0.9522741147741147,0.9447954822954823,0.9455815018315018,0.9371794871794872,0.948550061050061,0.9351190476190476,0.9346764346764347,0.93258547008547,0.7617826617826619,0.9345543345543346,0.9412469474969475,0.9558760683760683,0.9447802197802198,0.9456959706959707,0.9373931623931623,0.948580586080586,0.9352716727716727,0.9351648351648351,0.9328449328449329,0.7635225885225885,0.9350732600732601,0.9386904761904762,0.9559065934065935,0.9453907203907204,0.9464590964590964,0.9376373626373625,0.9487332112332112,0.9358974358974359,0.9348748473748474,0.9328907203907204,0.7639041514041514,0.9348443223443224,0.9438492063492063,0.9562271062271062
495,0.9429428741582297,0.9467146151144501,0.937117290454594,0.9359414845694566,0.9368271565348848,0.9397743063508789,0.9345060851772108,0.8243010063065953,0.939621604287874,0.938522149434239,0.9379266113885198,0.9433169942125919,0.9473254233664695,0.9411791653305236,0.9380945836578253,0.9415761906943363,0.9424313222471635,0.9355597294119444,0.8343640722586161,0.9426145647227694,0.943729289782705,0.9405836272848046,0.9428588880235772,0.9486844717272129,0.9409806526486172,0.9378502603570174,0.9420648372959519,0.9424924030723655,0.9354375677615404,0.8341808297830102,0.9426909157542719,0.9433780750377937,0.9405225464596026,0.9427978071983752,0.9488295386870675,0.9409501122360163,0.9377891795318154,0.9421564585337547,0.9423855116282621,0.9355749996182449,0.8343335318460152,0.9426298349290699,0.9432559133873899,0.9408584909982134
496,0.9501961023700155,0.9425275077448991,0.9461901201031635,0.9495322538800799,0.9451676408198149,0.9481129915912525,0.9396432005127657,0.7983121461382331,0.9485250354815573,0.9367894150502847,0.9483113830939918,0.9504707982968853,0.947899339203687,0.9445572054267705,0.9508141682054726,0.9442825094999007,0.9482961222091658,0.9410929845712455,0.8029972377798466,0.9484029484029485,0.9533322142017796,0.9510278205930379,0.9501350588307111,0.9459917286004242,0.9445114227722924,0.9508141682054726,0.9444351183481617,0.9484029484029484,0.9410929845712455,0.8007233659407571,0.9483876875181223,0.9511041250171685,0.9512719947502556,0.9503334503334503,0.9461901201031636,0.9443282921543791,0.9507378637813421,0.9442977703847268,0.9481129915912525,0.941047201916767,0.8013795839882797,0.9480824698216003,0.9537747798617364,0.9516992995253865
497,0.9573458269110443,0.953271170662475,0.9407114624505929,0.9555297816167383,0.9370335892075022,0.9412761151891587,0.9369420238985456,0.7582218017000626,0.9412608543043326,0.9417186808491156,0.9464800769148597,0.9580783493826973,0.953263540220062,0.943260030216552,0.9529049094266486,0.9422833335876815,0.9441756833061181,0.9391395913135043,0.7671188975536801,0.944175683306118,0.9458696415218154,0.9433210737558564,0.9583988279640454,0.9530346269476704,0.9425885512842034,0.9527065179239093,0.9415813328856808,0.9438704656095961,0.9385749385749386,0.7675919849832894,0.9437483785309873,0.9457094022311414,0.943107421368291,0.9582996322126758,0.9529125398690617,0.9424664642055947,0.952813344117692,0.9418407679277244,0.9439544004761395,0.9390175042348955,0.7675767240984632,0.9438170525127048,0.9442748790574877,0.9428479863262472
498,0.9489333455411098,0.9481779893792346,0.9416315693096502,0.9442257217847769,0.9409296221693217,0.9401971555881096,0.9369926142953061,0.7350912531282427,0.9401361167063419,0.9344213514008423,0.9458279924311785,0.9487273393151439,0.9489867545626564,0.9463010437648782,0.945003967527315,0.9454770188610144,0.9437984496124031,0.9381676127693341,0.7458188365989135,0.9438900079350545,0.9410211804919734,0.945156564731734,0.9484679240676313,0.9490020142830985,0.9452481230543857,0.945980589635598,0.9442867606665445,0.9437221510101934,0.9372520295428188,0.7446590978453275,0.9439663065372642,0.9345739486052614,0.9451718244521761,0.9490477934444241,0.9499175975096136,0.945019227247757,0.9463620826466459,0.9440426051394738,0.9437068912897516,0.9379997558444729,0.7442013062320698,0.9437068912897516,0.944210462064335,0.9450039675273149
499,0.957625696192874,0.9646753643091477,0.9538414587624934,0.9532005798428321,0.9489585717555504,0.9553826199740596,0.9515220874341954,0.8121919584954604,0.9553368429083695,0.9486610208285648,0.9594720378423742,0.9614709697108414,0.9668497749294269,0.9557946135652704,0.9593041886015106,0.9527580682078278,0.9576562142366675,0.9543450064850842,0.8182803082322423,0.9576867322804609,0.9523537041275654,0.963653009842069,0.9620813305867094,0.9673456931410696,0.9551689936675059,0.9597161821927214,0.9521782253757534,0.9571679255359732,0.9535210193026626,0.8160982681010147,0.9570305943389028,0.9528953994048982,0.9635614557106889,0.9619287403677425,0.9659571221484702,0.9554283970397498,0.9595483329518577,0.9516136415655757,0.95722896162356,0.95390249485008,0.8162508583199818,0.9571221484702831,0.9527122911421377,0.9631342030975814
500,0.9324330510414283,0.9435187304493782,0.9379873350118257,0.9371480888075073,0.9396810864423589,0.9382619974059663,0.9379568169680323,0.859357595178149,0.9380941481651026,0.9323262378881514,0.9520103761348898,0.9479514763103685,0.9500114442664225,0.9448233768215457,0.9569085221637292,0.9473258564126038,0.9447623407339589,0.9433737697413597,0.8647287708857863,0.9447928587777523,0.9388723582818341,0.9571679255359731,0.9479972533760586,0.9501487754634927,0.9447470817120622,0.9565728236820019,0.9470969710841534,0.9445487144274052,0.9431296253910124,0.8644846265354391,0.9446555275806822,0.9385824368657969,0.9567101548790723,0.9479972533760586,0.9501487754634927,0.9447470817120622,0.9565728236820019,0.9470969710841534,0.9445487144274052,0.9431296253910124,0.8644846265354391,0.9446555275806822,0.9385824368657969,0.9567101548790723
501,0.9374504059085638,0.9256164927058537,0.9274247695782213,0.9341085271317829,0.924388085210279,0.9270585362876153,0.9173991332478789,0.7660837453457853,0.9274400292986632,0.9277375938472807,0.9319874259903558,0.9447140328389184,0.9307208691936765,0.9331624244643838,0.9354819019715559,0.9283708722456204,0.9345052798632729,0.9234572422633218,0.7720045168772507,0.9347494353903437,0.9305377525483733,0.9312702191295855,0.9445385460538364,0.9312244399682598,0.9338185924433864,0.9349172923152048,0.9289202221815296,0.9350241103582982,0.9233656839406702,0.7709973753280839,0.9351919672831593,0.9300647012146738,0.930781908075444,0.9447140328389184,0.932536775926265,0.9342306048953183,0.9346883965085759,0.9287371055362266,0.9354971616919978,0.9231367881340414,0.7714704266617837,0.9356192394555332,0.9329869376793017,0.9304767136666057
502,0.9650399804675578,0.9570591466764329,0.9558383690410792,0.9652536165537448,0.9573490813648293,0.9553805774278216,0.955090642739425,0.8096044680461454,0.9554416163095892,0.9453396813770372,0.9605078434963071,0.9655511811023623,0.960553622657633,0.9575627174510163,0.9626442043581762,0.9573490813648293,0.958432521516206,0.9577458340963194,0.8138771897698835,0.958402002075322,0.9531068790819752,0.9606757004211683,0.9643914423487762,0.9616675822498932,0.9575779771714583,0.9587377159250442,0.9566013550631753,0.9581578465482512,0.957852652139413,0.8125648538118782,0.9579899896233901,0.9566471342245011,0.9593023255813954,0.96497894158579,0.9620185558200574,0.9579899896233901,0.9567081731062688,0.9567844717084784,0.9587224562046024,0.9579899896233902,0.8103369346273577,0.9589513520112312,0.9535494109747908,0.9588597936885795
503,0.9546245819781025,0.9564493716310107,0.9468749522806054,0.9482645410539496,0.9456380655702659,0.9465390077419946,0.94545482309466,0.7574633133293631,0.9463404950600883,0.9531510070701055,0.9500053445722052,0.9541741108922382,0.9587704429886849,0.9483867027043534,0.9508452059187319,0.9476842732145312,0.9488295386870678,0.9466306289797976,0.7674805686624827,0.9488753493059691,0.9528456029440958,0.9515781758211553,0.9540214088292333,0.9587399025760839,0.9481118389909448,0.9508299357124316,0.9474399499137234,0.9488600790996686,0.9465848183608963,0.7676943515506895,0.9489669705437721,0.9543191778520927,0.9518072289156626,0.9539908684166323,0.9589231450516896,0.9484477835295555,0.9508910165376333,0.9476690030082305,0.948997510956373,0.9465695481545955,0.7665643562844534,0.9490280513689741,0.9484554186327058,0.9517766885030617
504,0.9476704259312956,0.9512643643078426,0.9433821172951607,0.9492117752987318,0.9407267233354191,0.9462206418728157,0.9493033406076884,0.8190516886169059,0.9460375112549025,0.9476093823919911,0.9539273887099974,0.950600515817907,0.9551635203809117,0.949837471576602,0.9533016924321273,0.9466174248782944,0.9528438658873442,0.9527828223480398,0.8232636928289101,0.952538648190822,0.9515161689074733,0.9570711309841744,0.9504860591817114,0.9551940421505639,0.9497001236131671,0.9527828223480397,0.9460527721397287,0.9521113434156913,0.95250812642117,0.8209745601049949,0.9518824301432997,0.9506005158179072,0.9568269568269567,0.9503181894486242,0.955369542326064,0.9500358630793414,0.9524776046515177,0.9462816854121202,0.9522944740336045,0.9528743876569964,0.8208982556808643,0.9520350389915607,0.9538816060555191,0.9569490439055656
505,0.9293060302734375,0.9407730102539062,0.9293212890625,0.9278106689453125,0.9382781982421875,0.930572509765625,0.9240875244140625,0.7897491455078125,0.930633544921875,0.928741455078125,0.9296875,0.9357147216796875,0.9461746215820312,0.93609619140625,0.9326934814453125,0.9455413818359375,0.9376678466796875,0.930419921875,0.7968902587890625,0.9380645751953125,0.9405059814453125,0.9314117431640625,0.93536376953125,0.9451065063476562,0.9358367919921875,0.9326171875,0.945159912109375,0.9369049072265625,0.929779052734375,0.796783447265625,0.9372406005859375,0.9395904541015625,0.9317169189453125,0.9353179931640625,0.94439697265625,0.935272216796875,0.9323883056640625,0.9445953369140625,0.9367523193359375,0.9298553466796875,0.7960052490234375,0.9369964599609375,0.938262939453125,0.9310302734375
506,0.9504623413085938,0.95526123046875,0.941925048828125,0.9533538818359375,0.9404144287109375,0.94281005859375,0.946197509765625,0.77288818359375,0.9423370361328125,0.9314193725585938,0.949432373046875,0.9531173706054688,0.95086669921875,0.9415283203125,0.9518280029296875,0.94049072265625,0.94512939453125,0.9459381103515625,0.77532958984375,0.9449005126953125,0.94952392578125,0.9427642822265625,0.9531707763671875,0.9509124755859375,0.9413909912109375,0.9517974853515625,0.939544677734375,0.9445648193359375,0.94476318359375,0.774505615234375,0.9441070556640625,0.950408935546875,0.942047119140625,0.9529876708984375,0.9498138427734375,0.940582275390625,0.9517364501953125,0.9386749267578125,0.944122314453125,0.944732666015625,0.7736053466796875,0.9438629150390625,0.9466094970703125,0.942352294921875
507,0.9315601538179821,0.9423487761704206,0.9226484770798998,0.9300799609351156,0.9228773728865287,0.9296221693218581,0.9211072453152658,0.7742782152230971,0.9297595068058353,0.9320789843130075,0.9240523713605566,0.9449963376670939,0.9464231215284137,0.9349325520356467,0.9399682597814808,0.9301562595373254,0.9395409876091069,0.9289507416224133,0.7782304828175549,0.9394952084477811,0.9451870841726179,0.9310413233229567,0.9446606238173716,0.9469724714643228,0.9336812549594092,0.9388848196301043,0.9289354819019716,0.9380913141671245,0.9270585362876151,0.7765213941280596,0.9385338460599403,0.9458127327107367,0.930217298419093,0.9442867606665446,0.9476133797228834,0.9323231398400782,0.9384880668986144,0.9284624305682719,0.9371909906610509,0.9258377586522615,0.7752853567722641,0.937603003112983,0.9462400048831106,0.9292254165903681
508,0.9398345947265625,0.93994140625,0.9365234375,0.9245452880859375,0.934478759765625,0.93438720703125,0.934234619140625,0.73492431640625,0.93402099609375,0.925079345703125,0.9003448486328125,0.9356689453125,0.9450149536132812,0.9377288818359375,0.9201507568359375,0.9365234375,0.9389801025390625,0.935394287109375,0.735137939453125,0.93890380859375,0.9358062744140625,0.8970184326171875,0.9341278076171875,0.9432830810546875,0.9346160888671875,0.9166717529296875,0.9318084716796875,0.9360809326171875,0.9329986572265625,0.7305145263671875,0.9361724853515625,0.942230224609375,0.894012451171875,0.9322586059570312,0.942474365234375,0.93255615234375,0.91473388671875,0.929931640625,0.9337615966796875,0.9312896728515625,0.7306060791015625,0.933441162109375,0.9303741455078125,0.892181396484375
509,0.9552655677655677,0.9481227106227107,0.9365384615384617,0.9573565323565323,0.9367521367521368,0.9390262515262515,0.933974358974359,0.8559218559218559,0.9388736263736264,0.9332112332112332,0.9628815628815629,0.9622939560439561,0.9505189255189256,0.9453296703296703,0.9633852258852259,0.9403083028083028,0.9452533577533578,0.9380799755799756,0.853495115995116,0.9453754578754578,0.9509157509157509,0.9619505494505495,0.9622481684981684,0.9518009768009768,0.9452380952380953,0.963446275946276,0.9400030525030525,0.9452380952380952,0.9384157509157509,0.8547619047619048,0.9452686202686204,0.9545787545787545,0.9620879120879121,0.9625686813186813,0.9512896825396826,0.9456959706959707,0.9636446886446887,0.9406440781440781,0.9453449328449328,0.9382173382173382,0.8547924297924299,0.9454670329670329,0.9521825396825397,0.9624847374847375
510,0.9580305840148361,0.957300945489922,0.9509014075943211,0.9519350621712825,0.9519654637764874,0.9522086766181255,0.948043656705074,0.8127261119387104,0.952193475815523,0.9476788374426169,0.9553400419542152,0.9545115982123857,0.9587830237436535,0.9492445201106617,0.9528319095248229,0.9499285562277687,0.950095765056395,0.9468275924968839,0.8146718146718146,0.9500805642537925,0.9497917490043474,0.9550968291125772,0.954207582160338,0.9583650016720884,0.9493813273340832,0.9529231143404371,0.9496093393731189,0.9503085762928283,0.9466299820630529,0.8133645456480103,0.950460584318852,0.9503541787006354,0.954564801021494,0.9529839175508468,0.9584866080929073,0.949578937767914,0.9529991183534491,0.9499893594381783,0.9504909859240568,0.946873194904691,0.8134557504636244,0.9504605843188519,0.9491533152950475,0.9545952026266986
511,0.9561936301066737,0.9567735437300655,0.9376898072550247,0.9547362156057808,0.9349123262166741,0.9430158560593342,0.9354311963007615,0.7732232514841211,0.943107421368291,0.9511041250171686,0.9583072626550888,0.9517298212950388,0.9564454347063044,0.9415965937705068,0.951348299174386,0.939231156622461,0.9472889038106429,0.9392464175072871,0.7762449066796894,0.9472278602713385,0.9529049094266485,0.9584598715033497,0.9514322340409297,0.9550795855143681,0.9402231141361576,0.9515161689074731,0.9386970256535474,0.9468463381506861,0.9391395913135043,0.7768706029575595,0.9468158163810337,0.9541410410975628,0.9588108718543501,0.9516001037740169,0.955644238252934,0.9404062447540709,0.9515314297922994,0.9389564606955912,0.9469531643444686,0.939231156622461,0.7773894730416469,0.9468921208051644,0.9530117356204313,0.9587803500846979
