magic,control,drop_0.8,drop_0.9,drop_0.95,drop_0.99,flip_0.9,flip_0.95,drop_0.9_r2,drop_0.9_reg0.05,drop_0.9_reg0.3,raw_control,raw_drop_0.9
0,0.9533882783882783,0.9576007326007326,0.9576007326007325,0.9576312576312576,0.9574023199023199,0.9581959706959707,0.9584554334554335,0.9581959706959706,0.9581349206349207,0.9569597069597069,0.9513278388278388,0.9545177045177046
1,0.9329757891510879,0.9336959852896108,0.9333358872203493,0.9332745939319644,0.9333205638982531,0.9323168863009499,0.932646337726019,0.9343395648176525,0.9337802635611401,0.9356267238737358,0.9237358259270609,0.9283941158443151
2,0.936804506113477,0.9463830501747799,0.946627283967578,0.9465585932133534,0.946764665476027,0.9471004869411243,0.9470928546350994,0.9463296240326051,0.9473370884278977,0.943429347743127,0.9320877409900628,0.9369876814580758
3,0.9472333711204387,0.9493933637672723,0.9493933637672723,0.9493933637672723,0.9493933637672723,0.9491176200251235,0.9491176200251235,0.9496614479610281,0.9495695333803118,0.9469040105395385,0.9439474248598302,0.9466972027329269
4,0.954909590295262,0.9550621805142291,0.9551461051346608,0.954886701762417,0.9553063248645761,0.952567330434119,0.9529411764705883,0.9552834363317311,0.9552681773098345,0.9557335774776836,0.9333333333333332,0.932753490501259
5,0.9638039431117622,0.9618201794543125,0.961911737776964,0.961911737776964,0.961911737776964,0.9618278093145333,0.9618583287554172,0.9619575169382898,0.9609045962277971,0.9613471281206128,0.9633766709393884,0.9649331624244644
6,0.9479419990272374,0.9475696133268484,0.947554413910506,0.947524015077821,0.9478280034046692,0.9491047543774318,0.949104754377432,0.947524015077821,0.9473188229571985,0.9493859435797666,0.9409502675097277,0.9406462791828794
7,0.9573381964686314,0.9541105193279106,0.9541257802127366,0.9540799975582583,0.9540647366734323,0.9541410410975628,0.9541410410975629,0.9540952584430846,0.9550414333023028,0.9507378637813421,0.9484639919422528,0.9487844705236009
8,0.9614997253250321,0.9627510224012696,0.9629417689067936,0.9630791063907709,0.9629799182078984,0.9623237502288958,0.9626823536592809,0.9629799182078985,0.962483977293536,0.9631477751327595,0.957425379967039,0.9593633644631631
9,0.9486357809924922,0.9502151620582312,0.9502456814991149,0.9500015259720441,0.9495742537996704,0.9506958432521517,0.9503372398217664,0.950260941219557,0.9499023377891718,0.9502075321980101,0.9389000793505462,0.9404718305560642
10,0.9381551842526894,0.9403982604715038,0.9403067063401236,0.9402914473182269,0.9401922636758984,0.9408255130846113,0.9407797360189212,0.9402456702525368,0.9411841000991836,0.9416800183108263,0.9209124895094225,0.9244220645456627
11,0.9605712890625,0.961883544921875,0.9617767333984375,0.9615936279296875,0.9614715576171875,0.962310791015625,0.9620208740234375,0.96221923828125,0.9618377685546875,0.9622039794921875,0.94696044921875,0.9484405517578125
12,0.9394378662109375,0.9399032592773438,0.9399032592773438,0.9398880004882812,0.9398880004882812,0.9384613037109375,0.9398269653320312,0.9399032592773438,0.9427413940429688,0.943572998046875,0.93023681640625,0.936767578125
13,0.952588114973058,0.9545114560913434,0.9544656622551937,0.9548014837202912,0.9544961914792935,0.9545877791515928,0.9548472775564407,0.9541908992382959,0.9542519576864954,0.9536719024285998,0.9318053456671399,0.9316984933827905
14,0.9421305444927491,0.9495181345575047,0.9491381144924453,0.9486820904143738,0.9486668896117715,0.9494269297418904,0.9486364880065667,0.9493357249262762,0.9493357249262762,0.9470860061411243,0.9351381752956556,0.9393944000243214
15,0.9523994811932555,0.9593423361562523,0.9591897459372855,0.9592965590905622,0.9587624933241778,0.959113450827802,0.9594796673533227,0.9590524147402152,0.9592126344701305,0.9583276112001221,0.921492332341497,0.926817730983444
16,0.9368424267411851,0.9433780750377938,0.9430115900865821,0.9431184815306854,0.9426451051353704,0.9422328095652573,0.9423091605967595,0.9432253729747889,0.9434544260692962,0.9417899735825432,0.937239452104998,0.9403240337776964
17,0.9402978214909459,0.9437141894169195,0.9435226889726384,0.9437218494346907,0.9433541685816712,0.9425958268223182,0.9430401078530503,0.9441584704476516,0.9431626681373901,0.942749027177743,0.9283788338388944,0.928302233661182
18,0.9315480277714198,0.9303501945525291,0.9303349355306325,0.9307164110780498,0.9302586404211489,0.9299305714503701,0.930281528953994,0.9317845426108186,0.9298619058518349,0.9316853589684901,0.9326619363698788,0.9367055771725032
19,0.9651087955868833,0.9648176524670549,0.96475635917867,0.9648176524670549,0.9646490959239963,0.9644192460925528,0.9645724793135152,0.9646644192460926,0.9648406374501993,0.9650015323322096,0.9572019613852285,0.9584278271529267
20,0.9512947826751204,0.9532732411580475,0.9533343518447788,0.9535176839049728,0.9533496295164617,0.9528760216942938,0.9531051867695363,0.9533343518447789,0.9536551829501184,0.9522114429760905,0.9350240623329005,0.936460163471087
21,0.9434500648508432,0.9460288395513847,0.9459678034637979,0.9459067673762112,0.9457846952010376,0.9453269245441367,0.9452353704127565,0.9463035019455253,0.9451667048142214,0.9460593575951782,0.940688181887541,0.9447623407339589
22,0.9502495154669067,0.9536984754376059,0.9536984754376059,0.9535000839348665,0.9537595189769102,0.9530880400445617,0.9526454743846048,0.9542326064065194,0.9536221710134755,0.9528896485418225,0.9294336685641035,0.934744456483587
23,0.939031862745098,0.9405177696078432,0.9409466911764706,0.9410386029411765,0.9412377450980391,0.9420036764705881,0.9420802696078432,0.940670955882353,0.9410692401960783,0.9401807598039215,0.9283394607843138,0.9303768382352942
24,0.941650390625,0.9404296875,0.9405364990234375,0.9409637451171875,0.9407196044921875,0.9394760131835938,0.9401016235351562,0.9410476684570312,0.9402542114257812,0.940643310546875,0.9389801025390625,0.9409942626953125
25,0.9509310134310135,0.9534645909645909,0.953556166056166,0.9535409035409035,0.9532509157509157,0.9538003663003662,0.953586691086691,0.9538308913308913,0.9536248473748474,0.9517246642246642,0.9452686202686202,0.9468253968253968
26,0.9531388829314624,0.9583397162903274,0.9587456723551578,0.9587073746131928,0.9589218419681976,0.9582478017096113,0.9582171635160392,0.9582784399031833,0.9579490793222832,0.9592818407426699,0.9474554980238366,0.9527099482214528
27,0.9541778564453125,0.9525604248046875,0.9525604248046875,0.9522857666015625,0.9521026611328125,0.9524612426757812,0.9521560668945312,0.9526519775390625,0.9529342651367188,0.9515533447265625,0.9477996826171875,0.9470367431640625
28,0.9472800793469138,0.9461051346608682,0.9460746166170748,0.9459678034637979,0.9459678034637979,0.9457236591134508,0.9455863279163805,0.9460746166170748,0.9476462958724345,0.9465934233615625,0.932997634851606,0.936263065537499
29,0.935912108033875,0.9409857328145267,0.9410467689021133,0.9409246967269397,0.9407873655298695,0.9395132372014954,0.9395132372014954,0.9410772869459066,0.9422751201647974,0.9399099717708095,0.9257190814068819,0.9233539330128938
30,0.9251239795529106,0.9257419699397269,0.9255893797207599,0.9251468680857557,0.9255130846112763,0.9252765697718777,0.9248645761806669,0.9254062714579996,0.9259937438010224,0.9268024719615473,0.9222552834363317,0.9216449225604639
31,0.9566009988051104,0.9566009988051104,0.9566009988051105,0.9567235515793989,0.957091209902264,0.9548852599650725,0.9544103679647048,0.9569839762247617,0.9562180213854591,0.9580103557094274,0.9492325132510188,0.9512239958332056
32,0.9397805484762006,0.9428327254414212,0.9425275077448991,0.9424054206662902,0.9427945732293559,0.9414592458070719,0.9414287240374197,0.9430921604834649,0.9424969859752468,0.9420391594304637,0.9321806278328019,0.9365070886810017
33,0.9314533357748886,0.9291185985472746,0.9293169749130196,0.9295611304400903,0.9295000915583227,0.9281572361594334,0.92924067631081,0.9294848318378806,0.9287142159555637,0.9303241164621865,0.922633217359458,0.9234419825428798
34,0.9516461691238255,0.9528225498434038,0.9528072721717209,0.9527461614849897,0.9526544954548927,0.9526086624398442,0.9525628294247956,0.9531128256053777,0.9533267130089373,0.9537697654877396,0.9451684363303032,0.9452142693453517
35,0.9478688174340348,0.9502876676789721,0.9501808414851893,0.9499137760007327,0.9494788407831887,0.9498985151159065,0.9497382758252323,0.9502724067941459,0.9489981229111666,0.9506920811268637,0.9413829413829414,0.9424817250904206
36,0.951420679973143,0.9520844778123664,0.9522523347372276,0.9521760361350181,0.9524659708234144,0.9527253860709272,0.9524812305438565,0.9531679179637429,0.952160776414576,0.9539003845449551,0.9383659891350791,0.941082219373741
37,0.9363621102751538,0.9402994185602882,0.9401849619240923,0.9403070490027012,0.9405359622750927,0.941642376424985,0.9406962015657667,0.9399636790941139,0.9401849619240923,0.9387885909625041,0.9245196636500984,0.9233750972881407
38,0.9467371323529411,0.9388633578431372,0.9386795343137253,0.9387408088235294,0.939797794117647,0.9373008578431373,0.9377910539215687,0.939093137254902,0.9392539828431372,0.9378676470588234,0.9348958333333334,0.9325980392156862
39,0.935639801781534,0.9357994102088589,0.9353737877359926,0.9351305748943544,0.9340513179095856,0.9368254643845196,0.9367950627793147,0.935312984525583,0.9363086370960386,0.932979661326118,0.9230687380293678,0.9254704648405434
40,0.9428480204342272,0.9462309189320683,0.946276531046646,0.9456227574043666,0.9452730645259381,0.9467326521924223,0.945607553366174,0.9460940825883355,0.946641427963267,0.9440339354132457,0.9177765614547224,0.9240862373046281
41,0.959212956602708,0.9549922913709149,0.9551296728793638,0.9551449374914136,0.9551144082673139,0.9567553540626765,0.9567171925325518,0.9550228205950145,0.9556028758529103,0.959335073499107,0.9552899513058876,0.955763154279434
42,0.9523326262456697,0.9550719550719551,0.9550414333023028,0.9549651288781723,0.9562165214339127,0.9551253681688465,0.9549651288781722,0.9548506722419765,0.955499259847086,0.9548888244540418,0.944602988081249,0.9442519877302485
43,0.9413795200875886,0.9481007268635381,0.9480551078130227,0.947766187159758,0.9474924728566649,0.9485417110185214,0.9482071713147411,0.9479486633618199,0.9490055046987622,0.9483744411666312,0.9268118366229737,0.928149995438095
44,0.953625170998632,0.9554111567107463,0.9553959568323452,0.9554871561027513,0.955905152758778,0.9551223590211277,0.9550919592643259,0.9557151542787657,0.9560115519075848,0.9549171606627147,0.9454020367837056,0.9475908192734459
45,0.953152658243301,0.9557315509979857,0.9558383690410793,0.9556857718366599,0.9558078496001953,0.9557010315571018,0.9558383690410791,0.9558994079228468,0.9563877189769884,0.9546786302874931,0.9398614417383873,0.941265336019044
46,0.9696988265571862,0.9652103311988725,0.9652103311988725,0.9652103311988725,0.9652103311988725,0.9650265020374398,0.965072459327798,0.9652256502956585,0.9655473513281657,0.9662673488771102,0.9639694843592022,0.9626367229388154
47,0.9555713239333455,0.9547701886101446,0.955121162180309,0.9551516816211928,0.9551364219007509,0.9554416163095892,0.9555636940731246,0.9549380455350057,0.954907526094122,0.9548159677714705,0.9449734480864311,0.9433406579991455
48,0.942981049673981,0.9472872478507185,0.9467069800112999,0.9469283980026572,0.9455540794356132,0.947394139294822,0.9468062363522531,0.9474552201200238,0.9483561622917526,0.9453021210316551,0.9382778261334311,0.9402018721272924
49,0.9550398284313725,0.9558210784313725,0.9556985294117647,0.9558823529411763,0.9559895833333333,0.9558210784313725,0.9559283088235295,0.9555147058823529,0.956173406862745,0.954672181372549,0.9441482843137255,0.9465686274509804
50,0.9428647741147742,0.938743894993895,0.9388354700854701,0.9387973137973138,0.9391941391941392,0.9367216117216117,0.9371794871794872,0.9392094017094018,0.937469474969475,0.9436355311355311,0.9407051282051282,0.9435134310134311
51,0.9396820068359375,0.9386749267578125,0.9393768310546875,0.940032958984375,0.9403228759765625,0.9392852783203125,0.9400634765625,0.9391632080078125,0.93914794921875,0.9423828125,0.916748046875,0.923797607421875
52,0.9565963745117188,0.959014892578125,0.958953857421875,0.9589385986328125,0.9590301513671875,0.9586334228515625,0.9587860107421875,0.95880126953125,0.9584197998046875,0.9572372436523438,0.9476165771484375,0.946197509765625
53,0.9563210498207064,0.9573739223315785,0.9574196993972686,0.9573434042877851,0.9578011749446861,0.9570840009155412,0.9569161516746777,0.9572976272220951,0.9574196993972686,0.9580071717402915,0.9481040665293354,0.9481040665293354
54,0.9352379497364602,0.943518447788557,0.943518447788557,0.9434420594301429,0.9433351157283629,0.9432892827133144,0.9430906729814377,0.9435031701168742,0.9437170575204339,0.9380643189977846,0.9250477427240088,0.9289435490031319
55,0.9716631194892066,0.9732441471571907,0.9734265734265735,0.9734569778048039,0.9736850106415323,0.9727424749163879,0.972879294618425,0.9732289449680753,0.9735633931286105,0.9738066281544543,0.9627546366676801,0.9639252052295532
56,0.9422877372886529,0.9459195507538302,0.9463010437648782,0.9460568882378074,0.9464689006897394,0.9457822132698529,0.9452633827748277,0.9465604590123908,0.9459195507538304,0.9459500701947141,0.9291796374290423,0.9335591771958739
57,0.9648541822454866,0.9605048300700475,0.960428525645917,0.960275916797656,0.960138568834221,0.9602606559128298,0.9599249164466555,0.9609016130755261,0.9604590474155692,0.9616799182016574,0.9595128725563509,0.9598638729073512
58,0.9437247272449836,0.9500495918211643,0.9498817425803006,0.9491874570840009,0.9499809262226292,0.9511406118867779,0.9505378805218585,0.9499885557335774,0.9504234378576333,0.9518883039597161,0.9381246662088961,0.943450064850843
59,0.945159075303273,0.9505912870984969,0.9505912870984969,0.9505912870984969,0.9505912870984969,0.9525062943465323,0.9525062943465323,0.9505912870984969,0.9523384451056688,0.9496452277409019,0.9368429083695735,0.9409018081940947
60,0.9565410539215685,0.9596737132352942,0.9595358455882352,0.959627757352941,0.9597196691176468,0.9595435049019607,0.9597273284313724,0.9603247549019607,0.9558976715686274,0.9595894607843136,0.9345281862745098,0.936780024509804
61,0.9354513825306722,0.9404413111151804,0.9408228041262283,0.9409067325886589,0.9411814075566135,0.9399530000610389,0.9402047854483306,0.9407617652444608,0.9408075444057864,0.9406091680400415,0.9393731306842459,0.9401208569859
62,0.9585870145723658,0.9637445639734493,0.9638513771267262,0.9638666361486229,0.9636530098420691,0.9637521934843976,0.9637979705500878,0.9636835278858625,0.9637598229953459,0.9607690547035935,0.9572899977111468,0.9577935454337376
63,0.944602988081249,0.945335510552902,0.9443969661360965,0.9444732705602271,0.9449921406443145,0.9442214659605963,0.9436415523372045,0.9458925328490545,0.9445266836571183,0.9485860790208616,0.9383307644177209,0.9418712896973767
64,0.9426058711772998,0.9380554023411167,0.9381013666727953,0.9373965802537231,0.9412575841147269,0.9404072439786726,0.9375574554145982,0.9388214745357603,0.9340565054850768,0.9452564809707668,0.9294447508733223,0.9328767543053257
65,0.926738082158335,0.9347799548312276,0.9340627479704572,0.9339864493682476,0.9343526826588537,0.9348104742721114,0.9348867728743212,0.9349020325947629,0.9338948910455961,0.9342458646157602,0.9209699078312885,0.9250289934688396
66,0.9668299980156004,0.9662575750637298,0.9669521149119995,0.9669063210758498,0.9672116133168476,0.9660362381890064,0.9658988566805574,0.9665552349987027,0.9669215856878997,0.9660667674131063,0.9600143487353269,0.9617010883668392
67,0.9480711940661477,0.9471820282101169,0.9469844357976654,0.9468476410505838,0.9466500486381322,0.9466348492217899,0.9472124270428015,0.9477140077821012,0.9476684095330739,0.9495531371595332,0.9450693093385214,0.9426146035992218
68,0.9479395604395604,0.9518467643467643,0.9515109890109891,0.9511446886446886,0.9511294261294262,0.9512667887667887,0.950976800976801,0.9512057387057387,0.9516788766788766,0.951007326007326,0.9310286935286936,0.9339590964590965
69,0.9449581883659892,0.9341695660135507,0.9341085271317829,0.9336888848196301,0.9356344991759751,0.9345586888848197,0.9347494353903436,0.9354284929500092,0.935855765122383,0.9318043093450529,0.9341848257339926,0.9365043032411647
70,0.9573153051413922,0.9609931783844828,0.960581134494178,0.9603980038762648,0.9605963953790041,0.9611457872327437,0.9608558304210478,0.9607490042272653,0.9605277213972866,0.9599096555618295,0.9541105193279108,0.9545988676423459
71,0.9412868999483173,0.9413097011522207,0.9411880947314017,0.9409600826923661,0.9411880947314017,0.9418721308485087,0.9414997111847505,0.9413249019548233,0.9411044903170886,0.9418721308485087,0.9344541391785486,0.9350621712826438
72,0.9459525444419012,0.9470740825513084,0.947699702449073,0.94789806973373,0.9477531090257113,0.9487907225146867,0.9490959029526207,0.9472877088578621,0.9478446631570916,0.9477836270695048,0.9291523613336385,0.9331654840924696
73,0.9261887322224256,0.9253799670390039,0.9246169810169079,0.9246475004577916,0.9258835378135872,0.925547823963865,0.9255478239638649,0.9249221754257462,0.9252578892754685,0.9246932796191174,0.9050692791308064,0.9081059634987486
74,0.9523155565728236,0.9581139848935684,0.9581597619592584,0.9577630273899443,0.9574883649958037,0.9593957427328909,0.9590142671854734,0.9586633096818494,0.9588769359884031,0.9556878004119935,0.9479514763103686,0.9520714122224766
75,0.9568014705882353,0.9587469362745099,0.9587928921568628,0.9587928921568628,0.9598805147058823,0.9594975490196078,0.9590073529411764,0.9588235294117647,0.9588848039215686,0.9585018382352941,0.9545496323529411,0.9560968137254903
76,0.9363160385278808,0.9466730778037278,0.9463983147868298,0.9463372563386301,0.9451084550686144,0.948092686724367,0.947940040603868,0.9463219917265803,0.946627283967578,0.9471233838591993,0.9343774327975455,0.9406053945138985
77,0.9560880987292278,0.9536901270772238,0.953674853372434,0.9537359481915935,0.9543163489736071,0.9539956011730205,0.9539803274682307,0.9533235581622679,0.9536595796676443,0.9543774437927665,0.9470155180840664,0.9493829423264908
78,0.9512101715686274,0.9530867034313725,0.9532245710784314,0.9532552083333333,0.9536688112745098,0.9530560661764704,0.9530867034313725,0.9531173406862745,0.9531479779411764,0.9527879901960784,0.9282935049019607,0.9348805147058824
79,0.9604920493887681,0.9607218358405588,0.9616180030025431,0.961618003002543,0.9616869389380801,0.9625448083580993,0.9628588498422134,0.9600018382916142,0.959297159839456,0.9587150341615858,0.9442997640859094,0.9502895309292565
80,0.9503489242139661,0.9560676164734985,0.9563882908058089,0.9575182860720449,0.9569990990578283,0.9581519996335149,0.9570983553987813,0.9554720784277796,0.9566555194160673,0.9558385633789913,0.9542199215111395,0.9513033121077465
81,0.9513771267261768,0.9538567177843901,0.9542534523537042,0.9539330128938734,0.9545128557259479,0.9541618982223239,0.9539559014267186,0.9535362783245594,0.9536202029449913,0.9551537346456093,0.9273060196841383,0.9375600823987182
82,0.9396895177909053,0.9398726931355039,0.939613194730656,0.9403001022729008,0.9403611607211002,0.9386973180076628,0.939872693135504,0.939597930118606,0.9404222191692998,0.9387736410679123,0.9358123063302347,0.9380562043015677
83,0.9349727526674909,0.9383385996244905,0.93839965807269,0.938147791973867,0.9377738089786447,0.9385217749690892,0.9382088504220665,0.9393918578559325,0.9378577643449192,0.9386057303353634,0.926638274488254,0.9328357069805071
84,0.9466020161166774,0.948463400435089,0.9483868002573766,0.9481723197597818,0.9482642399730368,0.9504703250911544,0.948402120292919,0.9483102000796642,0.9483102000796642,0.9487544811103962,0.9295584765756657,0.9353647700462664
85,0.9378729378729379,0.9326231934927587,0.9325468890686281,0.9324782150869105,0.9329360416316939,0.9315167793428663,0.9314633662459749,0.932363758450715,0.932668976147237,0.9296167991820166,0.9218642696903566,0.9221389656172265
86,0.9604971996276344,0.9650220519785737,0.9652509652509651,0.9648541822454866,0.9649915302089216,0.9668686190425322,0.9658461397591833,0.9649304866696171,0.9649457475544432,0.964320051276573,0.9449845102019016,0.9486623834449921
87,0.9369420238985456,0.9415050284615503,0.9414745066918979,0.9415660720008546,0.9412455934195064,0.9430540082713995,0.9433744868527478,0.9415660720008545,0.9418712896973765,0.939688983167244,0.9215437911090085,0.9271750576098402
88,0.9602578774700541,0.9659266041046769,0.9659571221484703,0.9657282368200198,0.965690089265278,0.9661173418783856,0.966170748455024,0.9661402304112305,0.9662317845426107,0.9643854428931106,0.9401693751430532,0.9429312581063554
89,0.9249542124542125,0.9256562881562881,0.9259004884004883,0.9257326007326007,0.9251831501831502,0.9249542124542125,0.9249542124542124,0.9265873015873015,0.9259691697191698,0.9241605616605617,0.9119963369963369,0.9148504273504273
90,0.9351461881218336,0.9365653421229323,0.9381599829091131,0.9378624183604956,0.9378853079411585,0.9368552768113287,0.9368552768113287,0.9379997558444729,0.9376945614356345,0.9352682658853689,0.9352377464444853,0.9361533296710004
91,0.9382793590489905,0.9387925487913232,0.9388997824688257,0.9392061644045466,0.9395891418241981,0.9375210637580808,0.9379193602745183,0.9390836116302582,0.9386546769202487,0.9401176506633169,0.9403780753086798,0.9406384999540427
92,0.9204510773362631,0.9165293291826894,0.9180018922053348,0.9171091985594824,0.9178416651406947,0.9174449124092046,0.915247512665568,0.9160867972898737,0.919741500335714,0.9151101751815907,0.9066105108954404,0.9140114753097723
93,0.9544802539217482,0.9521836659952391,0.9520539583714827,0.9520234389305988,0.9520997375328084,0.9510697064029787,0.9511002258438627,0.9534807422328023,0.9507721418543613,0.9499633766709393,0.9361075505096746,0.9374351461881218
94,0.9400259462759464,0.9359279609279609,0.9360195360195361,0.9362789987789988,0.9368513431013432,0.9346764346764347,0.9349664224664225,0.9372405372405372,0.9343788156288156,0.9409493284493284,0.9378815628815629,0.9389652014652015
95,0.9545891508354314,0.9573434042877851,0.9573128862439918,0.9572365911345082,0.957099259937438,0.9570840009155414,0.9574654764629587,0.9573281452658885,0.9560769054703594,0.958587014572366,0.9492637521934844,0.9535820553902494
96,0.9369192034790571,0.9350423437857633,0.9351186388952468,0.9351491569390402,0.9349965667200733,0.9350270847638665,0.9353017471580072,0.9349355306324865,0.9338368810559243,0.93676661326009,0.9340657663843748,0.9344014648661021
97,0.9326009683152542,0.9307777164920021,0.9297971440828583,0.9301955016240729,0.9311913954771098,0.9304866090580376,0.9294447508733222,0.9309462523748238,0.9303180731752161,0.9305478948336092,0.9187350615922043,0.9216767788196358
98,0.9554273328143366,0.951534856741616,0.9516417090259651,0.9543740745828945,0.9536413732045,0.9518554135946635,0.9556105081589351,0.9520691181633619,0.9506647738547724,0.9530765825586542,0.9346369312023936,0.9380562043015677
99,0.924774169921875,0.9292449951171875,0.9296417236328125,0.9299468994140625,0.929412841796875,0.9285888671875,0.929229736328125,0.9299468994140625,0.9295501708984375,0.9302520751953125,0.9130096435546875,0.916900634765625
100,0.9415202893463763,0.9466021639934684,0.9464648160300334,0.9464953377996856,0.9462053809879898,0.9454881194011628,0.9457780762128588,0.9461901201031636,0.9466784684175988,0.9442214659605964,0.9269308834526225,0.9317380621728448
101,0.9596502205197857,0.9625040059822668,0.9624887450974408,0.9608100477665695,0.9588413936240023,0.961321287408244,0.960726112900026,0.9630152456239414,0.9571169136386528,0.9644268774703558,0.9572084789476094,0.9576815663772186
102,0.9415423266644198,0.9472640093140109,0.9474172002818715,0.9474937957658016,0.9472257115720457,0.9479457091209901,0.948144857379209,0.9474708171206225,0.9463601826036337,0.9466129477006036,0.9351083060142774,0.9396580777597353
103,0.939594356261023,0.93599099920939,0.9355652861399989,0.9353828376816882,0.9351395730706076,0.9350027367268746,0.9350635528796448,0.9353676336434957,0.9357629386365018,0.9369184455391353,0.9327221309979931,0.9324788663869124
104,0.9689250019073777,0.9690547035934997,0.9689631494621195,0.9688563363088426,0.9690547035934997,0.9693598840314336,0.9694056610971237,0.9690089265278096,0.9689936675059129,0.9699244678416113,0.9571831845578698,0.9570916304264897
105,0.9600610687022901,0.9637099236641221,0.9641832061068704,0.9638320610687022,0.9640610687022899,0.9631297709923664,0.9634045801526717,0.963587786259542,0.9646564885496184,0.9610992366412213,0.9535267175572519,0.952442748091603
106,0.9301075268817204,0.9340786901270771,0.9340634164222873,0.9344452590420331,0.9341092375366569,0.9331164467253177,0.9336663000977518,0.9338037634408602,0.9337121212121212,0.9344758064516128,0.9189424486803519,0.921508431085044
107,0.9431601434348058,0.9441977569237812,0.944060425726711,0.9441367208361944,0.9446250095368887,0.9441519798580911,0.9441214618142977,0.9441824979018845,0.9438773174639505,0.9448691538872358,0.9390249485008012,0.942153047989624
108,0.9479171436857934,0.9497336325197294,0.9495657217871808,0.9496115156233305,0.9493367526064325,0.9493520172184823,0.9495504571751309,0.9494283402787318,0.9502526293294256,0.948451405107539,0.9444062829143197,0.9461769779121063
109,0.9524383544921875,0.9601974487304688,0.9602432250976562,0.9602890014648438,0.9603805541992188,0.9607391357421875,0.960693359375,0.9599990844726562,0.9609375,0.9571075439453125,0.93621826171875,0.9376678466796875
110,0.9467558651026393,0.9465038489736071,0.9458165322580646,0.945862353372434,0.9454957844574781,0.945488147605083,0.9460303641251223,0.9456790689149561,0.9463052908113392,0.9461907380254154,0.9218749999999999,0.9262585532746823
111,0.95179454312397,0.9509552584996643,0.9505127266068485,0.9509857779405482,0.9507111029725935,0.9502075321980101,0.950619544649942,0.9507721418543612,0.9502075321980101,0.9520234389305989,0.9452710126350486,0.9470640297869742
112,0.9618437118437119,0.9640644078144078,0.9640949328449328,0.9642628205128205,0.96389652014652,0.9630494505494506,0.9636752136752137,0.9642017704517704,0.9653846153846154,0.9648656898656899,0.9533730158730158,0.951572039072039
113,0.9365500824024905,0.9431728010742844,0.9419825428798144,0.9414484526643472,0.9426387108588171,0.9377479704571812,0.9375419642312152,0.9439281572361594,0.940319233351645,0.9405023499969482,0.9262497711041934,0.9325367759262649
114,0.9629465716422237,0.9661589878981183,0.9659453355105528,0.9658385093167702,0.9657927266622919,0.9664336838249881,0.9662658140919012,0.9658690310864224,0.9651136172875303,0.9659834877226182,0.9596807422894379,0.9612220916568743
115,0.9571659647195263,0.9574711591283648,0.9576695354941098,0.9577763535372033,0.9577458340963194,0.9567539522675945,0.9568912897515718,0.9577763535372033,0.9571964841604101,0.9588597936885797,0.9562198620521272,0.9575474577305744
116,0.9550490637447159,0.9555679338288033,0.9552932379019335,0.9552321943626291,0.954606498084759,0.9542326064065195,0.9544615196789109,0.955339020556412,0.955346650998825,0.9554229554229554,0.9542631281761715,0.9553466509988249
117,0.9607214795824941,0.9620032960996154,0.9619117377769639,0.9617896600134286,0.9620643349813831,0.9624458279924312,0.9620490752609413,0.9614692058841482,0.9609122260880181,0.9588292742476958,0.9408533235671122,0.9410059207715314
118,0.9649598578170007,0.9639792854078568,0.9641631427345713,0.9645461788318931,0.9645308573880004,0.9643776429490716,0.9647300361586075,0.9638260709689281,0.9648219648219647,0.962753569896427,0.9570080284365998,0.9572531715388858
119,0.9526443481445312,0.95501708984375,0.955291748046875,0.9553680419921875,0.95501708984375,0.954986572265625,0.955535888671875,0.955169677734375,0.9547882080078125,0.957183837890625,0.9459686279296875,0.9473419189453125
120,0.9381868131868132,0.9393162393162394,0.9392704517704518,0.9393009768009768,0.9393925518925519,0.9403769841269841,0.9413995726495726,0.9392094017094018,0.9382936507936509,0.9385225885225885,0.9251831501831502,0.9306013431013431
121,0.953826904296875,0.953338623046875,0.953765869140625,0.953857421875,0.95458984375,0.951385498046875,0.9517364501953125,0.9532470703125,0.954376220703125,0.9520721435546875,0.9467620849609375,0.9459075927734375
122,0.9357986450195312,0.9363250732421875,0.935882568359375,0.936187744140625,0.9359130859375,0.936614990234375,0.937164306640625,0.9359283447265625,0.9365386962890625,0.93511962890625,0.92730712890625,0.931304931640625
123,0.9376220703125,0.9419097900390625,0.9431610107421875,0.9433746337890625,0.9438018798828125,0.9429473876953125,0.943450927734375,0.9431304931640625,0.9422760009765625,0.9423980712890625,0.9193572998046875,0.9235992431640625
124,0.9679255359731441,0.9664454108491646,0.9672693980315862,0.9670405127031357,0.9669336995498589,0.9672083619439995,0.9668726634622721,0.967177843900206,0.9664682993820096,0.9682612344548714,0.960341802090486,0.9601892118715191
125,0.9545586327916381,0.9534599832150759,0.9531242847333485,0.9532921339742122,0.9543144884412909,0.949935149156939,0.9502403295948729,0.9533226520180056,0.9545357442587931,0.9520408941786831,0.9346150911726558,0.9383993286030365
126,0.9463980463980466,0.9466727716727716,0.946413308913309,0.946535409035409,0.9459401709401709,0.9471764346764346,0.9467948717948718,0.9460164835164836,0.9461156898656898,0.9472680097680097,0.9461843711843712,0.9492826617826617
127,0.938885496183206,0.9451679389312976,0.9451832061068702,0.9453053435114503,0.9450458015267175,0.9453740458015267,0.9454580152671757,0.9458396946564884,0.9448549618320611,0.9452519083969466,0.9324885496183205,0.9361526717557253
128,0.931353767560664,0.9351167670133188,0.9351167670133187,0.9347214620203126,0.9345846256765796,0.9354816639299397,0.9348582983640454,0.934957124612297,0.934926716535912,0.9337560055950861,0.9130937176914189,0.9158304445660768
129,0.963507326007326,0.9634004884004884,0.9635378510378511,0.9635378510378511,0.9634310134310134,0.9633547008547008,0.9633547008547008,0.9622329059829059,0.9636294261294261,0.9634615384615385,0.948397435897436,0.9469627594627593
130,0.922210693359375,0.9265594482421875,0.9264373779296875,0.926513671875,0.9266204833984375,0.9268798828125,0.9271392822265625,0.9268951416015625,0.9262313842773438,0.926544189453125,0.9178314208984375,0.9222412109375
131,0.9449081420898438,0.9552688598632812,0.9551925659179688,0.9551162719726562,0.9552001953125,0.9546661376953125,0.9546356201171875,0.9551620483398438,0.95550537109375,0.9517669677734375,0.9443511962890625,0.9481964111328125
132,0.9402662937743189,0.9396431177042801,0.9396735165369651,0.9396887159533074,0.9397495136186771,0.939749513618677,0.9395823200389104,0.9399623054474708,0.9400839007782101,0.9394607247081712,0.9326665856031129,0.9362688472762646
133,0.9586156381615089,0.9619117377769639,0.9616370628090094,0.9615607642067997,0.9617286211316609,0.9626136849172924,0.9626442043581762,0.9617896600134286,0.9617591405725447,0.9609808948300067,0.9512451931880608,0.9537630470609778
134,0.9280613412680248,0.9295185778591593,0.9290608072022584,0.929228656443122,0.9296864271000229,0.9275959411001755,0.9282825970855269,0.9296864271000229,0.928900587472343,0.9284962233920806,0.9214160372320134,0.923552300297551
135,0.9553389495453302,0.9563045527812415,0.9560916638788357,0.9562437273805542,0.9559091876767738,0.9559243940269456,0.9562437273805542,0.9562437273805541,0.9562437273805542,0.9566771083604514,0.9382774246525349,0.940071773972811
136,0.947338704754929,0.9510925959836415,0.9515122382957943,0.9516343160593297,0.9513443813709334,0.9531831776841848,0.9536104498565586,0.9513901605322589,0.9503601294024294,0.9522523347372276,0.9335286577549899,0.9366263810047001
137,0.948062015503876,0.9499240006079952,0.95,0.95,0.9501215990272077,0.9504635962912297,0.9504331965344277,0.9500075999392005,0.950265997872017,0.9492780057759539,0.9409484724122207,0.9434108527131781
138,0.9544809268672436,0.9543740745828945,0.9545114560913435,0.9545419853154432,0.9552899513058877,0.9549693944528398,0.954587779151593,0.9546793668238922,0.9539771946695975,0.9556563019950848,0.9346064019782938,0.9334920852986521
139,0.9289667335644347,0.9344401873137506,0.9352155932615702,0.935124369032415,0.9338168217478561,0.9402785379796874,0.939594356261023,0.9345466155810983,0.9333302925256948,0.9358237547892719,0.9253025603600316,0.9289971416408198
140,0.9590403211092867,0.9585689959253179,0.9584169555433925,0.9578696101684607,0.9568509396095602,0.9584777716961624,0.9576871617101502,0.9586754241926656,0.9583865474670072,0.9574743051754545,0.9464209694094753,0.9454783190415375
141,0.9538421630859375,0.9550094604492188,0.9549789428710938,0.9548568725585938,0.9549484252929688,0.9548110961914062,0.9548110961914062,0.9550399780273438,0.9541244506835938,0.952117919921875,0.941375732421875,0.9427337646484375
142,0.9683527885862516,0.969390402075227,0.9693904020752269,0.969481956206607,0.9693598840314335,0.9691691462577249,0.9692607003891051,0.9693141069657434,0.9698481727321278,0.9725795376516365,0.9651636530098421,0.963759822995346
143,0.9624933241779202,0.9620050354772259,0.9620050354772259,0.9620050354772259,0.9620050354772259,0.9617608911268788,0.9617608911268788,0.9620050354772259,0.9622186617837798,0.9558098725871671,0.9522392614633401,0.9520561532005798
144,0.9505190839694657,0.9552213740458015,0.9551755725190839,0.9551145038167939,0.9550687022900763,0.9552671755725191,0.9552366412213741,0.9551603053435114,0.9536412213740458,0.9566717557251908,0.9429007633587786,0.9477862595419847
145,0.9526912570390832,0.9558349993132603,0.9554611076350206,0.9552779770171074,0.9548354113571504,0.9558884124101517,0.9557968471011948,0.9555984555984556,0.9558884124101515,0.9554534771926076,0.9449845102019016,0.9478993392036871
146,0.952697032120241,0.9535896849011978,0.9535591668574045,0.9531319142442969,0.9537804226749066,0.9533302815289539,0.9531929503318838,0.9544365606164644,0.9529411764705883,0.9546044098573282,0.9323872739757382,0.9367513542381933
147,0.9535190121641082,0.9559702178509053,0.95630725863284,0.9573490210497289,0.9572877409075589,0.9558170174954806,0.9572111407298465,0.9562306584551277,0.9564298189171799,0.9560774580997028,0.9349204890155345,0.9377700156264362
148,0.9573428380350195,0.9568184581712063,0.9568792558365758,0.9569704523346303,0.9571224464980544,0.9569248540856031,0.9569856517509727,0.9570464494163424,0.9573808365758754,0.958505593385214,0.9551617217898832,0.9575328307392997
149,0.9589385986328125,0.9581069946289062,0.9583816528320312,0.9588699340820312,0.9590377807617188,0.9586257934570312,0.9597396850585938,0.9581985473632812,0.9591903686523438,0.9579925537109375,0.942779541015625,0.9463958740234375
150,0.9535060512072007,0.9562579821200511,0.956562062883902,0.9566532871130573,0.9566228790366722,0.9564100225019765,0.9566076749984797,0.9559082892416225,0.9554521680958463,0.9569421638387156,0.9433801617709664,0.9452046463540718
151,0.9454822954822955,0.9476800976800978,0.9476648351648352,0.9471459096459096,0.9472985347985348,0.9492063492063493,0.948489010989011,0.9481379731379731,0.9469703907203907,0.9484432234432235,0.9345238095238095,0.9343711843711844
152,0.9287851037851038,0.9285180097680097,0.9285485347985347,0.9288079975579975,0.9294184981684981,0.9280372405372406,0.9285409035409036,0.9287774725274726,0.9280296092796093,0.9278083028083028,0.9243437118437119,0.921916971916972
153,0.9319905394064241,0.9382009613183795,0.9384145876249332,0.9382467383840696,0.938277256427863,0.9388418402380407,0.9388418402380407,0.9383077744716564,0.9383382925154496,0.9371328297856107,0.912596322575723,0.917372396429389
154,0.9411688410772869,0.9471656366826886,0.9483253223468376,0.948073548485542,0.9471503776607919,0.948752574959945,0.9485923552300297,0.9465934233615626,0.9464408331425955,0.944258793011368,0.9236285954070345,0.9290913252460518
155,0.9348705009727627,0.9340497324902723,0.9350224951361867,0.934992096303502,0.9354632782101168,0.9334873540856031,0.9331833657587548,0.9346121108949417,0.9350680933852139,0.9355696741245136,0.9240941147859922,0.9289731274319066
156,0.9437728937728938,0.9456196581196581,0.9456959706959707,0.945558608058608,0.9454822954822955,0.9447954822954823,0.9446428571428571,0.9458485958485958,0.9459706959706959,0.9454059829059829,0.9367521367521368,0.9401862026862026
157,0.9577916132576452,0.9595007019471403,0.9590734297747665,0.9592870658609535,0.958432521516206,0.9619117377769638,0.962110114142709,0.9593175853018373,0.9594244033449307,0.9584783006775315,0.9486205212720503,0.9484679240676311
158,0.9507721418543613,0.9505737654886163,0.9506195446499419,0.9505890252090581,0.9505432460477324,0.9515351278764573,0.9508789598974547,0.9504974668864067,0.9507263626930355,0.9511231154245255,0.9361991088323262,0.938747482146127
159,0.9358968490119783,0.935362783245594,0.9351186388952468,0.9351033798733501,0.9353475242236973,0.9344930189974822,0.9347676813916229,0.9351949340047303,0.9351949340047304,0.93501182574197,0.9299763485160601,0.9326009002822919
160,0.9457170326735546,0.9373159155767852,0.9369954369954369,0.9369954369954369,0.936705480183741,0.9372548720374807,0.9372548720374807,0.9373311764616113,0.9358356097486532,0.941642376424985,0.9545988676423459,0.9527370396935614
161,0.9467185592185593,0.9486111111111111,0.9487026862026862,0.9486874236874236,0.9486721611721611,0.9481074481074481,0.948489010989011,0.9486111111111111,0.9500152625152625,0.9490384615384615,0.9432692307692307,0.9471001221001221
162,0.9412832837415122,0.939131761654078,0.9385137712672618,0.9384374761577783,0.9382238498512245,0.9363317311360341,0.9368200198367284,0.9382543678950179,0.9393606469825283,0.9356527046616312,0.9243457694361792,0.9238422217135882
163,0.9581349206349206,0.9599664224664224,0.9593864468864469,0.9596916971916972,0.9598901098901098,0.9578525641025641,0.9581578144078143,0.9599282661782662,0.9592643467643468,0.9602716727716728,0.9586233211233212,0.9595848595848595
164,0.9446682536775927,0.9501999023377892,0.9507187328328146,0.9499252273698345,0.9499710065311604,0.9514588292742475,0.950222791918452,0.949848928767625,0.9501312335958005,0.9498107794665201,0.9402734541903193,0.9455990966245499
165,0.9220848595848596,0.9226953601953601,0.9226190476190477,0.9227106227106228,0.9226037851037852,0.9215506715506716,0.9217796092796093,0.9226953601953602,0.9228479853479854,0.9237637362637363,0.9131410256410256,0.9150488400488401
166,0.9539843130073857,0.9554110968687054,0.9558841482024049,0.9562046023316854,0.9547701886101446,0.957608496612342,0.9577916132576452,0.9571354452786426,0.9557773301593115,0.9552432399438443,0.931392296893121,0.9312549594091437
167,0.9496573094594801,0.9484285081894644,0.9483216559051152,0.948352185129215,0.9488864465509609,0.948855917326861,0.9480087313580925,0.9484056112713896,0.948092686724367,0.9493672818305323,0.9465891224374533,0.9462838301964556
168,0.9400993743099006,0.9380827505827507,0.9388418598944914,0.9387805177278863,0.9380137406453198,0.9371319470003681,0.9374233222917434,0.940022696601644,0.9365875352717457,0.9391332351858669,0.924181082075819,0.921681388786652
169,0.9485442226698406,0.9551516816211927,0.9551516816211927,0.9551974607825184,0.9551059024598669,0.9560214856863822,0.9558994079228469,0.9551059024598669,0.955884148202405,0.9543123969968871,0.947689678325093,0.9511002258438626
170,0.9405893753719841,0.9469684252292947,0.9469684252292947,0.9469684252292947,0.9469684252292947,0.9475788606223389,0.9475788606223389,0.9469684252292947,0.9499442977703847,0.9476856868161216,0.9430311169441603,0.946403772490729
171,0.9315785458152133,0.9261921110856794,0.925963225757229,0.9261921110856794,0.9258411535820554,0.9253528648813611,0.9259784847791257,0.9274586099031054,0.926314183260853,0.9266498817425803,0.9214007782101168,0.9201953154802777
172,0.9530992492217543,0.9530916193615333,0.9533205151681622,0.9533815540499299,0.9527711652322529,0.9541140206311419,0.9537630470609778,0.9528779832753465,0.9533205151681621,0.952755905511811,0.9366721601660258,0.9397393639748519
173,0.9397698834157358,0.9446682536775926,0.944790331441128,0.9446835133980346,0.9450192272477568,0.9446224745162669,0.9444088384300799,0.9453702008179211,0.9453015320759325,0.9452481230543858,0.9356802783373009,0.935848135262162
174,0.9626650733829704,0.965483959922787,0.9655299200294145,0.9655758801360418,0.9656065202071269,0.9654073597450746,0.9655912001715843,0.9654533198517019,0.9656754603670681,0.9646719980390354,0.9582069430401079,0.9599074669853233
175,0.9569948265600439,0.9585666976971325,0.9583683061943932,0.9581851755764799,0.958353045309567,0.9584751323881758,0.9586887847757413,0.9587269369878065,0.9574221313351747,0.9589176980481328,0.9390632868893739,0.9410777236864193
176,0.9522523347372276,0.9539614234267229,0.953930903985839,0.9543581761582128,0.9541903192333517,0.9542360983946773,0.9550143441372153,0.9541903192333516,0.9534273332112556,0.9552584996642862,0.9390679362754073,0.9402124153085516
177,0.9411692889953759,0.941459245807072,0.9412150716498543,0.9408030277595496,0.9408945930685061,0.941169288995376,0.9405435927175056,0.9414592458070719,0.9417797243884201,0.94087933218368,0.9380865902605032,0.9367588932806323
178,0.9481919067026913,0.949542824869106,0.9496649417655051,0.9499702340065027,0.9495122956450063,0.9485353604738136,0.9481842743966662,0.9505197600402987,0.9495199279510312,0.949535192563081,0.9361328631832821,0.9384836134389645
179,0.9379081975218213,0.9404413111151804,0.9404107916742965,0.940899102728438,0.9405023499969482,0.9398156625770615,0.9405481291582738,0.9404260513947384,0.9407312458035769,0.940700726362693,0.9406091680400416,0.9431270219129586
180,0.9536895751953125,0.9540328979492188,0.9542312622070312,0.9542617797851562,0.9541091918945312,0.953704833984375,0.9540557861328125,0.9540328979492188,0.9542388916015625,0.9539794921875,0.9376068115234375,0.9384918212890625
181,0.9522697795071335,0.948180361638819,0.9493095292591746,0.9497062638284887,0.9498893720912489,0.9478294041351949,0.9484550240329594,0.9487602044708934,0.94789806973373,0.9525597009231709,0.9453574425879301,0.9458762493324178
182,0.9589613970588234,0.9583946078431373,0.958578431372549,0.9584252450980392,0.9584712009803922,0.9574601715686275,0.9574448529411764,0.9584712009803922,0.9582107843137254,0.9572763480392157,0.9475183823529413,0.9462775735294118
183,0.9280351583958982,0.9334370994323384,0.9325825550875908,0.9323078801196361,0.9328572300555453,0.9331013855826161,0.9325367759262652,0.9336431056583043,0.9316898614417384,0.9365958615638161,0.9218244521760361,0.9226789965207838
184,0.9494619406614786,0.955594905155642,0.9557316999027237,0.9555113083657588,0.9548881322957199,0.9565980666342413,0.9560888861867705,0.9563168774319065,0.9557392996108948,0.9556633025291829,0.9489603599221791,0.9521370379377432
185,0.9465476462958724,0.9456321049820706,0.9461356527046616,0.9464789806973373,0.9458152132448311,0.9481803616388189,0.9483329518577859,0.9454337376974136,0.9455405508506904,0.9460288395513847,0.9471885252155336,0.9500724803540093
186,0.9243305104142824,0.9234454871442741,0.9236285954070343,0.9235065232318608,0.923247119859617,0.9244525825894561,0.9244831006332493,0.9237506675822079,0.9239642938887618,0.9226825360494392,0.906111238269627,0.9112535286488136
187,0.9526870229007633,0.9536488549618322,0.9534503816793892,0.9535114503816794,0.9538625954198473,0.9543053435114505,0.9545038167938931,0.9532824427480916,0.9534961832061069,0.9548854961832062,0.924824427480916,0.9316030534351144
188,0.9585800170898438,0.95916748046875,0.9592437744140625,0.95916748046875,0.95916748046875,0.9592742919921875,0.9592742919921875,0.95941162109375,0.9589385986328125,0.959014892578125,0.9513397216796875,0.951690673828125
189,0.923014710370506,0.9181163401086493,0.9182689373130684,0.9182841970335104,0.9197872794970396,0.9171549777208081,0.91717023744125,0.9184673136788134,0.9188335469694195,0.9203289995727278,0.9099371299517791,0.91407251419154
190,0.9549185311284047,0.9530566026264593,0.9531477991245136,0.9532389956225681,0.9535733827821011,0.9519546449416343,0.9525626215953309,0.9531325997081712,0.9528590102140078,0.9542497568093385,0.9482155885214009,0.9464372568093385
191,0.9512976070104483,0.9359775714679658,0.9360848117167633,0.9360541716456783,0.9363299322854428,0.9431550081196188,0.94439593099856,0.9358090510769985,0.9357477709348286,0.9448938321536906,0.933066764714894,0.9357784110059135
192,0.9420157167925536,0.9479514763103685,0.9471274891279469,0.9470359349965667,0.9468223086900129,0.9474021515220874,0.9470511940184635,0.9480430304417488,0.947325856412604,0.9467002365148394,0.9233539330128939,0.926619363698787
193,0.9475828519306779,0.9490726664639708,0.9485405898449377,0.9485861964122833,0.948631802979629,0.9498631802979629,0.9489054423837032,0.9500532076619033,0.9498935846761934,0.9512009729401034,0.9569017938583155,0.9591973244147158
194,0.9528343633173113,0.9571145189593346,0.9571526665140764,0.9571526665140764,0.9572899977111468,0.9575036240177004,0.9575951781490806,0.9571374074921798,0.9560616464484626,0.9592126344701304,0.9497367818722819,0.9552300297550926
195,0.934326171875,0.9374542236328125,0.937286376953125,0.937591552734375,0.9376220703125,0.93798828125,0.9383544921875,0.9373321533203125,0.9365005493164062,0.9365081787109375,0.9168853759765625,0.9206390380859375
196,0.9414963693740616,0.9418180704065688,0.9416955176322803,0.9417414749226385,0.9411899874383406,0.9423695578908667,0.9418640276969269,0.9410980728576244,0.9414350929869175,0.9429516835687368,0.9353840497564264,0.9359585158859033
197,0.9427716819021167,0.9434507912768783,0.9436034001251392,0.9439544004761395,0.9437560089734004,0.9448929448929448,0.9458696415218155,0.9436949654340958,0.9434431608344652,0.9450760755108583,0.942817464556595,0.9452897278984237
198,0.9298687423687423,0.9312271062271062,0.9317155067155067,0.9313797313797314,0.9312576312576312,0.9355006105006104,0.9341422466422468,0.9319444444444445,0.9315628815628817,0.9311813186813186,0.9242521367521368,0.927579365079365
199,0.9365343511450382,0.9362595419847327,0.9364274809160305,0.9363206106870229,0.9362290076335879,0.9370229007633588,0.9368549618320611,0.9364122137404579,0.9364885496183206,0.9359083969465649,0.936793893129771,0.9393129770992366
200,0.9269211988036379,0.9218626014771409,0.9220457181224441,0.9216031862296281,0.9214353293047672,0.9222746139290727,0.9218549716169199,0.9237395470914972,0.9232588658975768,0.9257919794909357,0.9322773606787523,0.9356802783373008
201,0.9541257802127368,0.9553924336533033,0.9553771727684771,0.9554076945381291,0.9560333908159995,0.9554229554229553,0.9556976513498252,0.9556213469256949,0.9556823904649993,0.9554229554229554,0.9489523402566881,0.9483571657484702
202,0.9732134645452039,0.9730525154051319,0.9735123700910512,0.9734817131119899,0.9737882829026028,0.9733130997271531,0.9730678438946626,0.973435727643398,0.9728992305098257,0.9733437567062142,0.9600692847726785,0.9616787761733958
203,0.9631754849146152,0.9619775054557663,0.9615578311230486,0.9618172661650923,0.9618935705892228,0.9619469836861142,0.9622979840371145,0.9620080272254184,0.9626260930608757,0.9655714438323134,0.9570253483296961,0.9557434340043035
204,0.9604663180933852,0.9566664640077821,0.9566816634241245,0.9566436648832685,0.9566208657587549,0.9568792558365757,0.9568336575875485,0.9567652602140078,0.9566360651750972,0.9585055933852139,0.9498267266536964,0.951650656614786
205,0.9375753414206149,0.9448691538872359,0.9447775997558556,0.9448538948653391,0.9449149309529258,0.9449073014419774,0.9449683375295644,0.9447470817120622,0.9450141145952544,0.9413290608072024,0.929228656443122,0.9338673990997176
206,0.9329335286577549,0.9326283342489166,0.9328419703351034,0.9327046328511261,0.9313465177317952,0.9336507355185253,0.9330861258621742,0.9324299578831715,0.9329335286577549,0.9319263871085881,0.9150949154611486,0.9183910150766038
207,0.9530727791597358,0.9556060860408687,0.955636607810521,0.9555908251560425,0.9556671295801731,0.9557434340043036,0.9561859996642607,0.9556213469256948,0.95565949913776,0.9566896088635218,0.9449539884322493,0.9470599905382513
208,0.9453431372549019,0.9481004901960784,0.9478860294117646,0.9478860294117647,0.9476715686274509,0.9478553921568628,0.9478707107843137,0.9481311274509803,0.9501531862745098,0.9480851715686275,0.9339613970588234,0.9407628676470587
209,0.9578608642353663,0.9572479313515171,0.9575543977934418,0.9577229543365003,0.9578915108795587,0.9574471345387681,0.9575543977934416,0.9572632546736133,0.9568648482991113,0.9581060373889058,0.9441005209929513,0.944406987434876
210,0.941468253968254,0.9455433455433455,0.9456654456654457,0.9453754578754578,0.9451465201465201,0.9477564102564102,0.9475122100122101,0.9460775335775334,0.9463369963369963,0.9451923076923077,0.9366300366300365,0.9395757020757021
211,0.9453679534734626,0.9460166994855826,0.9459403764253332,0.9459022148952085,0.9462533009723557,0.9465585932133534,0.9465967547434783,0.9466196516615529,0.9454061150035874,0.9454137473096123,0.9429866739936805,0.9446047228709682
212,0.943249938830438,0.9407572791778811,0.9408949106924395,0.9408796183019329,0.9407725715683877,0.9413995595791536,0.9413536824076341,0.9409102030829459,0.9416748226082702,0.9384022510398826,0.9201737215561536,0.9265812331783705
213,0.9307003220046699,0.9387122865383736,0.9389717215804172,0.938620721229417,0.9385138950356341,0.9373388069040243,0.937438002655394,0.9385749385749386,0.9389640911380043,0.9374151113281548,0.9351565003738916,0.9422680727028552
214,0.9578094482421875,0.9621734619140625,0.962249755859375,0.9621429443359375,0.9623565673828125,0.9635162353515625,0.9632110595703125,0.96234130859375,0.9632720947265625,0.96148681640625,0.9432830810546875,0.948760986328125
215,0.9465127993772038,0.9518401489826137,0.9514585336813665,0.9512753583367679,0.9523744104043596,0.9528018195417564,0.9526339088092076,0.9517332966982646,0.9515043275175161,0.9513058875608676,0.9461311840759569,0.9502526293294256
216,0.9586537577744416,0.9583243971935415,0.9580026961610343,0.9583703544838996,0.9583550353871134,0.9581635466772879,0.9590367351940929,0.9579414197738902,0.959343117129814,0.9571524862894083,0.9482061337663531,0.9500750635742516
217,0.9311984732824425,0.9344122137404579,0.9352824427480915,0.9355877862595421,0.9360152671755725,0.9356488549618321,0.9362213740458014,0.9335572519083969,0.9338167938931298,0.9320305343511449,0.9112519083969466,0.9162900763358778
218,0.9222886029411765,0.927267156862745,0.9274739583333333,0.9274892769607843,0.9284466911764705,0.9271216299019608,0.9274126838235295,0.927282475490196,0.9272135416666666,0.9276654411764707,0.9289981617647058,0.932077205882353
219,0.9541832669322708,0.9590450458701593,0.9590450458701593,0.9590450458701593,0.959075575094259,0.9571827632000733,0.9571827632000733,0.9590450458701593,0.9590603104822091,0.956541649493978,0.9571674985880234,0.9578391415182184
220,0.9504358046740242,0.9494359725847568,0.9494359725847568,0.9494359725847568,0.9494359725847568,0.9464670055410542,0.9464670055410542,0.9494359725847568,0.9457419364686847,0.9528018195417564,0.9457800979988094,0.945841156447009
221,0.9629951779283403,0.9632927424769578,0.9632317035951902,0.9632164438747483,0.962873100164805,0.9635140084233658,0.9635903070255754,0.9632774827565158,0.9619956662393946,0.9641854361228103,0.9525880485869499,0.9577610938167612
222,0.9551516816211928,0.9580968076664834,0.9583562229139961,0.9580662882255997,0.9579747299029482,0.9574864188488066,0.9571964841604101,0.9575169382896905,0.9582494048709027,0.9573490813648293,0.9467588353781359,0.9490935726057498
223,0.9420478568583595,0.9403857348570728,0.9399261619534913,0.9386699960170348,0.9373372345966481,0.938432550016851,0.9372529795643249,0.940431692147431,0.9393210576304422,0.9382487208554183,0.9352155396917797,0.9336223536260302
224,0.9291689648832506,0.933213826070969,0.9330452901881473,0.9331372188515046,0.9322026107740393,0.9330146473003617,0.9335662192805051,0.9326775755347183,0.9329227186370043,0.932018753447325,0.9199148127719555,0.9247563890421033
225,0.9382697208784165,0.9373845895585026,0.937598241946068,0.9378271552184596,0.9386054603445909,0.9358127184214141,0.9362705449661971,0.9375066766371115,0.9382926122056557,0.9368351977047629,0.9341950646298472,0.9349733697559786
226,0.9245470226374196,0.9281647356932422,0.927691532719696,0.9279052372883944,0.9276915327196957,0.9285768802185893,0.9290653478041856,0.9280884126329928,0.9291722000885348,0.927416769702798,0.9182427378608173,0.9246691395338187
227,0.9504605843188519,0.947078405739823,0.9474432250022802,0.9478916486790503,0.9471164077463291,0.9473672209892683,0.9476788374426169,0.9472608153710516,0.9466527832669565,0.9496701425835283,0.9437418295686013,0.9422825525187729
228,0.949920654296875,0.953033447265625,0.9531097412109375,0.9525604248046875,0.9523773193359375,0.95233154296875,0.9519500732421875,0.9532012939453125,0.9534759521484375,0.95166015625,0.9393768310546875,0.94091796875
229,0.9504195038910506,0.958984375,0.958984375,0.958984375,0.958984375,0.958467594844358,0.958467594844358,0.958984375,0.9501231152723737,0.9570920476653697,0.9502523103112841,0.9527602140077821
230,0.9344239779022387,0.9379721336243076,0.938033177163612,0.9380865902605035,0.9377203290246767,0.9379187205274162,0.9382163077815251,0.9377737421215683,0.9397576571489614,0.9360111099241534,0.9134402612663483,0.9186747447617012
231,0.9442772000243265,0.9465730097914006,0.9465121936386304,0.9455999513470779,0.9457976038435809,0.9470291309371769,0.9464817855622453,0.9466186219059782,0.9467706622879037,0.9459496442255063,0.9353068174907255,0.9386973180076629
232,0.9498146389288888,0.9511474003492755,0.9509942093814149,0.9508103802199823,0.9506878274456938,0.9506418701553356,0.9505652746714053,0.9504120837035448,0.9511167621557034,0.9494929378963817,0.9415729648579919,0.9429670026655228
233,0.9537442580920843,0.9516916690829734,0.9517221908526255,0.9518900605857129,0.95178323439193,0.9515390602347124,0.951615364658843,0.951767973507104,0.9516077342164299,0.954156301982389,0.9490286446808185,0.9478382956643826
234,0.9329103486188098,0.9413089620840778,0.9405378166659031,0.9404309252217997,0.9401102508894895,0.9417441629636416,0.9420953777085529,0.9410493685769694,0.9408813963076641,0.9393314703681648,0.9210072228075801,0.925954769648938
235,0.9222212049075261,0.923228346456693,0.9238692547152537,0.9242049685649759,0.9239302935970213,0.9234419825428798,0.923792956113044,0.9238997741561376,0.9235106512848685,0.9250900323506074,0.9161936153329671,0.9178874443020204
236,0.9588926046390888,0.9619237405897354,0.9616794172889275,0.9612518515125139,0.9617710385267304,0.9602134774840807,0.9598164521202681,0.9616870523920779,0.9619619161054864,0.9619466458991861,0.952570739230687,0.9519293905660666
237,0.9559548332951858,0.9564812695506218,0.956572823682002,0.956618600747692,0.956420233463035,0.9562829022659648,0.9563744563973449,0.9566338597695887,0.9559700923170824,0.958480201419089,0.9419394216830702,0.946364538033112
238,0.9381934164542859,0.9377661116791551,0.9378271552184596,0.9381171120301555,0.9382926122056557,0.9382086773391122,0.9384528514963297,0.9382544599935906,0.9380484380484381,0.9363926320448059,0.9201703114746592,0.9229935751674883
239,0.9530487060546875,0.956329345703125,0.9564056396484375,0.9565277099609375,0.956390380859375,0.9562759399414062,0.9563674926757812,0.956512451171875,0.957183837890625,0.9566650390625,0.9506072998046875,0.9521331787109375
240,0.9696331563205763,0.9717542574620033,0.9720441921503997,0.9718000366233291,0.9718381859244339,0.9740126960874076,0.9725172434840993,0.972410425441006,0.9719068546664225,0.9715864005371422,0.9411432582555088,0.946346822926204
241,0.9413491073872449,0.9393950913901645,0.9392126151881026,0.9394255040905082,0.9408701073568324,0.9374486785681703,0.9384979167300265,0.9399121072960069,0.9404063136765913,0.9408472978315745,0.9353882181198869,0.9366655515343207
242,0.971908140688182,0.9777294575417715,0.9777447165636682,0.9777294575417715,0.9777294575417715,0.9781033035782407,0.9781643396658274,0.9778439002059968,0.9781185626001373,0.9757839322499428,0.962050812542916,0.9629663538567177
243,0.9352106227106227,0.9422619047619049,0.9423992673992675,0.9421398046398046,0.941231684981685,0.9440323565323565,0.9425213675213675,0.9423992673992675,0.9438415750915752,0.9421703296703297,0.9228021978021977,0.9282203907203908
244,0.9460721479582495,0.9470106207654276,0.9467664652383568,0.9460263687969237,0.9458585118720624,0.9471784776902886,0.9465146798510652,0.9468580235610083,0.9466672770554844,0.9498870780687297,0.9451413050112922,0.9497039614234267
245,0.9495124494051271,0.9529774316202624,0.9530080951796885,0.9529620998405496,0.9528547773825585,0.9530387587391144,0.9529620998405495,0.9530540905188274,0.952302833312891,0.9526861278057156,0.9408499938672883,0.945158223966638
246,0.9625468164794007,0.9631377785964266,0.9631838275925584,0.9628768342850125,0.9627540369619942,0.9631454534291153,0.9626696138024191,0.9637440903788297,0.964127832013262,0.9623779701602504,0.9495916989009641,0.9506815251427518
247,0.9416897212172802,0.9429513878332776,0.9429969902410847,0.9431793998723133,0.9434074119113489,0.9419709360654243,0.9421001428875445,0.9434530143191561,0.9431185966619039,0.9435898215425774,0.9277961876387074,0.929878697595233
248,0.926831501831502,0.934210927960928,0.9343635531135531,0.9342261904761905,0.934271978021978,0.9345543345543346,0.9343406593406594,0.934271978021978,0.9348061660561661,0.933913308913309,0.9119200244200244,0.9165598290598291
249,0.9460252317981456,0.9473476212190304,0.9465572275421797,0.9464356285149718,0.9476060191518467,0.9459340325277398,0.9462684298525611,0.9465116279069767,0.946906824745402,0.949734002127983,0.9370117039063687,0.9364645082839337
250,0.9391395913135044,0.9398873746699834,0.9399636790941139,0.9400857661727228,0.9398721137851573,0.9402078532513315,0.9401925923665054,0.940146809712027,0.9399026355548095,0.9406962015657667,0.9342713690539778,0.936835197704763
251,0.9513788209440383,0.9564454347063043,0.9565064782456086,0.9564759564759565,0.9564759564759564,0.9567811741724785,0.9567964350573046,0.9565217391304347,0.9543241717154761,0.9525081264211699,0.9450760755108581,0.9507226028965159
252,0.9347381591796875,0.93499755859375,0.9349822998046875,0.934906005859375,0.93499755859375,0.933807373046875,0.9338836669921875,0.9348297119140625,0.93524169921875,0.9322052001953125,0.9300689697265625,0.928497314453125
253,0.9527254964815068,0.9533208163514524,0.953091847170704,0.9529239364381554,0.9531681702309535,0.9523133519561601,0.9520843827754117,0.9537329608767994,0.9542519576864954,0.9514280044572667,0.946497534765154,0.9471997069194485
254,0.9554645058902521,0.956647134224501,0.9565860953427333,0.9565555759018495,0.9563571995361045,0.9580586583653788,0.9580891778062627,0.9564334981383141,0.9573490813648294,0.9554110968687054,0.9489714948422145,0.945171824452176
255,0.9521679389312978,0.9540916030534352,0.9540763358778626,0.9540305343511452,0.9538015267175574,0.955145038167939,0.9551908396946565,0.9541984732824428,0.9533282442748092,0.9549770992366413,0.9459694656488549,0.945969465648855
256,0.9332875457875458,0.9216117216117217,0.9222527472527473,0.9220085470085471,0.9221306471306472,0.9220848595848596,0.9217643467643468,0.9231684981684981,0.9214896214896215,0.9240231990231991,0.9254578754578755,0.9237026862026863
257,0.9351649020323719,0.9356821224291104,0.93578860898138,0.9355756358768408,0.9354387245953512,0.9348758671047829,0.9346020445418035,0.9359863697213094,0.9339174881343556,0.9364275282949982,0.9414171838870634,0.9426493854204697
258,0.9503906488433133,0.9533586644692671,0.9533739241897089,0.9531908075444058,0.9532823658670573,0.9549380455350058,0.9545870719648417,0.9534197033510345,0.9529085027162303,0.9540835011902582,0.9522828541781114,0.9535646706952328
259,0.9676488549618321,0.9663435114503817,0.9668396946564884,0.9667786259541985,0.966946564885496,0.9662900763358779,0.9663053435114504,0.9664198473282444,0.9671374045801526,0.9693893129770991,0.9497404580152672,0.9484274809160306
260,0.9447250751598578,0.9445800967540098,0.944595357638836,0.9448090100264014,0.9449616188746623,0.9429013994231386,0.9433592259679217,0.9446258794084881,0.9455873151525326,0.9441146397668136,0.9387428083080257,0.9375524592915897
261,0.9461822509765625,0.9485015869140625,0.9488067626953125,0.94891357421875,0.9491119384765625,0.9482421875,0.9485931396484375,0.9488677978515625,0.9486236572265625,0.947845458984375,0.9308013916015625,0.9334259033203125
262,0.9596273291925466,0.9600622644100905,0.9598333511376989,0.9601996123735254,0.960443786530743,0.9588871762784806,0.9593144810536115,0.9597875684832207,0.9600470035252645,0.9601996123735255,0.951012559708212,0.9459154241762938
263,0.9540595843449845,0.9561516026081512,0.9560599813703483,0.9557545772443385,0.9549757967230137,0.9569380182326264,0.9566326141066166,0.9557774825537892,0.9551895796112206,0.9577778795791532,0.9446455021607342,0.9471650862003145
264,0.9451107855704084,0.9451565647317342,0.9452328633339439,0.9451107855704083,0.9450955258499664,0.9455914667643288,0.9452252334737228,0.9450955258499665,0.9449124092046636,0.9414637123847892,0.9325672953671489,0.936809497650003
265,0.9569338032485444,0.9610787618755745,0.9613392583512105,0.961032791909286,0.9610174685871897,0.959975482684646,0.9604045357033404,0.9614005516395955,0.9611400551639595,0.9636224333435489,0.9411431198283788,0.9444223107569722
266,0.9482224359267909,0.9494741341148814,0.9496267802353803,0.9493825464425821,0.9493062233823328,0.9500389247607273,0.9496573094594802,0.9491841064859337,0.9496115156233305,0.9496420448474303,0.9412465082199937,0.9457648333867595
267,0.943249099676494,0.9459042910333882,0.9459958493560399,0.9460721479582495,0.9460874076786913,0.9451870841726179,0.9452481230543857,0.9466672770554844,0.9457822132698528,0.9466520173350423,0.9378471586400539,0.9406702069218092
268,0.944258793011368,0.9452048523689631,0.9443503471427481,0.9449454489967193,0.9449149309529259,0.9431601434348058,0.9440756847486077,0.9446402685587852,0.9456778820477607,0.9439383535515373,0.919020370794232,0.9239642938887618
269,0.9453574425879301,0.9457007705806058,0.9461738002594033,0.9468528267338063,0.9464103150988021,0.9471274891279469,0.9479362172884718,0.9464637216754406,0.9469062333104448,0.9440604257267109,0.934401464866102,0.9387731746395056
270,0.9330805759803923,0.9486213235294119,0.9471354166666666,0.9471507352941178,0.9459558823529411,0.945749080882353,0.945626531862745,0.9480392156862745,0.9474800857843138,0.9475337009803921,0.9389859068627451,0.9428538602941176
271,0.9559283088235295,0.9561810661764706,0.9559742647058824,0.9570389093137256,0.9571461397058824,0.954312193627451,0.9555606617647059,0.955935968137255,0.9550245098039216,0.9549325980392157,0.9360906862745098,0.9324754901960786
272,0.9524575596004168,0.9496920389777532,0.9497686461972177,0.949370288656003,0.949967824967825,0.9499831464117178,0.9495541459827174,0.950511736226022,0.949423913709628,0.9510173438744868,0.9409358337929766,0.9423147637433351
273,0.930903453307393,0.9322866001945526,0.9323169990272373,0.9322106031128404,0.9315722276264591,0.930462670233463,0.9305690661478601,0.9323017996108949,0.9337761429961089,0.9296419017509727,0.9158712305447472,0.920324659533074
274,0.9480711713361412,0.948895196240005,0.9489104559604469,0.9490020142830983,0.9498107794665201,0.9479490935726058,0.9481779893792346,0.9488188976377951,0.9495208447781237,0.9483763657449796,0.9488494170786791,0.9510925959836416
275,0.9417582417582417,0.9405982905982906,0.940636446886447,0.9411401098901099,0.9412393162393162,0.9400869963369963,0.9411935286935287,0.9448489010989012,0.9405830280830281,0.9408119658119658,0.9364163614163614,0.9398351648351647
276,0.9343945751991729,0.9373441586085264,0.9377090555251475,0.9376026272577996,0.9367207930426322,0.9366447728516695,0.9359757951711974,0.9388797664659733,0.9375874232196072,0.9374809949522593,0.9266557197591682,0.9282673478075777
277,0.9404761904761905,0.9425976800976801,0.9428113553113553,0.9421855921855923,0.9417124542124541,0.9418192918192917,0.9414529914529914,0.9431776556776557,0.9426282051282051,0.9428876678876679,0.9290445665445666,0.9331807081807082
278,0.9615713391644151,0.9615026484101905,0.9618232052632383,0.96159423608249,0.9612126207812429,0.9618995283234877,0.9615637068583902,0.9618689990993878,0.9611210331089435,0.9625864358657324,0.9539619300575476,0.9547862191082412
279,0.9595835233318134,0.9579875360997112,0.9579571363429092,0.9576683386532909,0.9574707402340781,0.9581623347013224,0.9575239398084815,0.9577291381668946,0.9575999392004864,0.9590363277093783,0.9546131630946952,0.9533819729442164
280,0.9449863381722153,0.9418265634778892,0.9417960342537895,0.9414144189525424,0.9416433881332906,0.9404603806994246,0.9399719131138281,0.9422692372273359,0.9402237792126514,0.9426661171406329,0.9372777090870236,0.9355528079253866
281,0.9594262607766842,0.9620965896086061,0.9620813305867093,0.9621118486305027,0.9621271076523995,0.9619745174334325,0.9618677042801556,0.9621423666742962,0.9613641565575646,0.9629510948348211,0.9476005188067445,0.9472343022812237
282,0.9473644212062257,0.9526690175097277,0.9528970087548639,0.9525930204280155,0.9530946011673153,0.9531705982490273,0.9525474221789885,0.9531705982490273,0.9528362110894942,0.9535201848249026,0.9436861624513619,0.9478356031128405
283,0.951779283403528,0.9448971494842215,0.9447140328389184,0.944607214795825,0.9443630592687543,0.9441952023438931,0.9441952023438931,0.9452023438930599,0.9443477995483123,0.9458432521516207,0.9411432582555088,0.9398919611792712
284,0.9483419048636439,0.9499137760007326,0.9500358630793413,0.9500969066186458,0.9500816457338195,0.9501274283882979,0.9502647763517329,0.9501579501579502,0.9508599508599508,0.9500358630793413,0.945533902055641,0.945961206830772
285,0.9517450821798648,0.9479374914157523,0.9479222305309262,0.9483037526515788,0.9480824698216003,0.9477696216826652,0.9482274482274483,0.9480595784943612,0.9475025561982083,0.9497764280372977,0.935354891876631,0.9341187602057166
286,0.9541298407900964,0.955503655874586,0.9557020958312346,0.9557936835035338,0.9554578620384363,0.9555647143227854,0.9556868312191846,0.9555189204866359,0.9562821510891302,0.9545725145395431,0.9509395368716704,0.9511074476042192
287,0.9376945614356345,0.9412805957394861,0.9405328694378319,0.9417689067936276,0.941295855459928,0.9410364402124153,0.9412042971372764,0.9392357932002686,0.9407541353842398,0.9398767014588292,0.9264176280290546,0.9303088567417443
288,0.9500291062838934,0.9457091209902264,0.9460001838291614,0.9460767793130918,0.9462912466680965,0.9450503998284262,0.945295505377003,0.9453414626673613,0.9458776310548731,0.9455406109255798,0.9425840252458716,0.9431048745365973
289,0.9592830882352941,0.9599034926470588,0.9599800857843137,0.9589460784313726,0.9589154411764705,0.9601485906862745,0.9602481617647057,0.9600260416666666,0.9619178921568626,0.9598651960784315,0.9357383578431372,0.9380055147058823
290,0.9460568882378074,0.9490172740035403,0.949124092046634,0.9491393517670756,0.9490172740035402,0.9487883781969114,0.9488799365195629,0.9493072086919369,0.949429286455472,0.9511231154245255,0.9506805835317098,0.9512146737471769
291,0.9481282524760787,0.9480824698216003,0.9485708181360355,0.9484487310574268,0.9483571657484703,0.947899339203687,0.9477772521250782,0.9480824698216002,0.9487997314084271,0.9477925130099044,0.9326842370320632,0.9324400628748454
292,0.9541349954393433,0.9578215262997871,0.9576695044086347,0.9574946792338097,0.9574414715719064,0.9582851930678018,0.9567041653998175,0.9559212526603832,0.9573730617208879,0.9577379142596535,0.9468227424749165,0.9528884159318943
293,0.94601593625498,0.9500766166104812,0.949662886913883,0.9495709469813055,0.9491112473184187,0.9519460619062213,0.9512718357339871,0.9505822862396568,0.9499080600674227,0.9513178057002759,0.9522372050260497,0.9555317192767393
294,0.9515629056148548,0.9533037091331104,0.9532426283079084,0.9538152610441766,0.9533113442362606,0.9537160047032237,0.9535938430528196,0.9531968176890069,0.952631820055889,0.949913723334402,0.9282147601814101,0.9324598775329455
295,0.962476347433315,0.9645974485747422,0.9645821888543001,0.9642617347250199,0.9642159555636939,0.9649102728438015,0.9646661173167308,0.9647805652200452,0.964055728499054,0.9654977720808154,0.9487731184764694,0.9506805835317097
296,0.9675948443579765,0.9672148589494164,0.9675036478599222,0.9676556420233463,0.9669108706225681,0.9680204280155642,0.9684004134241246,0.967017266536965,0.9678836332684824,0.966318093385214,0.9578216196498055,0.9578216196498055
297,0.95458984375,0.956878662109375,0.9570465087890625,0.9570770263671875,0.9571685791015625,0.9566802978515625,0.956817626953125,0.956939697265625,0.9570159912109375,0.95550537109375,0.9330291748046875,0.93768310546875
298,0.9446598222494637,0.9422004290530187,0.9421238124425376,0.9424149555623659,0.9423996322402697,0.9415262028807846,0.9418633159669016,0.9424302788844622,0.9426141587496168,0.941893962611094,0.9461538461538461,0.9460619062212688
299,0.9438977283178517,0.9455838621662221,0.9457831325301206,0.9456298476348141,0.9452772923756093,0.9460283883626108,0.94553787669763,0.9458444464882431,0.9455685336766914,0.9461203592997947,0.9327385879395443,0.9372758208406142
300,0.9535903930664062,0.9545516967773438,0.95452880859375,0.9542617797851562,0.9542083740234375,0.9539337158203125,0.953765869140625,0.9542694091796875,0.95465087890625,0.9553680419921875,0.9494781494140625,0.947174072265625
301,0.9372634887695312,0.9393768310546875,0.939453125,0.9397125244140625,0.9393463134765625,0.9399566650390625,0.9398345947265625,0.939849853515625,0.939483642578125,0.9381561279296875,0.915313720703125,0.9147491455078125
302,0.9696345464255741,0.9697108415350576,0.9701380941481651,0.9700007629510948,0.9703669794766157,0.9692072938124666,0.9688258182650492,0.968184939345388,0.9696498054474708,0.9704280155642023,0.94360265506981,0.9429770351720456
303,0.9541298407900964,0.9503518493077497,0.9503365846956999,0.9501381447390514,0.9503060554716002,0.9509548014837204,0.9506953030788723,0.9507487292210469,0.9488330204087863,0.9528323487658561,0.9537634901008991,0.955228892857688
304,0.9623695293902217,0.9647195263382776,0.9650018311664531,0.9651086492095465,0.9651162790697675,0.9659021546725265,0.9659021546725263,0.9651696880913142,0.9651086492095465,0.9655282915216994,0.9495208447781237,0.9536714887383264
305,0.943607128132301,0.9451494189686503,0.9449509062867439,0.9450577977308474,0.9450883381434484,0.9434696962755966,0.9439736130835127,0.9445996915418328,0.9450577977308474,0.9446607723670347,0.9323682562951425,0.9348725701284225
306,0.9611247318418633,0.960304934109715,0.9603279190928593,0.9604964756359179,0.9595847379711923,0.9604275206864848,0.9604888139748697,0.9607110021452651,0.9601440392277046,0.9603432424149556,0.9435335580753907,0.9461998161201348
307,0.9672898616811065,0.9702842377260982,0.9697066423468613,0.9694482444140448,0.9694178446572428,0.9697370421036632,0.9696154430764554,0.9698586411308711,0.9699042407660738,0.9689010487916097,0.9427876576987384,0.9456604347165222
308,0.9399862668802931,0.9382467383840696,0.938124666208896,0.9378194857709621,0.9380025940337224,0.9371099412527657,0.9369115739681086,0.9378805218585489,0.9376821545738918,0.93847562371252,0.9313649195086595,0.9318684672312505
309,0.9431601434348058,0.9436865796902418,0.9439612420843824,0.9438544289311056,0.9444724193179217,0.9435797665369651,0.9436102845807585,0.9449607080186161,0.9440375371938658,0.9429312581063554,0.9249561303120469,0.9246967269398032
310,0.9464841604101812,0.9444393578709638,0.9446529939571507,0.9446835133980345,0.9447598120002442,0.9443783189891961,0.9444088384300799,0.9444240981505219,0.9441494231825674,0.9441646829030091,0.9393883904046879,0.9404260513947383
311,0.956984344125247,0.9564067487460101,0.9564447484420124,0.9565815473476212,0.9560039519683843,0.9569767441860466,0.956984344125247,0.9560647514819882,0.9558139534883722,0.9582611339109287,0.9516339869281045,0.950326797385621
312,0.9626108321760495,0.9623208753643535,0.9623361362491798,0.9622903535947015,0.9623513971340057,0.9633433546477024,0.9632670502235718,0.9623513971340059,0.9625116364246799,0.9617562226257879,0.9503868634303417,0.9529964747356051
313,0.950637064164187,0.9512626840619517,0.9512169069962615,0.9509575036240177,0.9522240024414435,0.9521324483100634,0.9517662317845427,0.9513694972152285,0.951949340047303,0.9493553063248645,0.9400167849240862,0.9406271457999542
314,0.9534912221575417,0.9551227059652562,0.9551839823524005,0.9554290879009774,0.9553831306106191,0.9550384509329329,0.9553601519654401,0.9552452587395448,0.955337173320261,0.9557124911915195,0.9454333772480774,0.9494469806060234
315,0.9701686121919585,0.9716639963378347,0.9718471046005951,0.9718165865568017,0.9716029602502481,0.9712672617685205,0.9711757076371405,0.9720607309071488,0.9711833371480889,0.9706416418707561,0.9456778820477607,0.944258793011368
316,0.9539541984732824,0.960381679389313,0.9601221374045801,0.9601374045801527,0.9601068702290075,0.9607557251908396,0.960496183206107,0.9605725190839695,0.9605725190839695,0.9578778625954198,0.9441984732824427,0.9485801526717557
317,0.9214429591649881,0.9235259110053106,0.9242431178660806,0.9242583775865226,0.9237776963926021,0.9232436061771347,0.9254257462003296,0.9235564304461944,0.9237166575108344,0.9309192455594213,0.9175822498931819,0.9253036684367942
318,0.9599609375,0.9619827270507812,0.9624557495117188,0.9624862670898438,0.9624786376953125,0.9625015258789062,0.9624252319335938,0.9623031616210938,0.9628982543945312,0.9622344970703125,0.949310302734375,0.947509765625
319,0.9588845654993514,0.9619439993896391,0.9618371862363622,0.9620202944991226,0.9618829633020524,0.9617303730830854,0.9621881437399862,0.9615930418860151,0.9622415503166246,0.963408865491722,0.9586633096818493,0.9589227130540933
320,0.9455956965584694,0.9428449171709763,0.9430588666788924,0.9431658414328504,0.942264197078061,0.9425698392322269,0.9427990708478514,0.9433645088330582,0.9443578458340975,0.9435937404486827,0.9316736964362123,0.9308637447276729
321,0.933572325887796,0.9389036982565799,0.9385819775101878,0.9385053773324753,0.9373716947023317,0.9382449367282533,0.9387964580077824,0.93890369825658,0.9399761007445537,0.936712933174005,0.927505591812973,0.9339553267763581
322,0.9535866910866911,0.951984126984127,0.9519688644688645,0.9519078144078144,0.9522893772893772,0.9522130647130647,0.9518620268620268,0.9518925518925517,0.9519230769230769,0.9490689865689866,0.9452533577533577,0.9454670329670329
323,0.953049002918288,0.9486563715953307,0.9485955739299612,0.9487171692607004,0.9479419990272373,0.949142752918288,0.9491883511673151,0.9483067850194551,0.948739968385214,0.9501915126459144,0.9563472762645914,0.9568032587548638
324,0.9401361167063419,0.9446682536775926,0.9452328633339437,0.9450497466886406,0.944775071720686,0.9450344869681987,0.9444698773118476,0.9454770188610144,0.9457516938289692,0.9445461759140573,0.9225111395959225,0.9304614539461638
325,0.9524078369140625,0.9598617553710938,0.9599227905273438,0.9598617553710938,0.9597702026367188,0.9598007202148438,0.9597091674804688,0.9599380493164062,0.96014404296875,0.958343505859375,0.93878173828125,0.94091796875
326,0.9407644769970245,0.9426642252231632,0.942420080872816,0.9423437857633326,0.941870756084535,0.942572671091783,0.9422522316319524,0.942420080872816,0.9426260776684214,0.9400625619897763,0.9221332112611581,0.9231860837720303
327,0.949920654296875,0.951202392578125,0.951263427734375,0.9513397216796875,0.95147705078125,0.950775146484375,0.9511260986328125,0.9511260986328125,0.9519500732421875,0.9512176513671875,0.947113037109375,0.948333740234375
328,0.9326966941394726,0.9390073294607829,0.938992123110611,0.9392962501140477,0.9388248532587209,0.9392810437638758,0.9399653295216082,0.9390681548614702,0.9387032024573463,0.9398740914205773,0.9281804081384387,0.9328943766917065
329,0.9517094017094018,0.9497100122100122,0.9497100122100122,0.9497100122100122,0.9481532356532356,0.9499236874236875,0.9499236874236875,0.9497100122100122,0.9523504273504273,0.9524725274725275,0.9416208791208791,0.9410256410256411
330,0.9353848971928378,0.940147456152402,0.9399642808078034,0.9399490161957534,0.939887957747554,0.9401016623162523,0.9401932499885515,0.9399490161957534,0.9399108546656285,0.9401779853765017,0.9397047824029552,0.9436888461479752
331,0.9614099336232547,0.9610742351415275,0.960891126878767,0.9610131990539406,0.960494392309453,0.9618829633020524,0.9619134813458458,0.9609826810101473,0.9611200122072175,0.9612573434042878,0.944258793011368,0.948226138704509
332,0.9528322041140207,0.9564487578587559,0.9563571995361044,0.955670512116218,0.9555636940731246,0.9570896661173166,0.9568760300311299,0.9569065494720136,0.9566166147836171,0.9559757065250565,0.9436611121284257,0.9476133797228835
333,0.9319389312977099,0.9282595419847328,0.9280763358778626,0.9272061068702291,0.9270534351145038,0.9291603053435114,0.9282900763358778,0.9289160305343512,0.9282595419847328,0.9285190839694657,0.9257709923664122,0.9302442748091603
334,0.9576771653543307,0.9586232680217298,0.9586843069034976,0.9586385277421717,0.9582265152902399,0.9585774888604042,0.9587758652261491,0.9588521638283587,0.9582417750106818,0.9581731062686932,0.9469877311847646,0.9488188976377953
335,0.9458457312886244,0.9439765011062791,0.9438391699092088,0.9442664225223163,0.9444495307850767,0.9426947432669566,0.9430380712596322,0.9438315403982604,0.9429617761501488,0.9470054169527733,0.939635309376669,0.9407186999313345
336,0.934459500701947,0.93543612281023,0.9357718366599524,0.9352987853262529,0.9365958615638161,0.9347341756699017,0.9342153451748763,0.9356039797350911,0.9355582005737655,0.9359091741439297,0.926326069706403,0.9309345052798632
337,0.9443198290989547,0.9448920424200808,0.944983596551461,0.9452582589456016,0.9453955901426718,0.9450141145952545,0.9452735179674983,0.944892042420081,0.9449912260624094,0.9444724193179217,0.9146868085755704,0.9227740901808195
338,0.951293202105745,0.9507133592736705,0.9510337987335011,0.9511100938429846,0.9505760280766002,0.9514305333028152,0.9512321660181583,0.9504692149233234,0.9506218051422903,0.9510795757991913,0.9463797970550087,0.9474021515220874
339,0.9345261803364074,0.9371304267900363,0.9372836177578969,0.9362572382732315,0.9359814945310825,0.937574680596832,0.9366555347896688,0.9373755323386133,0.9363797910475198,0.9392138239529398,0.9409142436961917,0.9460614602163057
340,0.9520960825308652,0.9512491034230165,0.9510201901506249,0.9510049292657988,0.9508904726296031,0.951027820593038,0.9511346467868207,0.9517374517374518,0.9513711905016253,0.9513940818288645,0.9415660720008545,0.9393685045858959
341,0.9677690112472721,0.9689593602637082,0.9686999252216644,0.9688525340699253,0.9683794466403162,0.9693714041540129,0.9696155783112305,0.9685473163734034,0.9690814473423168,0.9677995330169242,0.958490393273002,0.9583225235399149
342,0.9664205398449708,0.9683813842335856,0.9684273415239437,0.9683201078464413,0.9681975550721529,0.9682128741689389,0.9683813842335856,0.9680596832010785,0.9676613866846412,0.9675388339103527,0.947578050798125,0.9465057140231014
343,0.9441158443150475,0.9434262948207172,0.9437174379405454,0.943548881397487,0.943487588109102,0.9418479926448053,0.9420471958320564,0.9429665951578301,0.9423843089181736,0.9440085810603738,0.9289610787618756,0.9304627643273061
344,0.97467041015625,0.9755325317382812,0.9755325317382812,0.9752731323242188,0.9751968383789062,0.9767227172851562,0.9766311645507812,0.9757766723632812,0.9758834838867188,0.9752197265625,0.956298828125,0.9593505859375
345,0.9425398284313725,0.9459941789215686,0.9457873774509804,0.9457720588235295,0.9454580269607844,0.9469439338235295,0.9469286151960785,0.9459941789215686,0.9459175857843138,0.9454963235294117,0.9432444852941176,0.9463848039215687
346,0.9342153451748764,0.9384422877372887,0.9389153390709882,0.9383965085759629,0.9381218336080082,0.9406549472013673,0.9406854666422511,0.9391289751571752,0.9386101446621498,0.9381828724897759,0.9271348348898248,0.9305377525483733
347,0.9429007633587785,0.9479999999999998,0.9477557251908396,0.9479541984732823,0.9475954198473281,0.948618320610687,0.9488473282442748,0.9479312977099236,0.9471374045801526,0.9482137404580151,0.9422900763358779,0.9398778625954198
348,0.929229646300295,0.942535202700648,0.9425047900003041,0.9424287582494452,0.9423831391989296,0.9438277424652536,0.9436604726133634,0.942519996350476,0.9433715519600986,0.9398436787202336,0.9295337733037318,0.9335330433989235
349,0.9684714828897341,0.9691026615969581,0.9690570342205324,0.9693307984790874,0.9691634980988593,0.969087452471483,0.9693916349809886,0.9692091254752851,0.9685703422053232,0.9710722433460076,0.9528669201520912,0.9550418250950571
350,0.9688715953307393,0.9707179369802396,0.970595864805066,0.9708705271992065,0.9710688944838636,0.9703974975204089,0.9708094911116197,0.970702677958343,0.9709773403524834,0.9700465400167849,0.963256275272755,0.9647364003967346
351,0.952553967771359,0.9547430830039526,0.9546974764366069,0.9546214654910307,0.9546518698692611,0.9547506840985102,0.9545834600182427,0.9548799027059897,0.9532456673761022,0.9548190939495287,0.9431742170872606,0.9414867740954698
352,0.9554351145038168,0.9541832061068701,0.954412213740458,0.954412213740458,0.9544274809160305,0.9534198473282443,0.9534198473282443,0.9543511450381679,0.955030534351145,0.9556946564885496,0.9457099236641222,0.9453282442748091
353,0.9476856868161216,0.9542860195034109,0.954331802157889,0.9543318021578893,0.9543928456971936,0.9535306057045189,0.9537442580920842,0.9549803897629985,0.952675996154257,0.9537289972072581,0.9388038518473303,0.9386512429990692
354,0.9447174072265625,0.9429779052734375,0.9427032470703125,0.9424591064453125,0.943115234375,0.944000244140625,0.9434661865234375,0.9425811767578125,0.9422454833984375,0.9440155029296875,0.9373321533203125,0.9375457763671875
355,0.9552681177042802,0.9558912937743191,0.9559520914396886,0.95614968385214,0.9560888861867705,0.9559216926070039,0.9563016780155642,0.95570890077821,0.9560128891050583,0.9565904669260701,0.9434733706225681,0.9457836819066149
356,0.9265430685893036,0.9375906004425116,0.9377431906614786,0.9376363775082017,0.9374074921797513,0.9388876173037308,0.9389181353475242,0.9359731441214618,0.9407492179751277,0.9357442587930114,0.9040970473792631,0.9069962615396353
357,0.9612484737484738,0.9588675213675213,0.9589743589743589,0.9592948717948717,0.9600122100122099,0.9561813186813186,0.9568681318681318,0.9592490842490842,0.9592643467643467,0.9594474969474969,0.9567155067155068,0.9563797313797314
358,0.9567307692307692,0.9548229548229549,0.9545787545787545,0.954594017094017,0.9542735042735043,0.9546550671550672,0.9549755799755799,0.9546626984126985,0.9553724053724053,0.9551892551892551,0.9478174603174603,0.9503510378510379
359,0.9673264455873152,0.9679902940772506,0.9678376852289895,0.9675477284172936,0.9674256413386848,0.9682955117737727,0.9679750331924245,0.9680818593862072,0.9678453156714026,0.9686694034520121,0.9471057731927297,0.9477772521250782
360,0.9548027771419851,0.9545738918135347,0.9543144884412909,0.9553063248645761,0.9551384756237125,0.9530937666895551,0.9544365606164644,0.9542839703974976,0.9542839703974975,0.9547417410543985,0.9464560921644923,0.9481040665293355
361,0.9594644083314259,0.9581063553826199,0.9579079880979628,0.9580300602731364,0.9582894636453803,0.957602807660029,0.9577248798352026,0.9581216144045166,0.9582284275577935,0.9579308766308079,0.9573968108644236,0.9514000152590218
362,0.9384880668986144,0.9345815784654825,0.9344137215406214,0.9341543062931087,0.9337957028627235,0.9345357993041566,0.9343679423792955,0.9349172923152047,0.9354361228102301,0.934306903497528,0.9389153390709881,0.9381065738875665
363,0.9438934326171875,0.9486846923828125,0.9487457275390625,0.948516845703125,0.9488983154296875,0.9498291015625,0.9495697021484375,0.948394775390625,0.9488067626953125,0.9489593505859375,0.9376678466796875,0.9421844482421875
364,0.9604207198443578,0.9615910749027237,0.9618038667315175,0.9615758754863812,0.9619862597276265,0.9610590953307393,0.9610590953307394,0.9618646643968871,0.9615302772373541,0.9614238813229572,0.9532313959143969,0.9537785749027237
365,0.9493893129770993,0.9544580152671756,0.9541374045801527,0.9537938931297709,0.9534503816793893,0.9551832061068704,0.9548931297709923,0.9548854961832061,0.9546946564885496,0.951267175572519,0.9375114503816793,0.9394809160305343
366,0.9433195275348979,0.9461420463261236,0.9462494247583985,0.9470470931124406,0.9471084522165976,0.9455744746126706,0.9463107838625556,0.9461880656542414,0.9465255407271054,0.9466635987114588,0.9396686608375519,0.943718361711919
367,0.9510654790856031,0.9536873784046692,0.9534289883268483,0.9531401994163424,0.953459387159533,0.9529730058365757,0.9528210116731517,0.9537785749027237,0.9533985894941635,0.9552529182879377,0.9426526021400777,0.9435949659533074
368,0.947724439850424,0.952353084242848,0.952307481835041,0.9523226826376432,0.9525126926701731,0.952839509926124,0.9527027027027026,0.9523226826376433,0.9498069498069499,0.9555072507828413,0.9412792995470161,0.9452163074210319
369,0.9512604529085027,0.9515427577366783,0.9508255508759079,0.9505813953488371,0.9500396752731489,0.9510849661234206,0.9507950314350242,0.9512451931880607,0.951596166758225,0.9514435695538058,0.9329030092168712,0.9335744369163157
370,0.947981994354162,0.9518120088502326,0.9517662317845426,0.9518577859159227,0.9517662317845426,0.9517204547188526,0.9519798580910963,0.9519340810254061,0.9527885862516213,0.9519340810254062,0.9411001754787518,0.9453421835660334
371,0.9528438658873442,0.9520197781067345,0.951775603949517,0.9519129519129519,0.9514703862529948,0.951180429441299,0.951485647137821,0.951760343064691,0.9514856471378209,0.9533474750866054,0.9311276267798007,0.9322416713721062
372,0.9372050260496475,0.9368219429972419,0.9367912963530495,0.9362856267238738,0.9356267238737358,0.9371130861170703,0.9367606497088569,0.9368066196751456,0.936975176218204,0.9387833282255592,0.9430891817346001,0.9477474716518541
373,0.9449423913709628,0.9519059876202733,0.9516761659618803,0.9516761659618803,0.951093951093951,0.9483207697493412,0.9496077710363423,0.9527946313660599,0.9523656309370595,0.9534381320095605,0.9389134031991175,0.9413495127780842
374,0.933135986328125,0.9397125244140625,0.9397735595703125,0.93975830078125,0.9409637451171875,0.939971923828125,0.939910888671875,0.9408111572265625,0.9389801025390625,0.93963623046875,0.92083740234375,0.9222869873046875
375,0.9480253921748154,0.9465909784532749,0.9470487700665324,0.9469266923029971,0.946758835378136,0.9467283159372519,0.9463315632057621,0.9464078618079717,0.9469724714643228,0.946529939571507,0.9348715131538791,0.9343526826588537
376,0.9542534523537042,0.9498435950255588,0.9498435950255587,0.9497978179598687,0.9495689326314182,0.9495231555657282,0.9488212405584802,0.9500267032883192,0.9492942702372777,0.9498741130693522,0.9476615548943312,0.9446707866025787
377,0.9093420008545444,0.9116919978026002,0.9132713788683392,0.9125694317280106,0.9119819324909968,0.9109519013611672,0.9110739791247024,0.9120277116523224,0.9135689434169565,0.9107001159738753,0.9013153879020936,0.9085942745528902
378,0.9410995560420848,0.9454631150033449,0.945295870583227,0.9451134221249162,0.9448549534756432,0.9459040321109287,0.9459952563400839,0.9458432159581586,0.9457063796144256,0.944322812138904,0.9227026698291065,0.927659186279876
379,0.9636029411764705,0.9610753676470588,0.9613204656862745,0.9613664215686274,0.9604473039215685,0.9612285539215686,0.9615962009803922,0.9616574754901961,0.9609834558823529,0.9625919117647058,0.963342524509804,0.9608302696078431
380,0.9246322407373497,0.9173533540865533,0.9173075749252273,0.9172083867423549,0.9175059512909722,0.9172465360434596,0.916590368064457,0.9177348470976012,0.9174525422694257,0.9174906915705304,0.9188488066898615,0.9173075749252274
381,0.9380804007820137,0.9428992546432062,0.9427617913000979,0.94256323313783,0.9431436339198437,0.9420439271749755,0.9421202956989249,0.9427617913000977,0.9429145283479962,0.9411962365591398,0.9242882453567937,0.9263960166177908
382,0.9394942528735634,0.9371187739463602,0.937103448275862,0.9358007662835248,0.9350498084291188,0.9360613026819923,0.9349578544061303,0.9369961685823756,0.9365977011494253,0.9371647509578545,0.9221762452107279,0.9232643678160919
383,0.9464356285149719,0.9439352485180118,0.9437908496732027,0.9438820489436085,0.943608451132391,0.9430840553275573,0.9430840553275572,0.9437072503419971,0.942468460252318,0.9450828393372853,0.953640370877033,0.952439580483356
384,0.9422771672771673,0.945291514041514,0.9458028083028083,0.9456196581196581,0.9450702075702075,0.9466040903540903,0.9454365079365079,0.9438873626373626,0.9465811965811965,0.9477411477411477,0.943574481074481,0.9478174603174603
385,0.9667279411764707,0.9670955882352941,0.9665594362745098,0.966375612745098,0.9664675245098039,0.9670036764705883,0.966375612745098,0.9664981617647059,0.9665287990196079,0.9670343137254902,0.9533547794117647,0.9528645833333333
386,0.9456865109039022,0.9388801562714607,0.9388191127321561,0.938651242999069,0.9386970256535475,0.9404596578509623,0.9411616585529627,0.9392769392769393,0.93952874387657,0.9414439849222458,0.9310818441253224,0.9360263708089793
387,0.9471362949623819,0.9494864712256016,0.9496696018435149,0.9496238191890366,0.9493643841469929,0.9492194057411448,0.9496314496314496,0.9498832542310803,0.9508141682054726,0.9484792528270789,0.9378271552184595,0.9373845895585026
388,0.9316090638590067,0.9297703517204547,0.9296635385671779,0.9301213092240788,0.9294651712825207,0.9296787975890745,0.930151827267872,0.9297245746547647,0.930083161669337,0.9294422827496757,0.9242694743266957,0.9245746547646295
389,0.9512016479743648,0.9558403906309605,0.9554283970397497,0.955413138017853,0.9562829022659647,0.9564049744411383,0.9565270466163118,0.9555962462806133,0.9560387579156177,0.9557488364995803,0.9388113221942473,0.9472343022812237
390,0.9464168460915907,0.9506314230305251,0.9507841250935302,0.9507077740620276,0.950188587047811,0.9498831829218014,0.9500358849848062,0.9519293905660665,0.9521279032479728,0.9510437186006383,0.9287797578145282,0.9358498633316535
391,0.9264070590397991,0.927264928459818,0.9271423756855297,0.9272496093630319,0.9268206746530225,0.9256104660069243,0.9264070590397991,0.9272189711694598,0.9280768405894788,0.9283372652348417,0.9200955911639449,0.9218802659395202
392,0.9528851123339313,0.9568449214118506,0.9568905238196577,0.9567689173988386,0.9568449214118505,0.9564801021493935,0.9563584957285746,0.9568449214118506,0.9563280941233696,0.9583041984616788,0.9512966284619828,0.9542759857720488
393,0.93963623046875,0.9332733154296875,0.9327239990234375,0.932891845703125,0.93438720703125,0.9324493408203125,0.9325408935546875,0.933380126953125,0.9328155517578125,0.9341888427734375,0.934967041015625,0.93597412109375
394,0.9466636266909865,0.9466788265693875,0.9460860313117494,0.9467548259613925,0.946922024623803,0.9470588235294118,0.9475300197598419,0.9459644322845417,0.9464356285149719,0.9466484268125854,0.9340021279829761,0.9346557227542179
395,0.9566556352270639,0.959030459030459,0.959030459030459,0.959030459030459,0.9573757430900288,0.9574829931972789,0.9574829931972789,0.959030459030459,0.9593062450205307,0.9552154195011338,0.9463136605993749,0.946175767604339
396,0.9571369693639236,0.9546259406817176,0.954702263741967,0.9548091160263162,0.95432064844072,0.9534963593900261,0.9540153561997222,0.9543511776648198,0.9537100639587244,0.9553357451420372,0.9513364167849674,0.9481308482544915
397,0.9415130615234375,0.9392471313476562,0.9390640258789062,0.9392013549804688,0.9388656616210938,0.9388046264648438,0.9385604858398438,0.9382247924804688,0.9395294189453125,0.9386444091796875,0.9429779052734375,0.94482421875
398,0.9398947127489128,0.9388876173037308,0.9388723582818341,0.9391622796978714,0.9388418402380407,0.939681086442359,0.9400167849240864,0.9388418402380407,0.9395590142671855,0.9409933623254749,0.9507286182955672,0.9511253528648813
399,0.9654409183190609,0.9728137259391552,0.9728289905512051,0.9727908290210805,0.9727602997969808,0.9730045335897788,0.9730350628138785,0.9729053136114546,0.9729358428355543,0.9723863168017585,0.9558852711758331,0.9562821510891301
400,0.9453650720988784,0.9474937056534677,0.9469291218432898,0.9464560921644922,0.9467460135805295,0.9467002365148393,0.946166170748455,0.9468528267338063,0.9467460135805295,0.9473105973907073,0.9302815289539941,0.9309987029831387
401,0.9450955258499665,0.9517945431239699,0.9519318806079472,0.9518555820057376,0.9520386986510407,0.9524354513825307,0.9523133736189954,0.9519929194897151,0.9524888604040774,0.9508942196178967,0.9446835133980345,0.9471861075505097
402,0.9524019458802068,0.9510717543326239,0.9511325630890848,0.9519534813013074,0.9517710550319245,0.9503876558224384,0.9515278200060809,0.9515658254788689,0.9510033444816054,0.9512617816965643,0.939601702645181,0.9409242930982061
403,0.9588702290076335,0.961557251908397,0.961297709923664,0.9615419847328245,0.960641221374046,0.9626717557251909,0.9630381679389313,0.9614503816793892,0.9605725190839695,0.9615572519083969,0.9456183206106871,0.9488091603053435
404,0.9303739738522347,0.9367892976588629,0.9356643356643356,0.9356947400425663,0.93529948312557,0.9354667072058376,0.9355883247187595,0.9366828823350563,0.9364624505928855,0.9376406202493159,0.9320006080875646,0.9353602918820308
405,0.9463797970550087,0.9518348973830777,0.9520332646677347,0.9520027466239414,0.9508049134050507,0.9522163729304951,0.9522774090180819,0.9530708781567101,0.9510948348210879,0.9534447241931792,0.9458915083543145,0.9477073319600213
406,0.9374074921797513,0.9354085603112839,0.9360952162966353,0.9359731441214617,0.9362478065156024,0.9347219043259326,0.9348134584573129,0.9352101930266271,0.9353246356908521,0.9359273670557717,0.9260700389105059,0.9293049515526055
407,0.957122802734375,0.9638671875,0.96392822265625,0.96405029296875,0.964080810546875,0.9633636474609375,0.963470458984375,0.9639434814453125,0.9639892578125,0.96405029296875,0.949920654296875,0.9516448974609375
408,0.9400259462759463,0.9473595848595849,0.9476495726495726,0.9478021978021979,0.9478785103785103,0.9487179487179488,0.948901098901099,0.9474053724053725,0.9472680097680097,0.9504884004884006,0.9336538461538463,0.9381410256410256
409,0.9489104559604468,0.9506958432521517,0.9520234389305988,0.9520844778123664,0.9520539583714827,0.9546786302874932,0.9551059024598669,0.9521455166941343,0.9517029848013184,0.9522218152963439,0.9387017029848013,0.9438900079350547
410,0.9546703296703296,0.9519993894993894,0.9536477411477411,0.9537087912087913,0.954029304029304,0.9513278388278388,0.9515262515262515,0.9517551892551892,0.9522054334554335,0.9485347985347985,0.9400030525030525,0.9377289377289377
411,0.9350948695638899,0.938682053395613,0.9382699088702662,0.9382393796461663,0.9382622765642411,0.9385904657233137,0.9384225549907649,0.9390484040848102,0.938277541176291,0.939353696325808,0.9223336538901864,0.9259055731098594
412,0.944278939688716,0.948002796692607,0.947926799610895,0.9479571984435798,0.946969236381323,0.9479571984435797,0.9479419990272373,0.947926799610895,0.948261186770428,0.945054109922179,0.9387767509727627,0.9397039153696499
413,0.9493062233823327,0.9486956389003374,0.9488024911846865,0.9483903466593396,0.9489704019172353,0.9497336325197295,0.9486040512280379,0.9494970310329564,0.9487948588786616,0.9497031032956297,0.9542824869105953,0.9533208163514525
414,0.9591731266149871,0.9584587323301413,0.9585499316005471,0.9584131326949384,0.958671530627755,0.9578203374373004,0.9577443380452956,0.9584131326949384,0.9585955312357501,0.9580635354917162,0.9474236206110351,0.9473476212190303
415,0.9342541267732526,0.9292760395192939,0.9287110418861758,0.928405637760166,0.9294134713759983,0.9290164460121856,0.9285430696168706,0.9300242796280179,0.9288713790523311,0.9280315177058043,0.928245300594011,0.9268404416143662
416,0.9546104034293011,0.9587754233423523,0.9588514273553643,0.9590642385917977,0.9584106040798953,0.9600674915635545,0.960523515641626,0.9588666281579667,0.9590490377891953,0.9592770498282309,0.9394400024321283,0.9434834159243607
417,0.9554581104085602,0.9596227504863813,0.9595847519455254,0.9595543531128404,0.9596759484435798,0.9586423881322956,0.9589159776264591,0.959539153696498,0.961005897373541,0.957396035992218,0.9476532101167314,0.9502523103112841
418,0.9476364189086487,0.9516187870497036,0.9522419820641435,0.9523331813345493,0.9519303845569236,0.9524167806657546,0.9527207782337742,0.9530931752545979,0.9504027967776257,0.9529867761057912,0.9364645082839337,0.9394436844505244
419,0.956468119006036,0.9564910990593497,0.9564144988816374,0.9567055795569446,0.9565523792015198,0.9559855378864478,0.9561846983485003,0.9563225786683824,0.9560161779575329,0.957732021938291,0.9408799828415602,0.9449244722247755
420,0.9605096513313497,0.9589150835431448,0.9592355230029755,0.9586709391927978,0.9585336079957275,0.9584267948424506,0.9570840009155414,0.9588998245212481,0.9595254444190128,0.9590600442511635,0.9585564965285726,0.9558098725871672
421,0.9717479209582665,0.9726863508049134,0.9726558327611199,0.9726558327611199,0.9726253147173266,0.9725642786297397,0.9725185015640496,0.9726405737392233,0.9727473868925002,0.9727016098268101,0.9644312199588007,0.9660944533455406
422,0.9586557982628869,0.9604951840148983,0.9603120086702998,0.9603272732823495,0.9600983041016014,0.9602356856100502,0.9603272732823495,0.9608615347040955,0.9620521744439865,0.9586634305689121,0.940925951366946,0.9397047824029553
423,0.9466021639934683,0.9511651685564729,0.9511499076716468,0.9512567338654296,0.9515009080226472,0.9511651685564728,0.9512109512109512,0.9511651685564728,0.9516001037740168,0.9509972988233859,0.9450455537412059,0.9468310772658599
424,0.9325643571919641,0.928981743182339,0.9299518753341992,0.9292949354518372,0.9301810404094416,0.9314261706515926,0.931487281338324,0.9315178366816897,0.9312428385913987,0.9314949201741654,0.9291879917500573,0.9331754640592773
425,0.9481245803576878,0.9538240859427455,0.9543047671366661,0.9540529817493745,0.9540682414698162,0.953358664469267,0.9531602881035218,0.9542666178355613,0.9538164560825245,0.9533968137703717,0.9219923091008974,0.9294695721174387
426,0.9638686632779229,0.9656088290516096,0.9655019767672604,0.9654714475431607,0.9658835920685075,0.9652424783624125,0.9651508906901132,0.9655935644395597,0.9652424783624125,0.9667842041794507,0.9462533009723557,0.9475202637724962
427,0.9681472778320312,0.971038818359375,0.9710693359375,0.9710540771484375,0.9707489013671875,0.9714202880859375,0.971160888671875,0.9711151123046875,0.969635009765625,0.970855712890625,0.9586029052734375,0.959930419921875
428,0.9635140084233657,0.9656122199841299,0.9658105963498749,0.9658563755112006,0.9657342977476653,0.9659326741134102,0.9662836476835743,0.9656732588658976,0.9649636818653481,0.965574070683025,0.9485442226698406,0.9507263626930356
429,0.9466269841269841,0.9495802808302809,0.9494581807081808,0.9493742368742368,0.9493894993894995,0.9495192307692308,0.9496489621489621,0.9495802808302808,0.9490613553113554,0.9488400488400488,0.938629426129426,0.9378968253968254
430,0.9533964518797683,0.9572571008364739,0.9572264607653891,0.9574103011918988,0.9577933020804608,0.9581763029690229,0.958084382755768,0.9567974997701995,0.9580231026135981,0.9560621380641603,0.9302938382817048,0.9369580537426847
431,0.9532509157509157,0.9585470085470085,0.9585470085470085,0.958562271062271,0.9585699023199024,0.9583028083028082,0.9569520757020757,0.9585470085470085,0.9599053724053723,0.9617368742368743,0.9511294261294261,0.9533424908424909
432,0.9530458402002076,0.9514740889946897,0.9514588292742477,0.9514130501129219,0.950634804370384,0.9507111029725935,0.950802661295245,0.9515351278764573,0.9514588292742477,0.9512909723493865,0.9290575596655068,0.9279588597936886
433,0.9424250747726302,0.9446911432582555,0.9443477995483122,0.9441341634621253,0.943813709332845,0.944591955075383,0.9443630592687541,0.9447903314411279,0.945156564731734,0.9445309161936153,0.9287676249771104,0.9318958676677043
434,0.9449786324786325,0.94751221001221,0.9471153846153846,0.9474206349206349,0.9480540293040293,0.9475579975579975,0.9483363858363858,0.9472527472527473,0.947924297924298,0.9489621489621489,0.93998778998779,0.9437423687423687
435,0.9567844717084781,0.9562351217725692,0.9560367454068242,0.9562046023316852,0.9563266800952206,0.954693890007935,0.9551364219007509,0.9559299273637307,0.9569828480742233,0.9548312274919123,0.9439815662577061,0.948483183788073
436,0.9560891544117648,0.9567555147058824,0.957015931372549,0.9568014705882353,0.9568474264705884,0.9558976715686274,0.9557598039215687,0.9571231617647059,0.9565563725490196,0.9583026960784312,0.9475183823529412,0.9490196078431372
437,0.9521978021978023,0.9547924297924297,0.9546550671550672,0.9548992673992673,0.955006105006105,0.9539300976800976,0.9550137362637362,0.9543498168498168,0.9548763736263737,0.9535103785103785,0.9404761904761905,0.9409340659340659
438,0.9474402990768293,0.9504768444342717,0.9505073624780651,0.9510566872663462,0.9506523231860837,0.9496375982299535,0.9501869230182345,0.9504310673685816,0.9506065461203936,0.9497520408941786,0.9340199893186847,0.9371480888075074
439,0.9415136389308664,0.948619315840088,0.9486498450641876,0.9485277281677886,0.9482377005388408,0.9479782021339928,0.947810291401444,0.9486803742882876,0.9490467249774847,0.9466043870495032,0.9419486803742882,0.9447726336035169
440,0.9501610416571263,0.954709896047992,0.9545572499274931,0.9542519576864955,0.954175634626246,0.9543740745828945,0.9539466654454977,0.9542824869105953,0.9542214284623957,0.9554120682022867,0.9552746866938375,0.9566027079421777
441,0.9331724877450981,0.9341222426470589,0.9337086397058822,0.9340609681372549,0.9342677696078432,0.9328890931372548,0.9327282475490197,0.9341835171568627,0.9344286151960784,0.9329197303921568,0.9298866421568628,0.9349877450980393
442,0.9552519083969464,0.9561374045801527,0.9563053435114504,0.9558473282442748,0.9562748091603053,0.9562900763358778,0.9550839694656489,0.9557099236641221,0.9560000000000001,0.9577862595419847,0.9428244274809161,0.942732824427481
443,0.9607062198620522,0.9612708295184031,0.9614997253250319,0.9610266739913325,0.9601873893670269,0.9613623878410548,0.9604620643349814,0.9618659586156382,0.9618049197338705,0.960538362937191,0.9457059146676433,0.9481932490996765
444,0.9340119340119339,0.9381018511453294,0.9381171120301555,0.9379492422970683,0.9379950249515467,0.9374303722129809,0.9377813725639812,0.938193416454286,0.9389717215804172,0.9377050681398507,0.9299372777633648,0.9334930639278465
445,0.947323445034487,0.9497039614234267,0.949642922541659,0.9500091558322652,0.9500854544344749,0.9506042849295001,0.9510468168223158,0.9497039614234268,0.9495361044985655,0.9515809070377831,0.9311634010864921,0.936260147714094
446,0.9457737914259654,0.9497871693523868,0.9500608087564609,0.9502280328367284,0.949939191243539,0.9496959562176953,0.9500760109455763,0.950197628458498,0.9495211310428702,0.9503192459714199,0.9240650653694132,0.9293098206141684
447,0.9455322669608385,0.9475930011644297,0.9477002512716799,0.9477615370472513,0.9475470368327512,0.9490332168903598,0.9491098241098241,0.9468499111356256,0.947386161671876,0.9469571612428755,0.9424986210700497,0.9462523748238034
448,0.9351259786042395,0.9374685244250462,0.9364613060265234,0.9363392189479145,0.9363392189479147,0.9362705449661971,0.9368199368199369,0.9367512628382194,0.9364994582385887,0.9361179361179361,0.914462740549697,0.9157141331054374
449,0.9314175835914966,0.9346681520594564,0.9347902391380651,0.9347902391380652,0.9346376302898043,0.9341263906481299,0.9341111297633038,0.9347749782532391,0.9354388267431746,0.9365147191234148,0.9189036580340929,0.9227036183557923
450,0.9555952435468852,0.9563508418433546,0.9563508418433546,0.9563508418433546,0.9566713986964024,0.9566256048602525,0.956686663308452,0.9554731266504861,0.9520080597151623,0.957228557036223,0.9563126803132299,0.9571369693639237
451,0.9509651922784618,0.9540051679586564,0.9535339717282262,0.9535035719714242,0.9537923696610427,0.953017175862593,0.9532299741602067,0.9533819729442164,0.9536783705730354,0.9528651770785833,0.9366773065815474,0.9426964584283324
452,0.9567559319447623,0.9496147096971085,0.9497062638284887,0.9496910048065919,0.9496910048065919,0.951949340047303,0.9518883039597161,0.9497215228503854,0.948577096208133,0.950087739375906,0.9450370031280994,0.9462272068360418
453,0.9591008286660462,0.9623971797884842,0.9625497886367451,0.9622903535947015,0.9618172661650921,0.9647092038396387,0.9641903337555512,0.9627634410243106,0.9620919620919621,0.9612678743113526,0.9325774108382804,0.933859325163673
454,0.9449005126953125,0.944366455078125,0.944488525390625,0.9440155029296875,0.94390869140625,0.944427490234375,0.943756103515625,0.9435043334960938,0.945098876953125,0.94219970703125,0.929718017578125,0.932647705078125
455,0.9439081939081939,0.9440767297910155,0.9440767297910155,0.9440767297910155,0.944030765459337,0.9490485383342526,0.9490485383342526,0.9440767297910155,0.946053196053196,0.9458386958386958,0.936799043941901,0.9362934362934363
456,0.9398939756082613,0.945876999448428,0.9448887663173376,0.9437549794692651,0.9435711221425508,0.9457391064533921,0.9447815162100877,0.9433106575963718,0.9465281608138751,0.9447202304345161,0.9264570693142122,0.9333976833976833
457,0.9495225932007543,0.9523657483427599,0.9521072796934867,0.9520768716171015,0.950526059721462,0.9527458492975733,0.9530499300614244,0.9519552393115611,0.9520312595025239,0.9513470777838593,0.9448093413610655,0.9489904518640151
458,0.953353170061799,0.952651255054551,0.952697032120241,0.9523918516823072,0.9529030289158464,0.9513466086823834,0.9512245365072098,0.9528953994048981,0.9523765926604105,0.953353170061799,0.9501487754634927,0.9498893720912489
459,0.9497032866707242,0.947976262933658,0.9480523432744979,0.9481436396835058,0.9480371272063299,0.9482045039561777,0.9484936092513695,0.9480523432744978,0.947078514911747,0.9474284844796105,0.9406269020085211,0.9448113207547171
460,0.9250076335877863,0.9203587786259542,0.9199541984732824,0.9200763358778626,0.9194503816793893,0.9202748091603052,0.920412213740458,0.9201526717557251,0.9189160305343512,0.9211908396946565,0.9164885496183207,0.9181068702290077
461,0.955364774114774,0.954029304029304,0.9547924297924298,0.9543803418803418,0.9532356532356532,0.9556623931623932,0.9546703296703297,0.9549145299145299,0.95382326007326,0.9543956043956044,0.9467185592185592,0.9451007326007325
462,0.948378728923476,0.9500724803540093,0.9500724803540094,0.9500724803540094,0.950041962310216,0.950545510032807,0.9505607690547035,0.9501182574196995,0.9501182574196994,0.9551689936675059,0.9467460135805296,0.9477378500038148
463,0.9567406729228656,0.9558251316090639,0.9560692759594109,0.9560845349813077,0.9559548332951858,0.9560311284046692,0.9558785381857023,0.95639734493019,0.9558785381857023,0.9558556496528572,0.9424582284275578,0.9414358739604792
464,0.9531848402218204,0.9567541897729709,0.9566929133858267,0.9570452526119061,0.9562639786758174,0.9584086522258648,0.9586078004840834,0.9571831244829805,0.9564324887404638,0.9566469560954686,0.9387848892429301,0.9447746560862771
465,0.9342763840566439,0.9398919611792712,0.9399682597814807,0.9403650125129708,0.9411432582555088,0.9402047854483304,0.9407388756637979,0.9400064090825856,0.9398309222975035,0.9430659830311909,0.9383965085759628,0.944210462064335
466,0.9485060733687359,0.9453473112372581,0.9452939022157114,0.9453244216565952,0.9452023438930599,0.9458966611731674,0.9459882194958189,0.9452786424952695,0.9439968259781482,0.9468198742599035,0.9361075505096746,0.937603003112983
467,0.966124971389334,0.969436179140917,0.9693751430533302,0.9693446250095368,0.9693904020752269,0.9692225528343633,0.9692530708781567,0.9695124742504005,0.9697184710460058,0.9692988479438468,0.9601434348058289,0.9620813305867094
468,0.9532442165659526,0.9529237624366721,0.9532136971250688,0.9531068790819752,0.9527406457913692,0.9530763596410915,0.9530610999206494,0.9529695415979977,0.9526338277482758,0.9540682414698163,0.9406091680400417,0.9439052676554965
469,0.9367216117216117,0.9411401098901099,0.94126221001221,0.9410714285714287,0.9411782661782662,0.9418956043956044,0.9409493284493283,0.941292735042735,0.9408195970695971,0.9414224664224664,0.9248931623931623,0.9278540903540903
470,0.9342353298875038,0.936492854971116,0.9365232593493463,0.9363408330799636,0.9362800243235025,0.935200668896321,0.935717543326239,0.9366600790513834,0.9368425053207662,0.9370173304955912,0.923913043478261,0.9258741258741258
471,0.9661679389312977,0.9677938931297709,0.9679770992366413,0.967854961832061,0.9677022900763358,0.9677175572519084,0.9673511450381679,0.967526717557252,0.9678167938931298,0.9691297709923664,0.958412213740458,0.9569618320610687
472,0.9391415369649806,0.9388755471789882,0.9387235530155641,0.9388147495136185,0.9386171571011673,0.9391491366731518,0.9391339372568094,0.9382979693579767,0.9389591439688715,0.9371960116731517,0.9371504134241244,0.9374696011673151
473,0.971710205078125,0.9691925048828125,0.9693145751953125,0.96923828125,0.969146728515625,0.9674530029296875,0.9674072265625,0.96929931640625,0.9695892333984375,0.966796875,0.95654296875,0.956298828125
474,0.9492309100897273,0.9544802539217481,0.954526033083074,0.9545718122443996,0.954541292803516,0.9547778184703656,0.9547930781908075,0.9545107733626319,0.9544649942013064,0.953930903985839,0.9485594823902826,0.9503906488433131
475,0.9567196619649805,0.9602155277237354,0.9602003283073929,0.9602535262645915,0.9591059703307392,0.9614238813229572,0.9618798638132295,0.9598887402723736,0.9606639105058367,0.9606943093385213,0.9464828550583657,0.9498571254863815
476,0.9593635531135529,0.9623321123321122,0.9620421245421243,0.9614774114774115,0.9612332112332113,0.9632173382173381,0.9624542124542124,0.9622710622710621,0.9624694749694749,0.9626221001221001,0.948137973137973,0.9511599511599511
477,0.9570131257631257,0.956456043956044,0.9565781440781441,0.9556776556776556,0.9556471306471307,0.9557844932844932,0.9551434676434677,0.9564255189255189,0.9562271062271062,0.9585317460317461,0.9517246642246643,0.952014652014652
478,0.9376335225538669,0.94226484770799,0.9422038088262223,0.9420054324604774,0.9421732893853385,0.94226484770799,0.941532381126778,0.9422038088262223,0.9410516999328573,0.9437984496124031,0.9296984679240676,0.935283525605811
479,0.9376745463701985,0.9382239382239382,0.938498634150808,0.9386054603445907,0.9382086773391121,0.9399026355548095,0.9394448090100264,0.9379797640667206,0.9386665038838952,0.9392464175072871,0.9417034199642894,0.9424512033207685
480,0.9408582375478927,0.9447816091954022,0.9451187739463602,0.9451954022988505,0.9451187739463602,0.9454252873563218,0.9461609195402298,0.9446130268199234,0.9449348659003831,0.9450727969348659,0.934528735632184,0.9373333333333332
481,0.9561249561249562,0.9560639125856516,0.9557434340043035,0.9558960428525646,0.9555297816167383,0.9547667373754329,0.9549956506478245,0.9563386085125216,0.9558197384284342,0.9554229554229554,0.9282738413173196,0.931463366245975
482,0.9449963376670939,0.9414484526643473,0.9414331929439054,0.9414026735030214,0.9415400109869987,0.940136116706342,0.9400598181041323,0.9414484526643473,0.9418375755356162,0.9401055972654583,0.9426081914179333,0.9425624122566075
483,0.933232586893804,0.9381019981377173,0.9379340874051686,0.9375219428798217,0.937491413655722,0.9389262871884111,0.938010410465418,0.9375830013280213,0.938277541176291,0.9377661766726197,0.9373387675352232,0.9395674008945063
484,0.9405465853733262,0.9415423266644197,0.9414504120837036,0.94154232666442,0.9410061582769079,0.940699776341187,0.9402095652440332,0.9416955176322805,0.9428291307944484,0.939841906921168,0.9245994056190447,0.9281840742669812
485,0.9467515884838719,0.9417353236250874,0.9416137172042683,0.9417201228224849,0.9411728939287994,0.9424193597421945,0.9431109962606026,0.9418721308485088,0.9411424923235946,0.9424649621500014,0.9393487976165141,0.9427385765968443
486,0.9634529695415981,0.9684810474272111,0.9684505279863272,0.968130073857047,0.967946957211744,0.9683360800830129,0.967946957211744,0.9684123786852223,0.9682903009216871,0.9672373802111947,0.9452939022157114,0.954541292803516
487,0.9376490005501558,0.9452747722965952,0.9451525154349287,0.9452136438657619,0.9441591784338895,0.9454275933736781,0.9456262607738859,0.9451830796503453,0.9465584693440919,0.9403844978299407,0.9319182101595452,0.9326517513295434
488,0.9519806645790898,0.9524442890584622,0.9527787067157145,0.952915513939136,0.9530979235703646,0.9526190982883896,0.9530143191560515,0.9523530842428479,0.9529459155443407,0.9536375520627489,0.9389383759462498,0.9413857051652328
489,0.9648482636988384,0.965897342334124,0.9659125463723165,0.9659125463723165,0.9659125463723165,0.96584412820045,0.96584412820045,0.9659125463723165,0.9685428449796266,0.9646810192787204,0.9479565772669222,0.9532323785197347
490,0.9471282958984375,0.9506912231445312,0.9507293701171875,0.9507827758789062,0.9504318237304688,0.950408935546875,0.9501953125,0.9512863159179688,0.9502487182617188,0.9506683349609375,0.933868408203125,0.935516357421875
491,0.9351156686809496,0.9322010620765427,0.9322315815174266,0.9322468412378685,0.9317432704632852,0.9320255752914607,0.93217817249588,0.9324146981627297,0.9314838552157725,0.9332234633461514,0.9351919672831593,0.9383202099737533
492,0.951672238250065,0.9528094518477812,0.9530384210285295,0.9530384210285294,0.9531910671490283,0.9512829906427926,0.952855245683931,0.9532063317610783,0.9533437132695272,0.9533055517394025,0.9414907420127918,0.9433988185190273
493,0.9639284954245584,0.9663910254461435,0.9664214270513484,0.9664670294591554,0.9665278326695649,0.9668166479190101,0.9668774511294196,0.9664214270513484,0.96636822424224,0.965402973276989,0.9509470100021281,0.95319672878728
494,0.9476648351648351,0.9458180708180708,0.9460775335775337,0.9454822954822955,0.9455891330891331,0.9472680097680097,0.9466575091575092,0.9456807081807083,0.9456807081807082,0.946443833943834,0.932936507936508,0.9355616605616605
495,0.9438819918457098,0.9433933452440942,0.9434391558629959,0.9434238856566953,0.9431948325621881,0.944233206590621,0.9442637470032221,0.9433322644188923,0.9434162505535449,0.942354971215661,0.9433628048314933,0.9433017240062913
496,0.953713736322432,0.9549193462236941,0.955041433302303,0.9549803897629984,0.954919346223694,0.9545988676423459,0.9543546934851284,0.955224563920216,0.9533322142017794,0.9545683458726939,0.9494559494559494,0.9489981229111665
497,0.9573610877958705,0.9576128923955012,0.9575213270865444,0.9574450226624139,0.9573687182382834,0.9579181100920232,0.9579181100920231,0.9575518488561966,0.9576663054923924,0.9541868237520412,0.9411082454560716,0.939521113434157
498,0.9482771775621072,0.9491698712079596,0.9489714948422144,0.9487273393151439,0.9491851309284014,0.9482542879814442,0.9480406518952573,0.9484221449063054,0.9493529878532626,0.9478422755295123,0.9403650125129708,0.9432033205151682
499,0.9598687724116884,0.9623407339589531,0.9623407339589533,0.9622491798275731,0.9624475471122301,0.9615777828641184,0.9615167467765315,0.9624475471122301,0.9632104982070648,0.961745632104982,0.9566643778133821,0.9570763714045929
500,0.9398489356832226,0.9509269855802244,0.9505760280766002,0.9503471427481498,0.9501487754634927,0.9514000152590218,0.9510414282444496,0.9519111924925612,0.951796749828336,0.949935149156939,0.9401235980773632,0.9456549935149157
501,0.9331624244643838,0.9339864493682476,0.9338796313251542,0.9338643716047123,0.933727034120735,0.9344900201428309,0.9345968381859245,0.9338185924433865,0.9334065799914546,0.9339406702069218,0.9313465177317952,0.9352072270036014
502,0.9649179027040226,0.9663217969846793,0.9661539400598181,0.9666269913935177,0.96656595251175,0.9658792650918636,0.9669169260819142,0.9656656290056767,0.9666575108344015,0.9654825123603735,0.9575932368919002,0.95918024781786
503,0.9537770855284254,0.9535022218150168,0.9532578985142088,0.9529830348008002,0.953257898514209,0.9523569563424802,0.9518835799471652,0.952601279643288,0.9531510070701056,0.9533953303709133,0.9484172431169545,0.9473330584696199
504,0.9475330779678605,0.952355517572909,0.9524013002273872,0.9523555175729089,0.9519587345674302,0.9530498878324966,0.9530041051780183,0.9522944740336045,0.9510888641323424,0.9528286050025181,0.9487386878691227,0.9524318219970394
505,0.929718017578125,0.9348602294921875,0.9350433349609375,0.93536376953125,0.9356536865234375,0.935089111328125,0.9359283447265625,0.9353179931640625,0.9345855712890625,0.9335174560546875,0.9304656982421875,0.93402099609375
506,0.9497528076171875,0.9519882202148438,0.9520797729492188,0.9517974853515625,0.9517440795898438,0.9510955810546875,0.9510421752929688,0.9515228271484375,0.952056884765625,0.9503173828125,0.9419403076171875,0.9444427490234375
507,0.9381981322102179,0.9470640297869743,0.9471098089483,0.9471861075505095,0.9468046145394616,0.9475370811206739,0.947308185314045,0.9467435756576941,0.9472776658731611,0.9460111090764818,0.9321095037538912,0.9358481352621619
508,0.94744873046875,0.9487152099609375,0.9485626220703125,0.9487762451171875,0.9485015869140625,0.9492950439453125,0.949188232421875,0.9468536376953125,0.9485321044921875,0.948486328125,0.94000244140625,0.9402618408203125
509,0.9573717948717949,0.9633089133089132,0.9635225885225884,0.9634920634920635,0.9632326007326008,0.9637667887667888,0.9636141636141635,0.9636904761904762,0.9629273504273503,0.9618284493284494,0.9411019536019536,0.9442918192918193
510,0.9581749916395585,0.9576809655549814,0.9578785759888122,0.9577417687653909,0.9581065880278479,0.9568829234183566,0.9566245097741162,0.9575289575289576,0.9571793390691028,0.9585322105007145,0.9528015079196183,0.9515094396984161
511,0.9552703465746945,0.9520121476643216,0.9517145604102126,0.9517450821798648,0.9510736032475163,0.9517374517374518,0.951905321470539,0.9517221908526255,0.952370778457735,0.9533627359714316,0.9436110305675524,0.9451676408198147
