magic,baseline_probe,-kpca,-gmm_score,-hist,-scaler,-gmm_stratify,-repeat,-gmm,-transductive,minimal,minimal_diag,minimal_-transductive,minimal_-gmm_stratify,minimal_reg0.05,minimal_reg0.3,minimal_reg0.5,raw_qda,raw_qda_reg0.5,gmm_bayes_k1,gmm_bayes_k2,gmm_bayes_k3,minimal_k3_s1,minimal_k3_s2,minimal_k4_s1,minimal_k4_s2,minimal_k5_s2,minimal_k5_s3,minimal_k5_s4,minimal_k6_s1,minimal_k6_s2,minimal_k7_s1,minimal_k7_s2,baseline_final,baseline_qda_avg4
0,0.9601495726495727,0.9432768620268619,0.9598595848595849,0.960454822954823,0.946001221001221,0.9588064713064713,0.9581654456654457,0.944871794871795,0.9458485958485958,0.9439636752136751,0.9497863247863247,0.9472069597069597,0.9490766178266178,0.942742673992674,0.9474053724053724,0.9495726495726494,0.9551739926739927,0.9492826617826617,0.9550518925518925,0.9406593406593405,0.9353021978021978,0.9533272283272283,0.958501221001221,0.951098901098901,0.9519841269841269,0.961256105006105,0.9577838827838827,0.9472985347985349,0.9607448107448107,0.9487484737484737,0.9579594017094016,0.9595619658119658,0.9568833943833943,0.9592414529914529
1,0.9314128102972725,0.9373582592706099,0.9318112166717745,0.9311523138216365,0.9198437021146185,0.9293365001532332,0.9318342016549187,0.9233067729083666,0.9099601593625498,0.9404382470119521,0.9119368679129636,0.908504443763408,0.9387373582592706,0.9403846153846154,0.9391817346000614,0.9385994483604043,0.9174839105117989,0.916227398099908,0.9174685871897027,0.9203034017775054,0.9185105730922464,0.9296582899172541,0.9360864235366226,0.9335044437634079,0.9352283174992337,0.9306159975482683,0.9369445295740116,0.9348452344468281,0.9350674226172234,0.9319644498927367,0.9286009806926141,0.9377873122893045,0.939288997854735,0.9378945755439779
2,0.9340110821083484,0.935239883378364,0.9338889652119491,0.9346979896505929,0.9293553754331333,0.9386438918654881,0.9341255666987224,0.9282257941414418,0.9195707591091572,0.9380562043015677,0.9281647356932423,0.9220894200973883,0.9385599364992139,0.9382012181160416,0.9383157027064156,0.938804170292012,0.9298591076307797,0.9285768802185892,0.9296759322861808,0.9403153668849507,0.9164415136389308,0.9396589885668055,0.9375677367159715,0.9425134710201339,0.9443299598540702,0.9399184869716536,0.9528628779899558,0.9509700660957702,0.9403306314970006,0.9453908503915371,0.9456503487963852,0.9377814412846698,0.9371403275785746,0.9357359832699852
3,0.9444299764085909,0.9368393639511015,0.9446138055700236,0.94445295505377,0.9474861362174085,0.9443993382150189,0.9479227304758111,0.9380648916939858,0.9399797787922425,0.9416189221483502,0.9439627439566163,0.9339210760133583,0.9425074297619411,0.9388997824688257,0.9460461411195196,0.9486963448635068,0.9449125279573516,0.9442231686019792,0.9446980606023467,0.9335763963356721,0.9398495664695609,0.9480069855081344,0.9531082447378902,0.9502588927356844,0.9509405925426637,0.9483823033793929,0.938984037501149,0.9499218726063912,0.944468274150556,0.9426759398265877,0.9485737920892183,0.9477389013143785,0.9487729403474371,0.9523039921566224
4,0.9508506904707408,0.9445105668726635,0.9511253528648813,0.9506446936751354,0.9427939269092851,0.9503929198138399,0.9518577859159227,0.9215686274509803,0.9195849546044098,0.9475700007629511,0.911635004196231,0.9141527428091859,0.9496528572518501,0.9457694361791409,0.9501792935072861,0.9520408941786832,0.9289997711146715,0.9242847333485924,0.9289692530708781,0.930235751888304,0.9346761272602426,0.9404592965590906,0.9465171282520791,0.9473258564126039,0.9465781643396658,0.9454261081864652,0.9471198596169985,0.9428625925078201,0.9569848172732127,0.9503624017700465,0.9508506904707409,0.949233234149691,0.9579156176089112,0.9559014267185474
5,0.965207837392419,0.9741118842702802,0.9653451748763964,0.9651162790697675,0.965024720747116,0.9683742293841177,0.9693890007935054,0.9552279802234023,0.956448757858756,0.9763245437343588,0.9619575169382898,0.9533968137703717,0.9754471098089484,0.9747604223890619,0.9740737349691754,0.9735091253128243,0.9617591405725447,0.958203625709577,0.9616981016907771,0.9583257034731124,0.943401696880913,0.9752029542818775,0.9665201733504242,0.9637734236708783,0.9649865714460112,0.962506866874199,0.9764237319172314,0.9629799182078984,0.9792620399194287,0.9766373680034182,0.973402307269731,0.9669245559421352,0.9694652993957151,0.969465299395715
6,0.9373024075875487,0.9311466439688717,0.937758390077821,0.9369756201361868,0.9284259484435797,0.9456392874513619,0.9376747932879378,0.9357976653696499,0.9367096303501945,0.9350224951361868,0.9392327334630352,0.9282587548638133,0.9446285262645915,0.9334645549610896,0.9404182879377431,0.9435189688715954,0.9354024805447472,0.9271947957198443,0.9356912694552528,0.9325145914396887,0.9250212791828794,0.9415050462062258,0.9408134727626459,0.9378039883268482,0.9358584630350194,0.9419382295719845,0.9427209995136187,0.9476912086575875,0.9402738934824901,0.9417102383268482,0.9382067728599222,0.9396507174124513,0.9419078307392995,0.9498343263618678
7,0.9533016924321273,0.953263540220062,0.9533474750866056,0.9534008881834969,0.9475025561982083,0.9540494757886062,0.9542020846368673,0.9467547728417295,0.9309597570467135,0.9545683458726937,0.9408335495292017,0.9323103453538235,0.9541334106551497,0.95520930303539,0.9527217788087353,0.9512414729806034,0.9473194255802951,0.9389717215804174,0.9475483388526866,0.9447327056022707,0.9358585010758923,0.9450760755108579,0.9476399041616433,0.9613899613899615,0.9544233674668459,0.95313382269904,0.9701191875104918,0.9685702077006426,0.9507683855509943,0.9709814275031667,0.9684710119492728,0.9720573198834068,0.9599096555618295,0.9601080470645689
8,0.9607977781847037,0.9577610938167612,0.9607519990233778,0.9612708295184033,0.9513672709515962,0.959554110968687,0.9626442043581762,0.9563114203747788,0.938976377952756,0.9590352804736617,0.9570744063968748,0.9521455166941343,0.9582188854300189,0.9588292742476958,0.9620032960996154,0.9625679057559666,0.9546175914057254,0.9539156442653972,0.9545565525239578,0.9501846426173474,0.9563877189769884,0.961530244765916,0.9592183971189648,0.9573490813648294,0.9640175791979491,0.958005249343832,0.9570896661173167,0.9597982664957578,0.9604162851736556,0.9619422572178479,0.9516419459195509,0.9481474699383506,0.9580357687847159,0.9626747237990599
9,0.9477659769273028,0.9424403344930721,0.947712567905756,0.9478727949703961,0.9371146920588416,0.9529085027162303,0.946369712506867,0.9338033327229446,0.9390526765549656,0.943226210095831,0.9354971616919978,0.931163401086492,0.9392510529207105,0.9430202038698651,0.9438442287737289,0.9435085149240066,0.9382439113715437,0.9357107977781848,0.9380302752853569,0.9367789782091193,0.9375724836720991,0.9431193920527375,0.9404565708356223,0.9507339925532564,0.9412195568577184,0.9409143624488799,0.9409601416102057,0.9436687419886468,0.9475294512604528,0.9479490935726058,0.946522309711286,0.9424784837941768,0.9455075383018983,0.9432948788378197
10,0.9419317921721218,0.9405584802014191,0.9436942092011902,0.9409933623254749,0.9377431906614786,0.9383001449607079,0.9416342412451361,0.9277790493629359,0.9153124284733348,0.9363012130922408,0.9263447013046464,0.9134050507362479,0.9419928282597085,0.9377889677271688,0.9355153734645608,0.9357595178149081,0.9172503242542154,0.9139238574807355,0.9173723964293888,0.9106813153276875,0.9125505455100328,0.9214618142977036,0.9297474631876097,0.9385061417563135,0.9427176317998017,0.9396047913328756,0.935187304493782,0.9384069581139849,0.936896314946212,0.9354390783550774,0.9387426565957122,0.9371862363622492,0.9405813687342642,0.9397268635080491
11,0.9586105346679688,0.964447021484375,0.9588699340820312,0.9589614868164062,0.9241943359375,0.9564132690429688,0.9585647583007812,0.94085693359375,0.9412994384765625,0.9643402099609375,0.9424591064453125,0.93707275390625,0.96630859375,0.9639129638671875,0.9622955322265625,0.96087646484375,0.9432373046875,0.937408447265625,0.942962646484375,0.9422149658203125,0.9369659423828125,0.9575042724609375,0.9560546875,0.9556808471679688,0.9570159912109375,0.9575881958007812,0.95806884765625,0.9537353515625,0.9586563110351562,0.9586029052734375,0.9589996337890625,0.9527206420898438,0.963897705078125,0.9615325927734375
12,0.9314117431640625,0.943145751953125,0.9310684204101562,0.931365966796875,0.9329833984375,0.93731689453125,0.9309234619140625,0.9234466552734375,0.9129180908203125,0.9406967163085938,0.9283294677734375,0.9169464111328125,0.9455337524414062,0.9411087036132812,0.9412689208984375,0.9418792724609375,0.931182861328125,0.929443359375,0.9309844970703125,0.926971435546875,0.9161529541015625,0.9354400634765625,0.9368896484375,0.9325408935546875,0.93536376953125,0.94427490234375,0.9379043579101562,0.93572998046875,0.9305496215820312,0.9394912719726562,0.9380264282226562,0.939697265625,0.9420166015625,0.9399337768554688
13,0.9469554731266505,0.9457877303048343,0.9471691776953488,0.9466654454977027,0.9402848376608508,0.9458564210590589,0.9478942467677184,0.9296301384500313,0.9211735433743952,0.9440704614492225,0.9256384423989865,0.929675932286181,0.9407275114102975,0.9444062829143197,0.9461922425241563,0.9490161957533849,0.9291950970066095,0.9297522553464304,0.9288745401535621,0.9297064615102809,0.9247225656759933,0.939086565614935,0.9417578727236647,0.9473218238158476,0.9408648929187464,0.9382546442582161,0.9454748057578117,0.9444062829143196,0.9407198791042726,0.9400253392560027,0.936545007708629,0.9373616644532978,0.9507716261391218,0.952572850361008
14,0.946113154774572,0.9422901529200741,0.9460675523667651,0.9459763475511507,0.9417201228224851,0.9456723314991031,0.9443574620739976,0.9290122518468975,0.9262609065758671,0.9399568297206092,0.9255768704587602,0.9284802237558142,0.9397440184841759,0.94015444015444,0.9401696409570425,0.9405952634299092,0.9330556653391299,0.9342261271395129,0.9324780348402395,0.9289210470312832,0.9282370109141762,0.9435898215425774,0.9393335968139117,0.9405344602194996,0.9408536770741496,0.9415377131912565,0.9422901529200742,0.9427537773994467,0.9374866992977229,0.9353737877359924,0.9411044903170888,0.9395616088529474,0.9524822910649682,0.9458851427355364
15,0.9462119478141451,0.9440985732814526,0.9464103150988021,0.9461966887922484,0.9403219653620203,0.9422903791866941,0.9425192645151446,0.9156481269550621,0.9119249256122682,0.9444113832303349,0.9206530861371786,0.913344014648661,0.9456778820477607,0.9433279926756695,0.9459525444419012,0.9454184786755168,0.9135271229114214,0.9123369192034791,0.9130083161669337,0.9343862058442054,0.9169832913710232,0.9375829709315633,0.939459830624857,0.9355458915083543,0.9441519798580911,0.9450675211718927,0.9474937056534676,0.9442282749675746,0.9472800793469138,0.9456702525368123,0.9474631876096742,0.9416647592889296,0.9585564965285724,0.9531700617990386
16,0.9391634980988592,0.9401713317146916,0.9394459969154183,0.9395147128437705,0.9316047459801181,0.9351856093575824,0.9397895765571793,0.9332386580542703,0.9218928947730083,0.9420495670896514,0.9301998870004734,0.9349794615725258,0.9366362789561287,0.9418892299234963,0.9421411883274542,0.9410875440927209,0.93824728572083,0.9333760899109748,0.9385068792279383,0.9443553682410251,0.9409348420297158,0.9386137706720418,0.9333302792920732,0.9422938903904592,0.9336509536243836,0.9460732664498298,0.9466306289797974,0.9370562096293921,0.9449280009772932,0.9426985508574219,0.9339639928535434,0.9393391054713149,0.9419732160581491,0.9374532349932048
17,0.9461194349970892,0.9497579434384288,0.9467169163832461,0.9470692772007232,0.9422128259337562,0.9478812390844747,0.9446410515672395,0.9191714924778626,0.9195544933664246,0.9472148175383768,0.9216533382357447,0.9118485154885559,0.9513895272237032,0.9496736832429451,0.9452461929711677,0.9451542727579129,0.9251616263749731,0.9230781015411955,0.9249011857707511,0.9283788338388945,0.9002052884762693,0.9497656034562001,0.9338021264209333,0.9465483959922787,0.9475748383736251,0.9433158684928149,0.9429175475687104,0.9376474553420964,0.938298556852652,0.9389036982565799,0.9405046419707693,0.9442503906609063,0.9434231087416123,0.9473909979471152
18,0.9430380712596322,0.9360189211871519,0.942244602121004,0.9416189822232395,0.9401998931868467,0.9361715114061189,0.9436408026245516,0.9292439154650187,0.9283894102388036,0.9354543373769741,0.9284657053482872,0.921889066910811,0.9308918898298619,0.9363546196688791,0.9347371633478294,0.9336079957274739,0.9286488136110476,0.926359960326543,0.9283436331731136,0.9212634470130465,0.9137712672617685,0.9301289387350271,0.9350270847638666,0.9379110399023423,0.9372777904936294,0.9444419012741283,0.9323872739757382,0.939177538719768,0.9434348058289463,0.9321736476691844,0.9382925154497597,0.9399786373693446,0.9415274280918593,0.9487754634927901
19,0.9613239350291145,0.9623505976095619,0.9606956788231689,0.9613239350291144,0.9524977015016854,0.96581366840331,0.9640514863622432,0.9498314434569415,0.9559914189396261,0.9618908979466748,0.9503830830524057,0.9502145265093472,0.963561140055164,0.9626723873735824,0.9630707937480846,0.9632087036469505,0.9587189702727552,0.9544284400858106,0.9586270303401778,0.9576616610481152,0.9430278884462152,0.9591710082745939,0.9601593625498008,0.9649095923996323,0.9600827459393196,0.9623352742874656,0.9656604351823477,0.9609255286546123,0.9598069261415875,0.962902237205026,0.9602972724486669,0.9586346920012259,0.9675911737664726,0.9640974563285319
20,0.9515774196012529,0.9428080360553053,0.951546864257887,0.9513406156901689,0.945657321824154,0.9513100603468031,0.9536628217859598,0.9316171415476281,0.9380948743411505,0.9400045833015049,0.9400351386448705,0.9336796272248109,0.9413642960812771,0.9395997250019098,0.94137957375296,0.9420365136353219,0.9343518447788558,0.9379726529676877,0.9339851806584676,0.9320754716981133,0.9326407455503781,0.9481934153235048,0.9475975861278741,0.948987854251012,0.9468184248720495,0.9412344358719733,0.9393629210908258,0.9487434115040868,0.9393781987625085,0.9431594225040103,0.9401420823466503,0.9400045833015048,0.9515239477503628,0.9519211672141163
21,0.938826581216144,0.9395666437781338,0.9384374761577783,0.9389410238803692,0.9192187380788892,0.9422903791866941,0.9391851682307164,0.9247272449835966,0.9240405889982451,0.940161745632105,0.9281605249103532,0.9353170061799039,0.9433127336537728,0.9405966277561608,0.9407797360189211,0.9412680247196155,0.9393453879606317,0.9382009613183795,0.9390249485008011,0.9312962539101243,0.9130388342107272,0.9506904707408255,0.9443427176317998,0.9407797360189212,0.9520332646677347,0.9413519493400474,0.9450141145952544,0.940932326237888,0.9356450751506828,0.9373846036469062,0.9549401083390555,0.9412222476539253,0.9357289997711147,0.9454337376974136
22,0.9498069498069498,0.9370641109771545,0.9502952981213851,0.9500206021945152,0.9473652082347733,0.9508141682054726,0.9501579501579502,0.9237108367543151,0.9225357486227052,0.9368123063775238,0.9265646222167961,0.9190715277671799,0.9370717414195673,0.9370641109771544,0.9389869824652434,0.9409098539533323,0.9243975765714897,0.9227951836647488,0.924306011262533,0.9277702321180582,0.9272208402643186,0.9402536359058099,0.9436491827796175,0.945793337097685,0.9430005951745082,0.9343247821508691,0.9413218978436371,0.9556900209074123,0.9395745265310481,0.9328597372075632,0.9415508111160285,0.944892944892945,0.9545073023333892,0.9507454942237551
23,0.9379136029411765,0.9383195465686274,0.9373008578431372,0.9380361519607843,0.925796568627451,0.936297487745098,0.9408318014705881,0.923544730392157,0.9269148284313725,0.9407475490196078,0.912561274509804,0.9193474264705883,0.9389399509803921,0.9391544117647058,0.9402879901960784,0.9382199754901962,0.9244944852941177,0.9127910539215686,0.9248774509803922,0.9254825367647058,0.9206648284313725,0.9306678921568627,0.9342371323529411,0.9388250612745098,0.9384037990196079,0.9351715686274511,0.9261412377450979,0.936374080882353,0.9348881740196079,0.9312117034313725,0.9309283088235294,0.9325750612745098,0.9416207107843136,0.9386029411764705
24,0.9423599243164062,0.9440078735351562,0.9423370361328125,0.9429779052734375,0.9275665283203125,0.9412841796875,0.9426116943359375,0.9304962158203125,0.92633056640625,0.9442825317382812,0.9388580322265625,0.938507080078125,0.9475631713867188,0.9442291259765625,0.94732666015625,0.9492034912109375,0.93414306640625,0.9338836669921875,0.93402099609375,0.936676025390625,0.9230194091796875,0.9491119384765625,0.936492919921875,0.9352645874023438,0.9404373168945312,0.95281982421875,0.9468460083007812,0.9387359619140625,0.9420242309570312,0.9549789428710938,0.9504013061523438,0.9472198486328125,0.93951416015625,0.9375457763671875
25,0.9516483516483516,0.9589667277167276,0.9516407203907205,0.9516101953601954,0.9397588522588523,0.9530143467643468,0.953434065934066,0.9445665445665445,0.9348443223443224,0.959416971916972,0.9337454212454211,0.9439713064713064,0.9569597069597069,0.9581959706959707,0.9572954822954824,0.9557692307692308,0.9431929181929182,0.9399725274725275,0.943009768009768,0.9378052503052503,0.930448717948718,0.9453067765567765,0.9490766178266178,0.9514957264957266,0.9513278388278388,0.954739010989011,0.9558455433455433,0.957081807081807,0.9524572649572649,0.9474130036630036,0.9528846153846154,0.9546169108669109,0.9472069597069598,0.9471764346764346
26,0.9501516590581819,0.9620392781641595,0.9503967646067587,0.95019761634854,0.9480529427984926,0.9503661264131867,0.9498912344128192,0.9440852967309048,0.9434725328594624,0.9605839639694843,0.9469346487331107,0.9377891479518368,0.9599482214528632,0.9602775820337633,0.9615031097766475,0.9626520420356016,0.9436410429241092,0.9461840129905941,0.9431967891173137,0.9355678789178591,0.9276402463310764,0.9528937773828856,0.9499678298967493,0.9542265388032721,0.9515763350592849,0.9515150586721408,0.9620469377125525,0.9418333895033548,0.9515916541560709,0.9565244033211802,0.9457933760225496,0.9553218542234749,0.9547627071907839,0.9525720763503785
27,0.9591751098632812,0.964569091796875,0.9591064453125,0.959716796875,0.950958251953125,0.9565658569335938,0.9612884521484375,0.9507293701171875,0.9412689208984375,0.9620819091796875,0.93133544921875,0.946380615234375,0.9617385864257812,0.9638519287109375,0.9630584716796875,0.962738037109375,0.946441650390625,0.9419097900390625,0.9462127685546875,0.9488983154296875,0.9433135986328125,0.94781494140625,0.9555511474609375,0.950286865234375,0.95147705078125,0.9547119140625,0.9565887451171875,0.96112060546875,0.9546051025390625,0.95599365234375,0.9543380737304688,0.9559173583984375,0.9610443115234375,0.9626922607421875
28,0.9419928282597086,0.934157320515755,0.9418097199969482,0.9432364385442893,0.9407644769970245,0.9399786373693445,0.9396200503547723,0.934554055085069,0.9375448233768215,0.9378500038147556,0.9309834439612421,0.9264820325017167,0.9341954680704967,0.9360799572747386,0.9404440375371937,0.9412680247196155,0.9302204928664073,0.9333791103990234,0.929579613946746,0.9301823453116655,0.9351491569390401,0.9441901274128328,0.9444113832303349,0.9429312581063554,0.9362249179827573,0.9347981994354161,0.9419241626611734,0.9415350576028078,0.945418478675517,0.9352559700923171,0.9397726405737392,0.9315785458152133,0.9418783855954832,0.9444266422522316
29,0.9219501029983979,0.9269626916914626,0.9226214999618525,0.9223163195239186,0.9152208743419546,0.9229343099107348,0.9249790188448921,0.917814908064393,0.9155107957579919,0.9277637903410392,0.9179827573052567,0.9179522392614633,0.9277637903410392,0.9272907606622416,0.9293507286182956,0.929381246662089,0.9194476234073395,0.9117570763714047,0.91967650873579,0.9153887235828184,0.9154650186923019,0.9264362554360265,0.9294728007934692,0.93838406958114,0.9324330510414283,0.9382009613183795,0.9373083085374228,0.938498512245365,0.9325856412603952,0.9330663004501412,0.9330128938735027,0.9290989547570001,0.9414816510261692,0.9384451056687266
30,0.9166857404440375,0.9344014648661022,0.9169604028381781,0.9161974517433432,0.9091935606927596,0.9156939040207522,0.9203631647211414,0.9142900740062563,0.9150377660791944,0.9356374456397345,0.9212329289692531,0.9166552224002441,0.9286717021438926,0.9342641336690318,0.9367513542381934,0.9368276493476768,0.9185320820935379,0.9212634470130465,0.9179827573052568,0.9236438544289312,0.9170748455024034,0.9238727397573816,0.9230792706187533,0.9399786373693446,0.9291142137788968,0.9360036621652551,0.925284199282826,0.9356755931944762,0.9289463645380331,0.9268177309834439,0.9341344319829099,0.9234531166552225,0.9277485313191425,0.9263447013046464
31,0.942446153374797,0.952771224608597,0.9425763656974785,0.9420938141487178,0.9374368087257576,0.9436180642789301,0.9497840007353167,0.9376665951775484,0.9382027635650603,0.9566546156438618,0.9321057630442108,0.9441465731180488,0.9552222800943657,0.9565703606115384,0.9597414136462513,0.9616563007445081,0.9464137994423848,0.9467048622813199,0.9458623119580869,0.9321517203345691,0.9373985109837925,0.9546861117068537,0.9516682496400012,0.9565397224179663,0.9497533625417446,0.9556512148043751,0.9571371671926224,0.9551303655136494,0.95336100983486,0.9529090964796715,0.9508486779619473,0.951645270994822,0.9526793100278808,0.9528631391893134
32,0.941619485097746,0.9333557159644115,0.9426953774779862,0.9416805286370503,0.9382239382239382,0.9338898469333252,0.9443588139240313,0.9303187998840172,0.9224441833137486,0.9335159552550857,0.9193385932516367,0.9328368458803242,0.9374761548674592,0.931768583942497,0.9355380224945441,0.9365757626627191,0.9320280189845408,0.9349428479863262,0.9317914752697362,0.9232987928640103,0.9316770186335404,0.9296931036061472,0.9368657194744151,0.9305324522715827,0.9360416316938056,0.9387428083080257,0.9324095411051931,0.9398873746699833,0.9464571855876204,0.9382163077815252,0.9471362949623818,0.9458467501945762,0.935064935064935,0.9386512429990691
33,0.9268372703412073,0.9263413294268449,0.9271729841909296,0.9267762314594397,0.9197949093572607,0.930209668558872,0.9298968442898127,0.9118445950070194,0.9047183055606421,0.9302249282793139,0.9040163584203138,0.9107458951352013,0.9247085393395593,0.9307437587743392,0.9303241164621865,0.9311481413660502,0.9143471891594946,0.9141335530733077,0.9143777086003785,0.9117988158456937,0.9029634377098212,0.9247390587804432,0.9168345235915277,0.9175364707318562,0.9269746078251846,0.9334599890130013,0.9316974913019592,0.9279970090947934,0.9303088567417446,0.9262039919428675,0.9267838613196606,0.9303546359030702,0.9273026918146859,0.9305835317096991
34,0.9444885799404171,0.945458712092277,0.945733710182568,0.9442364983576504,0.9374837674738371,0.9448399663891223,0.9473225880375831,0.9386448705217325,0.9341074020319304,0.9484836910854786,0.9365823848445496,0.9296921549155909,0.9493239630280346,0.9467267588419526,0.9522878313345047,0.9542739286532732,0.9390268123138035,0.9387670918951951,0.938874035596975,0.9498739592086166,0.9334657398212514,0.9448628828966464,0.9462378733481018,0.9503475670307846,0.9485295241005269,0.9464975937667099,0.9457107936750438,0.9453976014055459,0.9464670384233442,0.9495836834466427,0.9480711939500419,0.9460316247803835,0.9505920097777099,0.9463753723932472
35,0.9485555572512094,0.949990080424863,0.9488912967173837,0.9489981229111665,0.9385138950356342,0.951653516870908,0.9497535367100586,0.9406504189112884,0.9461595983335115,0.9504326460848199,0.9308987135074092,0.9367894150502845,0.9455720542677064,0.9497077540555802,0.9514246035985165,0.9521266043005173,0.9356143269186745,0.9341798037450211,0.9355380224945443,0.9405741144871579,0.9479298609733392,0.9458391197521633,0.9499137760007325,0.9450302928563797,0.9432829215437911,0.9467242510720771,0.9410853541288324,0.9476551650464693,0.9415965937705069,0.9475330779678608,0.9520350389915607,0.9529506920811268,0.9569643047903917,0.9562165214339127
36,0.9458661417322836,0.9401742660074468,0.9458814014527255,0.945782213269853,0.9402429347494354,0.9456219862052128,0.9481474699383508,0.9371757309406092,0.9197643899163767,0.9427684184825733,0.9314533357748888,0.9354666422511139,0.9457059146676432,0.940319233351645,0.9464536409692974,0.9480253921748152,0.9311176219251663,0.9304919733870476,0.9308582066776536,0.9302478178599768,0.9272721723738021,0.9409601416102057,0.9436763718488677,0.9403955319538546,0.9530153207593237,0.9348104742721114,0.9447674418604651,0.9459729597753771,0.9374809253494476,0.9446072147958249,0.9404794604162853,0.9487273393151437,0.9482390282610024,0.9524964902642984
37,0.9318296274818013,0.935637218245914,0.9313718009370184,0.9311199963373876,0.9191783539609628,0.9329284111892807,0.928945320249668,0.9173470477818303,0.9095487356356923,0.9313412791673661,0.9184153097196576,0.9185526576830924,0.9342789994963908,0.9335235856974987,0.9302424954598868,0.9298609733392342,0.9215895737634869,0.9158820028385246,0.9218337479207044,0.9142033055076534,0.8982556808643766,0.9299067559937125,0.9277854930028845,0.931783844827323,0.937720329024677,0.9353548918766309,0.9313565400521924,0.9291513421948204,0.9296091687396035,0.9305858653684741,0.9344392387870647,0.9328063241106719,0.9374914157522852,0.9412303325346805
38,0.9449371936274511,0.9410079656862745,0.944998468137255,0.9448988970588236,0.9365962009803922,0.9441329656862745,0.9467064950980393,0.9294577205882353,0.9303921568627451,0.9423866421568627,0.933639705882353,0.9252757352941178,0.9432215073529412,0.9420879289215686,0.9416666666666667,0.9405790441176469,0.9349571078431373,0.9310661764705882,0.9349417892156863,0.9329503676470589,0.9289368872549019,0.9452512254901961,0.9392156862745099,0.9435278799019607,0.9392156862745097,0.9459099264705884,0.9432751225490196,0.9436351102941176,0.9468520220588235,0.9419270833333334,0.9357383578431373,0.9372549019607843,0.9423713235294117,0.9431372549019608
39,0.9268993402851671,0.9322880248077097,0.9275529747970692,0.9282446113154774,0.9191317301553522,0.929392271911957,0.9272033563372146,0.9228407259903323,0.9155747423463959,0.9321436171829872,0.9201805855349162,0.9160763688322744,0.9336332958380202,0.9322728240051074,0.9308059465539781,0.9293770711093545,0.923676770133463,0.9166996017389718,0.9237071717386677,0.9220958866628158,0.9056638190496458,0.9217158665977564,0.9252196515976043,0.9255008664457484,0.9310035569878089,0.9334508862067917,0.9412640987444136,0.9258428845043019,0.9297114887666069,0.935959018636184,0.9313455750463624,0.9361870306752197,0.9239351837777035,0.9269449426929742
40,0.9393891017454237,0.9384844614729673,0.9389785927142249,0.9392066532871132,0.9364015082405888,0.9364927324697438,0.9365915587179956,0.9136562671045431,0.907924344705954,0.9363863042023962,0.9125919844310649,0.9161269233108313,0.9337788116523749,0.9387277260840478,0.9345922276956761,0.9336647813659308,0.9051115976403332,0.8996685519674025,0.9050963936021408,0.9108131119625373,0.9111476008027732,0.921623183117436,0.9284954083804658,0.9268685762938637,0.9355956942163839,0.9304719333454964,0.9312169312169312,0.9417837377607492,0.9316426442863224,0.9317642765918629,0.932387642157757,0.9329273855135924,0.9363863042023961,0.9356108982545764
41,0.9471004869411244,0.9574498939109464,0.9471844423073987,0.9465814901314282,0.9393079024896582,0.9532902871273526,0.9521072796934865,0.9473523530399475,0.9499168078643282,0.9639373540321473,0.9569690586313749,0.9446657813191677,0.9685701637892874,0.959739585718429,0.966494176550503,0.9672574071529974,0.9548625421684908,0.9541908992382958,0.9545267207033933,0.9622964082367846,0.9468409885362764,0.9531529056189036,0.9565874433301278,0.9641739555189205,0.9660896643311809,0.9721039214788356,0.955244157469738,0.9526797026453573,0.961342369983667,0.9622735113187099,0.9741188502694204,0.9576635984796447,0.9642960724153196,0.9615331776342905
42,0.9515695820043646,0.955354281441238,0.9518366474888214,0.9519511041250173,0.9444656401178141,0.9534695621652143,0.9497001236131671,0.9411540281105499,0.9431684649075953,0.9532253880079966,0.949104949104949,0.937140415401285,0.9524394524394525,0.954171562867215,0.9516535168709082,0.9495932974193844,0.9438399438399439,0.936697849741328,0.9443588139240312,0.9362247623117188,0.926854579028492,0.9528667572145832,0.9553008683443466,0.9529506920811268,0.948792100966014,0.9522563218215393,0.9518747997008867,0.9541028888854977,0.9444274879057487,0.9442901399423138,0.942657225265921,0.9503716025455156,0.9413066369588109,0.9495780365345583
43,0.9400869803229829,0.9432727106839816,0.9388400596088926,0.9394787263161096,0.924698153949089,0.9433107265594113,0.9393722818649068,0.9233447887837962,0.9191326297861987,0.9435692345123324,0.9184939630789817,0.9123658039597337,0.9455764727350141,0.944048234542745,0.9421854566466957,0.9418357105927435,0.9250174873026977,0.917034153462486,0.9256409476597428,0.9266445667710838,0.9197941060186735,0.9314421702502966,0.9324381861865515,0.936011678476932,0.9389769167604392,0.9373574404671392,0.9356163133724643,0.9370000912381011,0.9352209482679967,0.9337383291262431,0.9290927891487485,0.9382165992518475,0.9474468538061495,0.9456068854353579
44,0.9501063991488068,0.9486700106399149,0.9501595987232102,0.9498024015807873,0.9514971880224957,0.9499620003039975,0.9513071895424837,0.9344277245782034,0.9410548715610275,0.9478796169630643,0.9290545675634595,0.9393220854233165,0.9465648274813802,0.9482292141662868,0.9477124183006537,0.9489892080863352,0.9435628514971881,0.9433956528347774,0.9436540507675939,0.9319957440340477,0.941298069615443,0.9469372245022039,0.9456452348381212,0.9517783857729137,0.951702386380909,0.9465040279677763,0.9519227846177231,0.9487688098495212,0.9458048335613314,0.9511627906976745,0.9386760905912753,0.9482444140446877,0.9551603587171302,0.9581471348229214
45,0.9503524995422084,0.9483916254654214,0.9493453579930415,0.9502914606604408,0.9528016846731369,0.9459424403344932,0.9495895135201122,0.9419672831593725,0.9352377464444851,0.9478575352499542,0.936428004638955,0.9359549533052554,0.9439357870963805,0.9486739302935971,0.948879936519563,0.9486052615516084,0.9401971555881096,0.936824757370445,0.9402124153085516,0.9426844900201428,0.9313159982909114,0.9412500762986021,0.9413568943416956,0.9527711652322529,0.9445080266129524,0.9529085027162302,0.9522065555759018,0.9442257217847769,0.9517563938228653,0.9460721479582495,0.9503601294024293,0.9480635414759202,0.9506958432521516,0.9495589940792285
46,0.966451178038543,0.9659609669413892,0.9653711817151261,0.9666656453935476,0.9625907656484574,0.9663133061674685,0.96851925610466,0.961380557002359,0.9453797604093264,0.9675541530071387,0.9563405741597476,0.9582401421612183,0.9665737308128314,0.9675771316523177,0.9652716075860167,0.9645516100370721,0.9610128986794938,0.9536597322221881,0.9612426851312846,0.9662213915867521,0.9614724715830756,0.961342259260394,0.9600554551303656,0.9632801250038296,0.9688639357823464,0.972211158430099,0.9620775759061246,0.9644290572627837,0.976209442691259,0.9756579552069609,0.9748537026256932,0.9573592940960202,0.9629737430681087,0.9700664848800514
47,0.9492385399499481,0.9486205212720502,0.9487578587560277,0.9491469816272966,0.9438747482146128,0.9537630470609779,0.9511765244460723,0.940136116706342,0.939357870963804,0.9505279863272905,0.9460568882378074,0.9401361167063419,0.955098272599646,0.9501312335958005,0.9519166208875054,0.952160776414576,0.9428065677836782,0.9378166391991698,0.943035463590307,0.9387017029848014,0.9365882317035953,0.9512299334676189,0.9479338338521638,0.9481932490996766,0.9487883781969114,0.950024415552707,0.9466062381737167,0.9479033144112801,0.9516953549410974,0.9443783189891961,0.9553958371482635,0.9382515412317647,0.9592718061405117,0.9604925837758653
48,0.9420724723991022,0.9422938903904592,0.9422022691526563,0.9427214561668728,0.9406294379037061,0.9416067311069373,0.940598897491105,0.9414234886313314,0.9275734115167896,0.9426680104448212,0.9317727182494236,0.9314215035045124,0.9423549712156611,0.9431413868401362,0.9433322644188922,0.9425534838975674,0.9344755447646097,0.9267335501702628,0.9347045978591171,0.935826958022203,0.921068303632782,0.9463099546474872,0.940217142333593,0.9404920060470017,0.9430726709117841,0.9466000885671965,0.9504023699360179,0.9458671186647732,0.9391787683051598,0.9446836776764854,0.9412020706399744,0.9381556644830271,0.9484477835295556,0.9438132759173575
49,0.9512714460784315,0.9557751225490196,0.9507812499999999,0.9510723039215685,0.9305759803921569,0.9477481617647058,0.9518075980392156,0.937561274509804,0.9422028186274508,0.9572916666666667,0.9322457107843137,0.9233149509803921,0.9604166666666666,0.9575061274509804,0.9564644607843138,0.9547181372549021,0.9397824754901961,0.9317401960784314,0.9401807598039216,0.9368566176470589,0.9299785539215687,0.9442555147058824,0.9477328431372549,0.9429610906862745,0.9551776960784313,0.9540747549019607,0.9540441176470588,0.9485447303921568,0.9482536764705882,0.9560891544117647,0.9531556372549019,0.9590992647058822,0.951455269607843,0.9540594362745097
50,0.9437347374847375,0.9424374236874238,0.944345238095238,0.9438034188034189,0.9350579975579977,0.9415903540903541,0.9407051282051282,0.9351190476190476,0.9340964590964591,0.9400106837606838,0.9333638583638584,0.9375610500610501,0.940491452991453,0.9417735042735043,0.9401862026862027,0.9401098901098901,0.9401251526251526,0.9398809523809524,0.9400030525030526,0.9240384615384616,0.9170177045177046,0.9393620268620269,0.9404761904761904,0.940460927960928,0.9461996336996337,0.9402854090354091,0.9421321733821734,0.9387210012210012,0.940399877899878,0.9404304029304029,0.9364774114774115,0.9416514041514041,0.9473901098901099,0.9475961538461539
51,0.9302902221679688,0.9341659545898438,0.92974853515625,0.9310073852539062,0.91424560546875,0.92681884765625,0.9322662353515625,0.913848876953125,0.912139892578125,0.9356689453125,0.9134368896484375,0.9025726318359375,0.9315109252929688,0.9340133666992188,0.936920166015625,0.937255859375,0.9058685302734375,0.90899658203125,0.905792236328125,0.9163970947265625,0.88720703125,0.9340667724609375,0.9147491455078125,0.9249267578125,0.9391250610351562,0.92340087890625,0.9371719360351562,0.9340972900390625,0.93243408203125,0.930450439453125,0.9370269775390625,0.924163818359375,0.9338226318359375,0.930450439453125
52,0.95703125,0.9566802978515625,0.9568023681640625,0.9571685791015625,0.948486328125,0.9581375122070312,0.9534149169921875,0.9442596435546875,0.940185546875,0.9552688598632812,0.9434051513671875,0.9488067626953125,0.95758056640625,0.95623779296875,0.956298828125,0.95635986328125,0.9495697021484375,0.9475250244140625,0.9494171142578125,0.94439697265625,0.9358901977539062,0.9574661254882812,0.949920654296875,0.9526138305664062,0.9534683227539062,0.9521331787109375,0.958648681640625,0.9568328857421875,0.94915771484375,0.9584503173828125,0.9513626098632812,0.9427642822265625,0.9573974609375,0.9571380615234375
53,0.9419699397268635,0.9504386968795299,0.941542687113756,0.9428168154421301,0.9281681544213016,0.9443045700770581,0.9426718547341115,0.9427786678873885,0.9312275883115892,0.9510490577553978,0.9316243228809034,0.9412680247196156,0.9529869535362783,0.9502098115510796,0.9538872358281835,0.9553978789959564,0.9465629053177691,0.9457236591134508,0.9462882429236286,0.940886549172198,0.9238879987792783,0.9497062638284886,0.9511253528648813,0.9512092774853133,0.9498283360036621,0.9525444419012742,0.9464179446097505,0.9541695277332723,0.9497062638284886,0.9553063248645761,0.952651255054551,0.948073548485542,0.9525444419012741,0.9536430914778362
54,0.9384768161332213,0.9238102513176991,0.938835841417768,0.9386143151783668,0.9299060423191505,0.9356122526926897,0.9363073867542586,0.9232908104804828,0.9264074555037811,0.9233824765105798,0.9261782904285386,0.9240699717363073,0.9229241463600948,0.9228935910167291,0.9260866243984418,0.9275991138950425,0.9229241463600948,0.9214269345351768,0.9223741501795125,0.9096325719960279,0.9044610801313879,0.9303643724696355,0.9312046444121916,0.9262164846077459,0.9217401268046749,0.923695668780078,0.9376365441906653,0.9281567489114658,0.9378962646092737,0.9322969979375143,0.93534489343824,0.9374837674738371,0.9364143304560385,0.9365671071728668
55,0.9677409546974766,0.9559744603222864,0.9680602006688964,0.9677637579811494,0.9605503192459715,0.9641836424445119,0.9690863484341746,0.9609607783520827,0.9553359683794467,0.9578139252052297,0.9545454545454546,0.9543934326543021,0.9566737610215871,0.9574186682882335,0.9618425053207662,0.9641228336880511,0.9636363636363636,0.9604287017330496,0.9636363636363637,0.9583155974460322,0.9604895104895104,0.9613560352690788,0.9639404074186683,0.9621009425357252,0.9600030404378229,0.961903314077227,0.9554271815141379,0.9620705381574947,0.9690863484341745,0.9724004256612953,0.9648449376710246,0.9718303435694741,0.9675585284280938,0.9665855883247187
56,0.9416010498687664,0.9416010498687664,0.9423792956113044,0.9419367637184888,0.9332845022279191,0.9448971494842215,0.9391289751571752,0.9262955502655192,0.9294848318378807,0.9395715070499909,0.925730940609168,0.9207715314655435,0.9407617652444606,0.9400369285234694,0.940532869437832,0.9422877372886529,0.9248306171030948,0.9285082097295977,0.9242202282854179,0.9203442592931699,0.9225874381981323,0.9386864432643595,0.9308887261185375,0.9404489409754014,0.9360770310687908,0.9328648599157663,0.939342611243362,0.9388237807483367,0.9339483000671427,0.9384651773179515,0.9337957028627236,0.9396706952328633,0.948467924067631,0.9497497405847524
57,0.9675324675324676,0.9638240725197247,0.9678605765562288,0.967448532665924,0.9621835274009186,0.9703328398980573,0.972217559174081,0.9603216994521342,0.9551329986112596,0.9665862926732491,0.9493491232621668,0.9544309979092588,0.963717246325942,0.9655485525050743,0.9676621850534896,0.9664565751522273,0.9570863918690006,0.9552398248050422,0.9569643047903919,0.9571016527538266,0.9456102064797717,0.9573916095655226,0.9613136569658308,0.9652967479054435,0.964480290567247,0.9700123613167092,0.9636333114593985,0.9632136371266806,0.9679521418651854,0.97043966609184,0.9665862926732491,0.9613594396203092,0.9642895295069208,0.9686999252216644
58,0.945136186770428,0.9504997329671168,0.9460364690623331,0.9444571602960251,0.9505912870984969,0.9487907225146868,0.9479667353322652,0.9344319829098955,0.920134279392691,0.9507743953612573,0.9302662699320973,0.934859235523003,0.9510337987335011,0.9510261692225528,0.9499046311131456,0.9489127946898603,0.9383840695811398,0.9365377279316396,0.9380025940337225,0.9390402075226978,0.9309834439612421,0.9412756542305638,0.9390707255664912,0.940009155413138,0.943358510719463,0.940581368734264,0.9494621194781414,0.939681086442359,0.9477759975585565,0.9493095292591744,0.9474937056534676,0.9417563134203099,0.9458152132448311,0.9528953994048981
59,0.9457084000915542,0.9505760280766002,0.9458915083543145,0.947043564507515,0.9374990463111315,0.948378728923476,0.9455252918287937,0.9388113221942473,0.9346303501945525,0.9488517586022737,0.9360036621652552,0.9318532082093538,0.943251697566186,0.9496986343175403,0.9498283360036621,0.9502708476386664,0.9344777599755856,0.9323872739757382,0.934554055085069,0.9360189211871519,0.9228656443121996,0.9492179751277943,0.9468680857557031,0.9486457618066683,0.9476005188067445,0.9433585107194628,0.9442969405661098,0.9484092469672695,0.9466315709163043,0.9388189517051956,0.9438696879530022,0.9399710078583963,0.9533836881055924,0.9442435339894713
60,0.9394837622549018,0.9481617647058824,0.939905024509804,0.941061580882353,0.9359068627450978,0.9422487745098039,0.9466375612745098,0.9237285539215685,0.9352941176470588,0.9496936274509804,0.9278339460784314,0.9323988970588235,0.9516850490196078,0.9486443014705882,0.9530177696078432,0.9537071078431373,0.9327818627450981,0.925091911764706,0.9330882352941177,0.9407935049019608,0.9368259803921568,0.9484375,0.946813725490196,0.9489659926470588,0.9506280637254901,0.9475643382352941,0.950842524509804,0.9532858455882351,0.9517463235294118,0.9513480392156863,0.9407398897058824,0.9426317401960784,0.960171568627451,0.956609987745098
61,0.9400292986632486,0.9396783250930844,0.9404413111151804,0.9406702069218092,0.9266617835561253,0.9373741073063542,0.9388924494903254,0.939739363974852,0.9320637245925655,0.9394265397057926,0.9304309345052799,0.9371452114997253,0.9377174510162973,0.9399987792223646,0.9405939083195995,0.940700726362693,0.9409601416102058,0.9376640419947506,0.941082219373741,0.9386559238234756,0.9381523530488922,0.9376335225538669,0.9381370933284502,0.9390603064151865,0.9365043032411647,0.9405557590184948,0.9367484587682352,0.9373893670267961,0.9343832020997375,0.932132393334554,0.9439663065372643,0.9416163095892084,0.9437374107306354,0.9471708478300678
62,0.9576943617914092,0.9536125734340428,0.9573281452658883,0.9569771877622643,0.9509269855802244,0.9486839093614098,0.9615777828641183,0.9481193255512321,0.9443961242084382,0.9548027771419851,0.953047989623865,0.9604180971999695,0.9545281147478446,0.9551766231784541,0.9559014267185473,0.9553521019302662,0.9567711909666591,0.951949340047303,0.956725413900969,0.9559624628061342,0.9445105668726635,0.9608453498130769,0.9543678950179293,0.9582742046234837,0.9607309071488518,0.9564583810177767,0.9571068894483863,0.9532768749523155,0.9554512855725947,0.9564354924849316,0.9469138628213931,0.9604257267109177,0.961852445258259,0.960189211871519
63,0.9386741343263081,0.9433363346406825,0.9389640911380043,0.9381323729149815,0.938483373265982,0.9423138553573337,0.9417339417339418,0.9378881987577641,0.9375677201764157,0.9455567933828805,0.9308071481984526,0.9274344926518839,0.9411998107650282,0.9451523799349886,0.9458238588673373,0.9467700337265554,0.9346528911746302,0.9328063241106719,0.9343476734781083,0.9301661910357563,0.9311810398766921,0.9323179757962367,0.9436568132220307,0.9379645031818945,0.9395211134341569,0.939536374318983,0.937010697880263,0.9433058128710302,0.9352175439131961,0.937735589909503,0.9435194652585956,0.9315473011125184,0.9518213866039952,0.9453584018801411
64,0.9464668750383036,0.9460761782190354,0.9463289820432678,0.9458463565606423,0.944138015566587,0.9372357050928479,0.9474627688913404,0.9164674878960594,0.9265183550897836,0.9459306245020531,0.9183367040509898,0.9203744560887417,0.9391279034136177,0.9454633204633205,0.9485505914077342,0.9504810933382362,0.9266868909726053,0.9267175338603909,0.9263651406508551,0.9338573267144695,0.91001716001716,0.9376876876876877,0.9433719433719434,0.9430655144940859,0.9399859042716185,0.9488723417294846,0.9475930011644298,0.9472406079548936,0.9449653735368021,0.9486578415149843,0.9464668750383036,0.9473708402279831,0.9485046270760557,0.9404149047006191
65,0.9253036684367942,0.9248000976622108,0.9245101629738144,0.9262192516633094,0.9273026918146859,0.9335591771958738,0.921488738326314,0.9135384239760727,0.9057864859915767,0.9246475004577916,0.9108527131782945,0.9132942684490021,0.9263413294268449,0.9234725019837637,0.9265854849539157,0.9273332112555699,0.9207867911859855,0.9168497833119698,0.9205884148202406,0.9277452237075017,0.9159265702252335,0.9209241286699628,0.9153085515473357,0.9157053042788257,0.9204892266373681,0.9285845083318074,0.9310565830433988,0.9173152047854484,0.9160867972898735,0.9177958859793689,0.9226942562412256,0.9170328999572728,0.9242660074467436,0.9252502594152476
66,0.9695928927966296,0.9669826441360992,0.9695928927966296,0.9695318343484299,0.9636396940971746,0.9685091053410879,0.9687151776037612,0.9563126803132298,0.9524202042405093,0.9679595793072919,0.9592282212147578,0.9546259406817176,0.9689517790905344,0.9683259299964891,0.9669063210758498,0.9672574071529972,0.9573277770145471,0.9586023721207125,0.9571751308940484,0.9586023721207126,0.9587321213231367,0.9599990841232771,0.9585336813664881,0.9696234220207293,0.9666315580589521,0.9625253774175329,0.9642655431912198,0.9658912243745325,0.9700889926882509,0.9636167971790996,0.966898688769825,0.9554120682022866,0.9750423592984384,0.973775396498298
67,0.9490059581712061,0.9557924975680934,0.9488995622568093,0.9489223613813229,0.9387615515564203,0.9446665248054475,0.94833718385214,0.9455556906614788,0.9356760700389105,0.9570464494163424,0.9367400291828794,0.9385183608949417,0.9548197349221789,0.9573884362840468,0.9553745136186771,0.9545385457198444,0.9416342412451361,0.9358584630350195,0.9417710359922179,0.9338673394941635,0.9302802772373541,0.94833718385214,0.9463308608949416,0.9481319917315175,0.9527298151750974,0.9646385578793776,0.9454644941634242,0.95400656614786,0.9461636673151752,0.9618190661478598,0.9495835359922179,0.9578900170233462,0.9477140077821012,0.9419686284046692
68,0.9441315628815629,0.9418879731379732,0.9440170940170941,0.9444826007326007,0.9388888888888889,0.9464590964590965,0.9429258241758242,0.9265873015873016,0.9204975579975581,0.9447344322344322,0.9265720390720391,0.9212606837606837,0.946565934065934,0.9451312576312577,0.948458485958486,0.9505952380952382,0.9224664224664225,0.9187118437118437,0.9226953601953601,0.9260531135531136,0.9164072039072039,0.9449938949938951,0.934271978021978,0.9424984737484737,0.9489697802197803,0.9466193528693528,0.9392246642246642,0.9411324786324787,0.938865995115995,0.9436431623931625,0.9400946275946276,0.9418803418803419,0.9469474969474969,0.9451007326007326
69,0.9450878959897454,0.9460645180980284,0.9456219862052128,0.9455533174632242,0.9386254043825918,0.9428599768052249,0.9442104620643349,0.9307819080754441,0.9281877556003174,0.9458890313129463,0.9314075566135629,0.9193371177440028,0.9449124092046634,0.9482619178416651,0.9421656595251174,0.9396325459317585,0.9325062564853812,0.9306903497527926,0.9321858023561008,0.9249832143075137,0.9140419947506563,0.943844228773729,0.9446682536775926,0.9390068973936397,0.948681560153818,0.9452176036135018,0.9435848135262164,0.9389916376731978,0.9545718122443997,0.9553119086858328,0.9505432460477323,0.9555636940731246,0.9583714826344382,0.9500167856924862
70,0.9573763486806964,0.9585895890243715,0.9576510446075662,0.9570100874448702,0.9086941260854304,0.9582462191157843,0.9567811741724785,0.9527828223480398,0.9480977307064264,0.959375524592916,0.9469226425748165,0.9529964747356051,0.9660445312619226,0.9578036534558274,0.9601080470645688,0.9598943946770033,0.9567506524028264,0.9570558700993483,0.9564912173607826,0.9508141682054726,0.9436110305675524,0.9512185816533644,0.9563691302821736,0.9570711309841745,0.951478016695408,0.9502647763517327,0.9558349993132601,0.9657850962198788,0.9575747401834358,0.9574908053168923,0.9514246035985167,0.9522639522639521,0.9620461794374838,0.9525691699604744
71,0.9467895904903778,0.9302891192654972,0.9464171708266196,0.946515976043535,0.9406560666403185,0.9456419298938984,0.9441370504362632,0.9357158057945459,0.9364910467272674,0.9304259264889186,0.9274617699814552,0.9215182561639255,0.9294606755236677,0.9308287477578817,0.9322044203933967,0.9346213480071748,0.9348493600462104,0.9293010670963426,0.9348493600462103,0.9389307755449487,0.9403976529960782,0.9349557656644271,0.9369622716079409,0.9371218800352658,0.9366582555558933,0.9427309761955431,0.9448438877572736,0.9322272215973003,0.9348417596449093,0.9409068798832578,0.931049159395616,0.9408840786793543,0.9412792995470161,0.9373498920743015
72,0.9488975356679636,0.9425650415808348,0.948485542076753,0.9486991683833067,0.9392690928511482,0.9473868925001907,0.9469901579308766,0.9263599603265431,0.921538109407187,0.9443198290989547,0.9243457694361791,0.9258411535820554,0.9410162508583201,0.9445944914930953,0.943251697566186,0.9417715724422064,0.9273670557717251,0.9231403067063402,0.9275043869687953,0.9348744945448997,0.9262989242389563,0.9379873350118257,0.9378805218585489,0.9430457007705806,0.9436636911573968,0.9461509117265583,0.9426794842450598,0.9459143968871596,0.9368657969024186,0.940489814602884,0.9429922941939421,0.9415579461356527,0.9403677424277104,0.9404974441138323
73,0.9232817554782398,0.927279802234023,0.9227781847036561,0.9238997741561374,0.9144845266434719,0.925921687114692,0.924189708844534,0.9046267472379905,0.8879020936336447,0.9284395409876092,0.9001556491485075,0.9002166880302752,0.9351232985411708,0.9268601599218702,0.9309039858389795,0.9312702191295855,0.9085179759506805,0.9066257706158825,0.908441677348471,0.9201611426478667,0.8942501373374839,0.9179484831837881,0.9223966916926083,0.9290270402246231,0.9243880852102789,0.922816334004761,0.9335896966367577,0.9312091802478178,0.930232558139535,0.9218702313373619,0.9396478056522003,0.9214429591649881,0.9303546359030702,0.9300647012146738
74,0.9512779430838483,0.9437170977340353,0.950614175631342,0.9510337987335011,0.9436484321355001,0.9482719157701992,0.9516823071641108,0.9382009613183795,0.9404287785152972,0.9476157778286411,0.9326314183260853,0.9419394216830701,0.9464713511863889,0.9450827801937896,0.9507286182955672,0.9508812085145343,0.9476005188067446,0.9431906614785992,0.947524223697261,0.9508659494926376,0.9479362172884718,0.9458915083543146,0.9460593575951781,0.9423895628290226,0.9511253528648814,0.9476310368505378,0.9476844434271764,0.947219043259327,0.9384222171358816,0.9448691538872358,0.9519874876020447,0.9449454489967192,0.9459830624856946,0.94960708018616
75,0.9627450980392158,0.9593213848039216,0.9627910539215686,0.962936580882353,0.9527113970588236,0.9620098039215687,0.9604013480392157,0.9488664215686274,0.9390931372549021,0.9560661764705881,0.9451593137254902,0.9513786764705882,0.9582414215686275,0.9588388480392156,0.956280637254902,0.9564491421568627,0.9527113970588236,0.9518075980392157,0.952374387254902,0.9561121323529412,0.9514246323529412,0.9549479166666666,0.9573376225490196,0.9621936274509804,0.9659007352941176,0.9618719362745098,0.9620098039215687,0.9575903799019607,0.9643612132352941,0.957950367647059,0.9637561274509805,0.9569010416666667,0.9600949754901961,0.9602175245098038
76,0.9395826655065563,0.9369342553159012,0.9395674008945063,0.9393307994077331,0.9441925783456213,0.9421318557188869,0.9401627207644517,0.9349574880554411,0.9369266230098763,0.9355070140892369,0.9355680725374365,0.9327670162262824,0.936796873807452,0.9358581001663844,0.9358581001663843,0.9367434476652776,0.9360565401230329,0.9331562638335547,0.9361481277953321,0.9323930332310605,0.9115797347010426,0.9372471798629238,0.9374990459617469,0.9317900810550899,0.9341789928408969,0.9329043977347317,0.9340950374746225,0.9351330310940147,0.9344079620216452,0.9326372670238586,0.9245088611072949,0.9302330906260018,0.9385599364992139,0.9365831692387537
77,0.9497800586510265,0.9498182429130011,0.9497647849462366,0.949627321603128,0.9386913489736071,0.9561873778103617,0.9530104472140762,0.948252688172043,0.9336663000977519,0.9500320747800587,0.9351402126099707,0.9340481427174977,0.9538428641251221,0.9500702590420332,0.9523460410557185,0.9531555474095798,0.9430749022482894,0.9342772482893452,0.9430443548387096,0.9452743157380255,0.9384164222873899,0.9477333822091887,0.9447091886608016,0.950643022971652,0.9499404325513195,0.9499557062561096,0.9430443548387097,0.9539879643206257,0.9433421920821116,0.9439455034213099,0.9487643572825024,0.9503528225806452,0.9622739491691106,0.9583333333333334
78,0.9406173406862746,0.943704044117647,0.9409620098039215,0.9399356617647059,0.9290441176470587,0.946438419117647,0.9405024509803923,0.9326746323529412,0.9224264705882352,0.9450827205882353,0.928125,0.9302696078431373,0.946407781862745,0.9448223039215687,0.9451899509803923,0.9446997549019608,0.9255055147058823,0.920251225490196,0.9255821078431373,0.935094975490196,0.9231770833333334,0.9303462009803921,0.9424938725490196,0.9424325980392156,0.9423560049019608,0.9468673406862746,0.9401118259803922,0.9488128063725492,0.9398897058823529,0.9369178921568627,0.9356847426470588,0.9369102328431371,0.946078431372549,0.9500153186274508
79,0.9608520481632403,0.9615490670670057,0.9606682190018077,0.9608060908728822,0.9493857042188792,0.9604997089371611,0.9597337540978583,0.9440393394405466,0.9413891356965595,0.9623839578418455,0.9334691626581695,0.9342504365942585,0.9614877906798616,0.9623150219063085,0.9621158736480897,0.9604460920984098,0.9427525353105181,0.9392138239529398,0.94270657802016,0.940178927050461,0.9249747234903031,0.9498529366708539,0.9566009988051104,0.9566469560954687,0.9540503691902325,0.957037593063513,0.9560801495143847,0.955919298998131,0.9581405680321089,0.9575814209994178,0.9554290879009774,0.954218879254879,0.9516069732528571,0.9529090964796715
80,0.9523798616519309,0.9533037091331105,0.9522195244857757,0.952601279643288,0.9397590361445783,0.9506085177210745,0.9528074274283446,0.9367966161222839,0.942568754103868,0.9544947852245484,0.9459740101088766,0.9380640432452242,0.954891810588361,0.9544107990898957,0.9555026188403806,0.9557469421411883,0.9474857605326248,0.9464321162978911,0.9473025180570189,0.9483256218791516,0.9288790141554812,0.954983431826164,0.9520515522164704,0.9523722265487806,0.9561057919892498,0.9557774825537894,0.9562890344648557,0.9555026188403806,0.9485241345610579,0.9540748545512849,0.946050361140379,0.9578465955075054,0.9549528914135631,0.9528150625314948
81,0.9451972228580148,0.9392538338292516,0.9451895933470664,0.9448844129091325,0.9419699397268635,0.9386892500190738,0.9460898756389715,0.933653772793164,0.9324177920195316,0.9400549324788281,0.9212024109254596,0.9232928969253071,0.9390859845883879,0.9392690928511482,0.9417257953765164,0.9439078355077439,0.9203936827649348,0.9199206530861371,0.9205767910276952,0.9383382925154499,0.9330434119172962,0.934332799267567,0.937773708705272,0.9421759365224689,0.94281681544213,0.9356221866178378,0.9390707255664912,0.9384298466468298,0.9477225909819181,0.9368276493476768,0.9457694361791409,0.9375829709315633,0.9559624628061341,0.9549782558937971
82,0.9448794858878661,0.9430858939720047,0.9446657813191678,0.9451847781288638,0.9430019386057303,0.9422539726152861,0.9421623849429865,0.9270809482377006,0.9205171650562501,0.9403001022729007,0.9327593839202577,0.9361023339591823,0.9436888461479752,0.9408114667765718,0.9423302956755355,0.9442994306299706,0.9312787165514189,0.9289279662957366,0.9313397749996185,0.9265619514280047,0.9212956602707942,0.9307291905176229,0.9455511288180611,0.9428187632611317,0.9442078429576714,0.9350032818915907,0.9377051182244204,0.9416586527453404,0.9359802170627834,0.9361786570194318,0.9329043977347315,0.9381248950557921,0.9400863977042023,0.9346674604264933
83,0.9311871288791195,0.9283784402619407,0.9309123658622216,0.9314924211201173,0.9367434476652775,0.9406969821861977,0.9333012776480287,0.9159835752774343,0.9113126039901696,0.9241730396421974,0.9188227931187127,0.9082749461922425,0.9289203339897117,0.9239288058493994,0.9264856283677549,0.9281189418570926,0.9259055731098594,0.9227610630275831,0.9255850162568118,0.9214788356153929,0.9185785593259147,0.9332631161179038,0.933110469997405,0.9351177664819648,0.9311642319610448,0.9298285784066798,0.9390789333089101,0.9327288546961578,0.9368655645616767,0.9328738685106319,0.9348735326891666,0.93311810230343,0.936300773915831,0.9388346995161119
84,0.9509146061218862,0.9419983454361613,0.950746085730919,0.9508380059441737,0.9394705395716518,0.9514661274014156,0.9470999172718081,0.9283175536967245,0.9214694978092349,0.9387734779544689,0.923062781505653,0.9348438888378221,0.9398229003891287,0.9407421025216778,0.9404663418819131,0.9426264668934031,0.9279345528081625,0.9259276281520973,0.9275362318840581,0.9272145111376658,0.9241811441002543,0.9447099917271807,0.9407650825749917,0.9445950914606122,0.9440359101633116,0.9384823972791617,0.9445644513895273,0.9390645586297759,0.9334267855501425,0.9412323436590372,0.9395011796427368,0.9425345466801482,0.9550663357538989,0.9538254128749578
85,0.9382315686663514,0.9447403360446839,0.9374914157522853,0.9363239580630885,0.9211317472187036,0.9401925923665054,0.9383460253025471,0.9202618767836158,0.9107543455369542,0.9431989866772474,0.9146763929372624,0.9129824347215652,0.9442062050757704,0.9447708578143361,0.9423748988966381,0.9401620705968532,0.9220016176537916,0.9238939673722282,0.9215743128786607,0.9261373174416653,0.9123262166740428,0.9208570512918339,0.9279381018511453,0.9235353365788148,0.9388954171562867,0.9425885512842036,0.942069681200116,0.9319364536755841,0.9354235658583485,0.9341492819753691,0.9246493811711204,0.9350038915256306,0.9344544996718909,0.9330657591527158
86,0.9571932180627833,0.9542173455216933,0.9574526531048271,0.9575060662017183,0.9492422970683841,0.9577883925710012,0.955506890289499,0.941169288995376,0.9390175042348956,0.9537595189769104,0.9415355502312024,0.9436415523372045,0.9532788011048882,0.9531338226990401,0.9560791734704779,0.9572390007172615,0.9422070291635509,0.9372777633647198,0.942069681200116,0.9482656004395135,0.9265722526592091,0.9478230347795564,0.9509972988233859,0.9568803699238483,0.9574221313351748,0.9478230347795564,0.9512567338654295,0.9420467898728767,0.952660735269431,0.9501884719276023,0.9354235658583485,0.9551482594960856,0.9616646573168313,0.9622064187281578
87,0.9260915347871869,0.9265646222167963,0.9265798831016223,0.9260304912478825,0.919544615196789,0.935637218245914,0.9249317075404033,0.9153020892151327,0.9076106032627772,0.9263280785019916,0.9162330031895249,0.9167823950432646,0.9294107772368642,0.9260610130175347,0.9285790590138416,0.9296931036061472,0.9200177026263983,0.9153173500999588,0.9198803546629634,0.9244738809956201,0.9206128771346163,0.931753323057671,0.9289758420193204,0.9335769987943903,0.9393379828162435,0.9279762540632106,0.9271292749553619,0.9366291757596105,0.9303493216536695,0.9345308040960215,0.9208723121766601,0.9358737619607185,0.9339356295878035,0.9298151906847558
88,0.962905317769131,0.9607690547035935,0.9624628061341267,0.9630273899443045,0.9576104371709773,0.9613031204699778,0.9602197299153125,0.9336232547493706,0.9347066453040359,0.955413138017853,0.938765545128557,0.9389181353475243,0.9547035934996566,0.9584115358205539,0.9545586327916381,0.9554436560616464,0.9356679636835278,0.9283436331731136,0.9356374456397345,0.9458609903105211,0.9171740291447318,0.9493705653467612,0.9499275196459906,0.9570305943389029,0.9554207675288013,0.957473105973907,0.9604180971999694,0.9588387884336613,0.9546196688792247,0.9603341725795377,0.9540016784924086,0.9519188220035095,0.9623254749370566,0.9615625238422216
89,0.9142704517704517,0.9267857142857143,0.913568376068376,0.9154761904761904,0.9062881562881563,0.914308608058608,0.913064713064713,0.9120726495726497,0.9128052503052503,0.9256639194139195,0.8961233211233212,0.9072344322344322,0.9233669108669108,0.9253510378510378,0.9248626373626373,0.9229548229548229,0.9127289377289377,0.907020757020757,0.9127136752136753,0.9077838827838828,0.9025335775335775,0.9246489621489621,0.9254884004884005,0.9154380341880342,0.9281211843711844,0.9365384615384614,0.9177655677655676,0.9181929181929183,0.9292048229548229,0.927075702075702,0.9297847985347986,0.9305631868131868,0.9187881562881562,0.9186050061050061
90,0.9232130867362511,0.937801379478728,0.9238921442959165,0.9255936031251907,0.9269974974058475,0.9307056094732346,0.925730940609168,0.9309802844411891,0.9257156808887261,0.9378700482207166,0.933711774400293,0.9264023683086127,0.9355582005737654,0.9369163156930964,0.9403192333516451,0.943233839956052,0.9303241164621864,0.9359396935848134,0.9296984679240676,0.923396203381554,0.9207791613257645,0.9409906610510895,0.9397851431361777,0.9333150216688031,0.9406244277604835,0.9303851553439542,0.9292177867301471,0.9377098211560765,0.9291720075688215,0.926921198803638,0.9387322224256852,0.9330098272599647,0.9382286516511018,0.9359168040041504
91,0.9270428015564203,0.9311866172370475,0.9270964183951714,0.9266368454915898,0.9206777168418151,0.9274257789760715,0.9288121572352095,0.9320904439474248,0.9265449309108734,0.9355908575630381,0.926407059039799,0.9257942951683569,0.9339746928521095,0.9338521400778209,0.937252979564325,0.9365483011121665,0.9352002205949937,0.9270045038144552,0.9349551150464168,0.9349397959496307,0.9307730016238243,0.9339900119488956,0.9423389196972946,0.9427831735040901,0.9371304267900366,0.9422316860197922,0.9398265878243818,0.9286283280737768,0.9337755445938908,0.9396733968565213,0.9374751064677227,0.9404776494377892,0.9410980728576243,0.9471184778945434
92,0.9238692547152536,0.9053592138192028,0.9237013977903925,0.9235793200268572,0.9172312763230178,0.9252731489959104,0.920672343282671,0.9009033754501619,0.9016968809131416,0.9069004455838369,0.8984770798998962,0.9004150643960203,0.9121955685771836,0.9064579136910211,0.9069309650247207,0.9060306415186474,0.9057559665506928,0.9024293474943539,0.9054202527009706,0.9070377830678142,0.8850485259110052,0.9168497833119698,0.9067325886589757,0.9221143868644327,0.9252578892754685,0.9170710492583777,0.9099752792528841,0.9150643960202649,0.9126915094915461,0.9102041750595129,0.9154687786119758,0.9140267350302143,0.9059390831959959,0.9215497772080814
93,0.952763535372032,0.9519089910272844,0.9532823658670573,0.9531755478239639,0.9440273454190319,0.9437297808704145,0.9536867484587682,0.9307361289141183,0.9287371055362265,0.9553805774278213,0.9332845022279193,0.9346578770676922,0.9485289629493987,0.954907526094122,0.9553805774278217,0.9545260330830739,0.9340780076908991,0.9307361289141183,0.9338796313251541,0.9369926142953062,0.942631080998596,0.9411585179759507,0.9441341634621254,0.9474302630775804,0.9435848135262163,0.9509399987792224,0.946163706280901,0.9523210034792162,0.9502990905206616,0.9479490935726058,0.9520234389305988,0.9531831776841848,0.952786424952695,0.9470869193676373
94,0.9329212454212453,0.9346764346764347,0.9344093406593407,0.9333485958485959,0.9307234432234434,0.9336462148962149,0.9352411477411476,0.9407356532356532,0.9317765567765568,0.9379960317460317,0.9403083028083028,0.926510989010989,0.9409874847374847,0.9358898046398046,0.9422466422466423,0.9444749694749696,0.936523199023199,0.9394841269841269,0.9362332112332112,0.9260836385836386,0.9114926739926741,0.9346611721611722,0.9335927960927961,0.9450854700854701,0.9448412698412699,0.9341880341880342,0.942208485958486,0.938240231990232,0.9434676434676434,0.9365537240537241,0.9362026862026862,0.9469322344322344,0.9391788766788767,0.9444368131868133
95,0.9526817730983445,0.9488212405584803,0.9528267338063631,0.9528114747844664,0.9468680857557031,0.9532005798428319,0.9542153047989624,0.9519188220035095,0.9405966277561608,0.9497520408941786,0.9503929198138399,0.9474784466315709,0.9528267338063631,0.9494544899671931,0.9533226520180057,0.9551079575799192,0.9505302510109103,0.9494926375219348,0.9506065461203936,0.9455405508506904,0.9537346456092164,0.959334706645304,0.9472571908140689,0.9528648813611047,0.9529411764705882,0.9513618677042801,0.9485999847409781,0.9544670786602579,0.950942244602121,0.9464408331425955,0.9463950560769054,0.94614328221561,0.9532768749523155,0.9559319447623407
96,0.9341802090486,0.9301060502021821,0.9343633173113604,0.9345769436179141,0.9260547798886092,0.9369192034790569,0.9379720759899289,0.9318532082093538,0.9303578240634774,0.9338979171435111,0.9345845731288625,0.9347371633478294,0.9345693141069659,0.9331578545815212,0.9355916685740444,0.936964980544747,0.9334096284428167,0.9283894102388036,0.9336232547493706,0.929579613946746,0.92475776302739,0.9407949950408179,0.9346761272602426,0.9429694056610971,0.9468375677119096,0.9328755626764323,0.9483710994125276,0.944983596551461,0.93496604867628,0.9371938658731974,0.9421301594567788,0.9381551842526894,0.9466392004272526,0.9451132982375829
97,0.930455966170252,0.9199454556597412,0.9312909848624134,0.9305019305019305,0.9193172764601336,0.9363623827909542,0.9312603419746277,0.9198994913280628,0.910737267880125,0.9201905987620274,0.9044248329962615,0.9056045841760129,0.922856529999387,0.9198918306061162,0.9199760985475272,0.9191947049089906,0.9170343813200957,0.9072746215603357,0.9174480603052031,0.9151498437212724,0.9121315192743764,0.9202059202059203,0.9231323159894589,0.9251087822516395,0.9245725317153888,0.9266026230311945,0.9266715695287124,0.9253769075197646,0.9256909971195686,0.9299426977998407,0.9259897652754795,0.9313599313599314,0.9276368204939633,0.9322332536618251
98,0.9559463296240326,0.9560684465204315,0.9560226526842821,0.9559768588481323,0.9465738578254035,0.9547098960479918,0.954038253117797,0.9383157027064157,0.9242875242325718,0.9545572499274932,0.9306833966814734,0.9260582192303582,0.9546488375997925,0.9555799789348354,0.9539771946695974,0.9528476133779061,0.9301643998717772,0.9252034009555649,0.9303475752163759,0.930057547587428,0.9184564424295156,0.9436583169238754,0.9415670650730412,0.9561066080505565,0.9546259406817175,0.9541527377081711,0.9552594220817878,0.938933919494436,0.9490467249774848,0.9461006548518569,0.9482224359267909,0.9506113477125979,0.9444062829143198,0.946604387049503
99,0.9158477783203125,0.9174575805664062,0.916351318359375,0.916656494140625,0.9142913818359375,0.9132308959960938,0.9159469604492188,0.905914306640625,0.89752197265625,0.918121337890625,0.9051055908203125,0.908111572265625,0.9159393310546875,0.9177322387695312,0.9197540283203125,0.92083740234375,0.9088897705078125,0.9066314697265625,0.908599853515625,0.912841796875,0.9096832275390625,0.9331512451171875,0.9193572998046875,0.9306869506835938,0.9189529418945312,0.9369430541992188,0.9386367797851562,0.9229507446289062,0.9297561645507812,0.9276580810546875,0.9315261840820312,0.9316558837890625,0.9341888427734375,0.92572021484375
100,0.9460680330245548,0.9384681123811558,0.945327880110489,0.9460451416973157,0.935934805500023,0.9449310971050102,0.9434431608344651,0.923253010209532,0.9159430463778289,0.9366520670868496,0.9175149175149174,0.9240770979901415,0.9418636592549635,0.9368046759351106,0.9384528514963296,0.9397042440520701,0.925359012315534,0.92357348879088,0.9250690555038381,0.9244509896683809,0.9047644482427092,0.9299220168785386,0.9344239779022389,0.9356143269186746,0.9373769591160895,0.9424054206662903,0.9377661116791551,0.9415126589039632,0.9462969462969463,0.9280220367176889,0.9439086178216614,0.9271903184946665,0.9490439055656448,0.9460375112549024
101,0.9521800173974088,0.9514398644833427,0.9513711905016252,0.9511651685564729,0.9475025561982083,0.9481664046881438,0.9594976116715247,0.9562623040883911,0.9479756436278176,0.9559494559494559,0.9549346071085203,0.9438857264944222,0.9564835869183697,0.9546599111816502,0.9574831748744792,0.9565217391304347,0.9583225235399148,0.9543852152547805,0.9583072626550887,0.9506920811268637,0.9449997710867275,0.9543699543699542,0.9578646969951317,0.956239412761152,0.9516764081981473,0.9523249958032566,0.9612449829841134,0.950737863781342,0.9519129519129519,0.9540189540189541,0.9526225830573657,0.9620461794374837,0.9541868237520411,0.9515466906771255
102,0.9428750880848065,0.9360734091117987,0.9432657250528509,0.9429210453751647,0.9308955543981128,0.9395508440822329,0.940447011244217,0.9294861974937957,0.9249977021354822,0.9377891479518368,0.931538956463127,0.9267134409755201,0.9368240448543154,0.93729127730629,0.9416648794387084,0.94328870369803,0.9285057752994885,0.928107478783051,0.9282759888476976,0.9310717240111522,0.9287432212996721,0.9415576457612059,0.9412819020190569,0.9359508563375103,0.9409908391801219,0.9408223291154753,0.9385551027911394,0.9387848892429302,0.9417797726646038,0.9349474554980239,0.9392444621465119,0.9430435981494532,0.9423389196972948,0.9423542387940808
103,0.9358541628656571,0.9314753998662044,0.9345010034665207,0.9364699264124551,0.9224289971416407,0.9387353281031441,0.9417381256461717,0.9236149121206592,0.9190080885483185,0.9340904944353221,0.9228090980964543,0.9240406251900505,0.9440491394514382,0.933672383385027,0.9337408015568934,0.9330110077236513,0.9278416347381865,0.9228395061728395,0.9278112266618014,0.9288451012588944,0.9222617527215228,0.9410539439275072,0.9343945751991728,0.9369640576537127,0.947394027853798,0.9448701575138357,0.9423766952502585,0.939624764337408,0.933953658091589,0.9413732287295505,0.9429088365869975,0.934424983275558,0.9333302925256949,0.9341285045308034
104,0.949584191653315,0.9594720378423742,0.95053025101091,0.9505836575875486,0.9491874570840009,0.9459525444419012,0.9574578469520103,0.9568627450980393,0.9440451667048142,0.961417563134203,0.9539940489814602,0.9529259174486915,0.9607995727473868,0.9604638742656595,0.9642938887617303,0.9647669184405279,0.9566033417257953,0.9530785076676584,0.9566491187914854,0.952346074616617,0.9448538948653392,0.9578393224994277,0.9578698405432211,0.9603723201342794,0.9571374074921797,0.9579385061417562,0.9645685511558709,0.9595712214847029,0.9614633401998932,0.9568398565651942,0.9566720073243304,0.9594567788204776,0.9656061646448463,0.9635919737544822
105,0.9521984732824427,0.9541679389312978,0.9526412213740457,0.9527022900763358,0.9437404580152673,0.9489160305343511,0.9509465648854962,0.9327022900763358,0.9329007633587787,0.9573664122137404,0.9458625954198473,0.942030534351145,0.9567404580152672,0.9557709923664122,0.9585038167938932,0.9583511450381679,0.9518320610687023,0.9499389312977099,0.9516946564885496,0.9506870229007632,0.941206106870229,0.9521526717557252,0.9469312977099236,0.9562900763358778,0.9609770992366412,0.9605496183206106,0.9578778625954198,0.9495572519083969,0.9570000000000001,0.9547786259541986,0.9606717557251908,0.9547404580152672,0.959206106870229,0.9568625954198473
106,0.9368203201368525,0.9189653592375366,0.9362933773216031,0.9371639784946236,0.9309628543499512,0.9338495845552297,0.9366446725317693,0.9198130498533725,0.9181940371456501,0.9190188172043011,0.9154753176930597,0.9110001221896382,0.9221804740957966,0.9184536901270772,0.921783357771261,0.9250213831867058,0.9174914467253177,0.9168804985337244,0.9173234359726294,0.9227456011730205,0.916269550342131,0.9252963098729227,0.919202101661779,0.9202025293255133,0.9163841031280547,0.926747311827957,0.9234634652981428,0.9297562316715543,0.9226157746823068,0.9278852028347995,0.9210043988269796,0.9244027981427175,0.9448771994134898,0.93934811827957
107,0.9460288395513847,0.9279468986037995,0.9452277409018083,0.9460440985732815,0.9390554665445945,0.9492561226825361,0.9460364690623331,0.9360952162966354,0.929274433508812,0.9304646372167544,0.9352864881361104,0.9401541161211565,0.9379186694132906,0.9290989547570001,0.9317311360341802,0.93159380483711,0.9432059205004959,0.9369497215228504,0.943251697566186,0.9474937056534677,0.9422598611429007,0.9398947127489128,0.944411383230335,0.9387655451285573,0.9334477759975585,0.9483482108796826,0.9420386053253986,0.9489890897993439,0.942328526741436,0.9481498435950256,0.9343404287785153,0.9530327306019684,0.9446707866025787,0.9450980392156862
108,0.9463677855627299,0.9452153073529637,0.9467265039459023,0.9460166994855826,0.9373387675352232,0.9476423806688954,0.9463983147868297,0.9415518004609912,0.933904229823999,0.9442536367938208,0.9356901894338356,0.9430019386057303,0.9463143594205553,0.9428492924852315,0.9457190395506098,0.9449252797240159,0.9425592648562837,0.9374456198195724,0.9425287356321839,0.9388194349040618,0.9275083573750974,0.944223107569721,0.9403916899452001,0.9496267802353804,0.9516569736380149,0.9513745783150921,0.9516188121078902,0.9506113477125979,0.9461006548518569,0.9421623849429867,0.9487719619605868,0.9530765825586542,0.9453526888614127,0.9458258918349588
109,0.9591598510742188,0.953460693359375,0.9590606689453125,0.9592971801757812,0.95220947265625,0.9585418701171875,0.9569244384765625,0.9366455078125,0.9371490478515625,0.9524078369140625,0.9259033203125,0.9261322021484375,0.95245361328125,0.9539337158203125,0.9493560791015625,0.9476776123046875,0.9343719482421875,0.92340087890625,0.9347076416015625,0.941802978515625,0.923675537109375,0.943359375,0.9444427490234375,0.9517364501953125,0.9387969970703125,0.932342529296875,0.9435043334960938,0.9437637329101562,0.9458465576171875,0.939056396484375,0.939544677734375,0.9469451904296875,0.94598388671875,0.9450912475585938
110,0.9347889173998045,0.9325054985337242,0.9343994379276637,0.9324825879765397,0.9246548142717497,0.9332462732160312,0.9414406158357772,0.9264418377321603,0.9206683773216031,0.9369730571847508,0.9144825268817205,0.9172317937438905,0.9404478250244379,0.9349111070381233,0.938599706744868,0.9387677174975562,0.9188202590420332,0.9154294965786901,0.9187438905180841,0.9101295210166177,0.9031036168132942,0.9347965542521994,0.9281983137829912,0.9382636852394918,0.9307337487781037,0.9411809628543499,0.9404860092864126,0.9401728983382208,0.9386760752688171,0.9410816837732161,0.937782563538612,0.9413489736070381,0.9387371700879765,0.943746945259042
111,0.956059634987487,0.9536104498565585,0.955281389244949,0.955662882255997,0.9491240920466336,0.9606604407007264,0.9589360922907891,0.9479185741317219,0.931560153817982,0.9550372337178783,0.9367026796069096,0.939357870963804,0.9571583348593053,0.9536180797167797,0.9534425929316975,0.9533815540499297,0.9451031557101873,0.9372215101019349,0.945164194591955,0.9388314106085576,0.9293627540743454,0.9549761948361106,0.9459500701947141,0.9565250564609655,0.9569141793322347,0.958020509064274,0.9570057376548863,0.9531145089421962,0.9565021668803028,0.959561740828908,0.9522065555759018,0.9544573643410853,0.9577916132576452,0.9499175975096136
112,0.9602182539682539,0.9502518315018315,0.9604471916971917,0.9602106227106227,0.9500457875457875,0.957699938949939,0.958531746031746,0.951098901098901,0.9437881562881564,0.9463598901098902,0.9464285714285715,0.9459859584859585,0.9554334554334555,0.947069597069597,0.9463522588522589,0.9471306471306471,0.9472069597069598,0.9423534798534798,0.9474969474969475,0.9507020757020757,0.9406746031746032,0.9527930402930403,0.9537240537240538,0.9613553113553113,0.9567460317460318,0.95503663003663,0.961584249084249,0.9512591575091575,0.9563721001221002,0.9555479242979245,0.9552655677655677,0.9584706959706959,0.9609432234432234,0.9606837606837607
113,0.933902520905817,0.9377632301776231,0.9342153451748764,0.9338338521638283,0.9351004089605078,0.9414866019654521,0.9370536531770738,0.9228773728865288,0.9279893792345725,0.9394341695660136,0.9204052981749373,0.9259445766953551,0.9388771897698833,0.938579625221266,0.9418909845571629,0.9443783189891961,0.9260666544588902,0.9268143807605446,0.9257919794909357,0.9205426356589148,0.9163233229567235,0.9295763901605323,0.9228926326069707,0.9316898614417384,0.9326741134102423,0.9324070683025086,0.9376258926936458,0.9296374290422998,0.9343908319599586,0.9284242812671671,0.9250137337483978,0.9372367698223768,0.9402581944698774,0.9436687419886469
114,0.953851084285867,0.9521113434156913,0.9539579104796496,0.954163932424802,0.9496390800738627,0.9531414531414532,0.9584675019457628,0.9585361759274803,0.9551177377264334,0.9587574587574588,0.9590397851267417,0.9517603430646909,0.9586201107940238,0.9567353915180002,0.9596349596349597,0.9590550460115677,0.9594518290170465,0.9537747798617363,0.959375524592916,0.9508141682054726,0.9497459062676454,0.963854594289377,0.9581088711523493,0.9620843316495491,0.9575365879713705,0.9555068902894991,0.9572695224869139,0.9627023974850062,0.9602301341431777,0.9628626367756803,0.9526988874814962,0.9595433943260031,0.9602301341431777,0.9627558105818975
115,0.9583485930537752,0.9574482695477019,0.9585774888604041,0.9583028138924494,0.9517182445217602,0.9584859305377524,0.960111090764817,0.9514740889946895,0.948284807422328,0.9569904779344444,0.9514130501129219,0.9519624000488311,0.958600378441067,0.9578450222791919,0.9607672587438199,0.96267472379906,0.955884148202405,0.9543581761582128,0.9556857718366598,0.9614692058841481,0.9510697064029787,0.9574940487090275,0.9549685649758897,0.9511002258438626,0.9580433986449368,0.956296160654337,0.9515427577366783,0.9492309100897272,0.9525498992858451,0.9493911371543674,0.9496047732405543,0.9516266861991088,0.9592870658609535,0.9602026490874687
116,0.9398339615730921,0.938491003708395,0.9399102659972225,0.9399560486517008,0.9279533627359715,0.9426343339386818,0.9430768995986387,0.9537442580920842,0.943412639064813,0.9418941810246158,0.9413524196132892,0.9430311169441604,0.9463274680665984,0.9410700932440063,0.9440230744578569,0.9447555969295099,0.951348299174386,0.9456254673645978,0.9514246035985168,0.9552550856898684,0.9442977703847268,0.9452439452439453,0.9481435133609046,0.9526759961542569,0.9566285653242175,0.9598943946770034,0.9600622644100906,0.9497611671524715,0.9577578708013491,0.9587650891998718,0.9545378241030417,0.9602148732583515,0.9439620309185526,0.9421612465090726
117,0.9556476225355551,0.9400674479643535,0.9559985961057192,0.9565632057620704,0.9457364341085271,0.9583638527742171,0.9560596349874869,0.9350851492400659,0.9288591832997619,0.9405939083195995,0.9313007385704695,0.9260513947384482,0.9425318928157237,0.9384117682964048,0.9424708539339559,0.9430202038698651,0.931972166269914,0.9270432765671732,0.9322621009583104,0.9229231520478545,0.9180095220655557,0.9367789782091193,0.9370994323383995,0.9493529878532626,0.9430049441494233,0.9586232680217298,0.9567158029664897,0.9591649880974181,0.9480101324543735,0.950405908563755,0.9507339925532565,0.9418452053958372,0.9519166208875053,0.9490783128853079
118,0.9511245939817368,0.9506113256113257,0.9513161120303979,0.9517297910155054,0.9380554023411166,0.9483667340810198,0.9540969540969542,0.9569160997732427,0.9480449837592696,0.9550851872280444,0.9499448428019857,0.9514003799718085,0.94858123429552,0.9518140589569161,0.956885456885457,0.9575596004167433,0.9545565974137402,0.9509254152111295,0.9546944904087761,0.9557057057057057,0.9489642703928418,0.9521204878347735,0.9519136483422197,0.951622540908255,0.9547710976282404,0.9515842372985229,0.9533155604584176,0.9593751915180486,0.941609977324263,0.9554682233253662,0.9558206165349022,0.9579273150701723,0.9555065269350984,0.9572991358705645
119,0.9449005126953125,0.9462738037109375,0.9452896118164062,0.9447402954101562,0.9337310791015625,0.945831298828125,0.9415817260742188,0.9376983642578125,0.93988037109375,0.9475631713867188,0.9412689208984375,0.9368438720703125,0.9475479125976562,0.9465713500976562,0.9520721435546875,0.9541015625,0.944915771484375,0.943511962890625,0.944549560546875,0.9453887939453125,0.9371490478515625,0.945404052734375,0.9503326416015625,0.9467926025390625,0.9499053955078125,0.9499282836914062,0.9373626708984375,0.9445419311523438,0.9429931640625,0.9451065063476562,0.9455642700195312,0.9456634521484375,0.952392578125,0.9515838623046875
120,0.9403769841269841,0.9421016483516483,0.940636446886447,0.9420253357753359,0.9369810744810745,0.9314789377289378,0.9378663003663004,0.9324175824175824,0.9271978021978022,0.9417277167277167,0.92742673992674,0.9195207570207571,0.9371871184371184,0.9419719169719171,0.9421092796092796,0.9425976800976801,0.9222680097680098,0.9186355311355312,0.92245115995116,0.9196733821733822,0.8932234432234433,0.9273504273504274,0.9317307692307693,0.9379044566544567,0.9262744200244201,0.9353021978021977,0.9308608058608058,0.9268696581196582,0.9352106227106227,0.9330357142857144,0.9382554945054945,0.9392017704517704,0.9518772893772894,0.9487026862026863
121,0.9481353759765625,0.941802978515625,0.9482192993164062,0.948333740234375,0.899566650390625,0.9520339965820312,0.9479827880859375,0.9433746337890625,0.9418182373046875,0.9443817138671875,0.9345703125,0.9448089599609375,0.9439315795898438,0.9437789916992188,0.9444580078125,0.9438018798828125,0.9467926025390625,0.9421539306640625,0.94708251953125,0.9456939697265625,0.9438629150390625,0.9456024169921875,0.94683837890625,0.9494476318359375,0.944000244140625,0.9460601806640625,0.9486541748046875,0.9413223266601562,0.9459075927734375,0.9417037963867188,0.9479446411132812,0.94635009765625,0.94287109375,0.9494476318359375
122,0.930511474609375,0.93389892578125,0.929290771484375,0.9306488037109375,0.9221954345703125,0.9327545166015625,0.9315567016601562,0.9249725341796875,0.913787841796875,0.9349517822265625,0.9235687255859375,0.919464111328125,0.937896728515625,0.9345169067382812,0.936981201171875,0.93756103515625,0.9226837158203125,0.9227752685546875,0.9224700927734375,0.9167938232421875,0.9011688232421875,0.931121826171875,0.9348907470703125,0.93438720703125,0.935791015625,0.9385604858398438,0.9392929077148438,0.9276580810546875,0.9329681396484375,0.9357070922851562,0.9384002685546875,0.9318923950195312,0.9376678466796875,0.93426513671875
123,0.9353713989257812,0.937652587890625,0.935211181640625,0.9352951049804688,0.9296112060546875,0.93756103515625,0.9332199096679688,0.9174041748046875,0.8993988037109375,0.93548583984375,0.9038848876953125,0.91497802734375,0.9357986450195312,0.9365310668945312,0.93414306640625,0.9321746826171875,0.9193267822265625,0.9131622314453125,0.9194793701171875,0.91448974609375,0.9156723022460938,0.928863525390625,0.9281463623046875,0.9375076293945312,0.9373626708984375,0.93157958984375,0.9390792846679688,0.939544677734375,0.9415969848632812,0.9367904663085938,0.935516357421875,0.9377059936523438,0.9428253173828125,0.9382476806640625
124,0.9597695887693598,0.9448538948653391,0.9595178149080644,0.9592278934920272,0.9459067673762112,0.9614251926451515,0.9634241245136187,0.9559319447623407,0.9505607690547037,0.9492713817044327,0.9469748989089799,0.9601739528496224,0.9556649118791485,0.9482566567483024,0.9533379110399024,0.953459983215076,0.9591973754482338,0.9575494010833905,0.9588921950102999,0.9482108796826123,0.9434195468070496,0.953963530937667,0.9554741741054399,0.9573662928206302,0.9572442206454567,0.9643778133821621,0.9588921950102998,0.952429999237049,0.9579232471198595,0.9639429312581064,0.9476234073395896,0.9608758678568703,0.9643854428931106,0.9699015793087663
125,0.9493324177920195,0.9537499046311132,0.9486457618066682,0.9495307850766765,0.9390402075226978,0.9519264515144579,0.9481651026169222,0.9341725795376516,0.9315480277714198,0.9539101243610285,0.9285877775234607,0.9196002136263066,0.9518806744487679,0.9549019607843138,0.9486686503395132,0.9464713511863889,0.930937666895552,0.9310749980926222,0.9311055161364156,0.9282368200198367,0.9119554436560617,0.9359426260776685,0.941695277332723,0.9446936751354238,0.9449912260624094,0.9432669565880827,0.9448691538872358,0.9559319447623408,0.9539177538719767,0.9360494392309452,0.955237659266041,0.9539177538719767,0.9524223697261005,0.9468528267338063
126,0.9415369352869353,0.9473748473748475,0.9417582417582417,0.942559523809524,0.9266025641025641,0.9387820512820513,0.9464590964590965,0.9426739926739927,0.932967032967033,0.9519307081807082,0.9392246642246642,0.9426892551892552,0.947184065934066,0.9497252747252748,0.953403540903541,0.9552197802197802,0.9408882783882785,0.9382631257631256,0.9407967032967033,0.9393772893772894,0.9286324786324787,0.9447954822954824,0.9435057997557998,0.9455128205128206,0.9450702075702077,0.9487026862026862,0.9517704517704518,0.9411782661782662,0.9432844932844933,0.9448107448107449,0.9495268620268621,0.9401098901098901,0.9463064713064714,0.941056166056166
127,0.9334122137404579,0.9295877862595419,0.9329007633587785,0.9333129770992367,0.9318167938931298,0.9346335877862595,0.9319770992366413,0.9298625954198474,0.9224580152671755,0.9337709923664123,0.9236641221374045,0.9303206106870229,0.9324732824427481,0.9319618320610686,0.934793893129771,0.9353587786259543,0.9307633587786259,0.9285801526717556,0.930732824427481,0.9239847328244275,0.9136335877862596,0.9334198473282442,0.937175572519084,0.9348625954198474,0.9354732824427481,0.9353435114503816,0.9342213740458015,0.9379923664122137,0.9304503816793893,0.9354503816793892,0.9325190839694656,0.9338702290076335,0.9396641221374046,0.9409236641221373
128,0.9387429301222404,0.9376938514869549,0.9381499726327313,0.9386060937785076,0.9307456060329623,0.9372073222647935,0.9345010034665207,0.9107979079243447,0.9016450769324333,0.9346834519248313,0.9120674451134221,0.9039712947758926,0.9339460560724928,0.9359453870948122,0.9365383445843217,0.9379523201362281,0.9074834275983701,0.8977832512315271,0.9077114881712584,0.9141503983458006,0.8933816821747856,0.9182630906768837,0.9194794137322873,0.9301374445052605,0.9307304019947698,0.9185519674025421,0.92777321656632,0.9197682904579455,0.92000395304993,0.933558353098583,0.9308292282430213,0.9222237426260415,0.9391382351152466,0.9409627196983519
129,0.9417963980463979,0.9449481074481073,0.941887973137973,0.9421016483516482,0.9379731379731379,0.9461309523809522,0.9444062881562881,0.9434065934065935,0.9293345543345544,0.9494047619047619,0.9393772893772894,0.9384462759462759,0.9531898656898656,0.9463980463980463,0.9543650793650794,0.9563339438339438,0.9433150183150183,0.935958485958486,0.9432692307692307,0.9438034188034187,0.9295329670329671,0.9514957264957264,0.9511294261294261,0.9576388888888889,0.9512667887667887,0.9536019536019535,0.9500839438339438,0.952907509157509,0.9544490231990232,0.9533653846153846,0.961431623931624,0.9514652014652013,0.9514194139194139,0.9550595238095237
130,0.92291259765625,0.926422119140625,0.9228668212890625,0.9232330322265625,0.91290283203125,0.9219284057617188,0.923370361328125,0.9176025390625,0.9197998046875,0.9250640869140625,0.9117584228515625,0.9097442626953125,0.9281234741210938,0.9248886108398438,0.9299468994140625,0.934356689453125,0.9141082763671875,0.91546630859375,0.913787841796875,0.9086456298828125,0.9077529907226562,0.91925048828125,0.9212493896484375,0.92352294921875,0.931396484375,0.9349441528320312,0.935150146484375,0.9333572387695312,0.9205322265625,0.9282608032226562,0.918365478515625,0.9258956909179688,0.923736572265625,0.9245452880859375
131,0.94873046875,0.952728271484375,0.9482269287109375,0.9505462646484375,0.952392578125,0.949615478515625,0.9472122192382812,0.938812255859375,0.93695068359375,0.9528045654296875,0.9374847412109375,0.9422760009765625,0.9511642456054688,0.951690673828125,0.95245361328125,0.951385498046875,0.9462127685546875,0.9447479248046875,0.9460601806640625,0.9340057373046875,0.9229888916015625,0.9463272094726562,0.9450454711914062,0.9440765380859375,0.952667236328125,0.9438400268554688,0.9451217651367188,0.9451522827148438,0.9427947998046875,0.9516754150390625,0.9488372802734375,0.9467315673828125,0.95599365234375,0.9482803344726562
132,0.9450465102140079,0.9414366488326849,0.944202942607004,0.947045233463035,0.9464372568093384,0.9502447106031128,0.9450389105058364,0.9242765077821011,0.9185463278210118,0.9407906736381324,0.9293987110894941,0.922832563229572,0.9423790126459145,0.941740637159533,0.9404790856031129,0.940190296692607,0.9335329523346303,0.9263436284046693,0.9339889348249026,0.9385639591439687,0.9256900535019456,0.9399623054474707,0.9379255836575876,0.9340497324902723,0.9356380714980544,0.9430553866731517,0.946680447470817,0.9427058000972762,0.9441117461089494,0.947448017996109,0.9475848127431906,0.9468476410505837,0.9384271643968871,0.9377583900778209
133,0.9605383629371911,0.957227003601294,0.960553622657633,0.9598516755173047,0.9515198681560155,0.9611792711957517,0.962079594701825,0.9519318806079473,0.9492919489714948,0.9571583348593055,0.9515656473173412,0.9538851248245133,0.9562885307941158,0.9580662882255997,0.9585088201184155,0.9592412866996277,0.9505890252090582,0.9514740889946897,0.9503906488433133,0.9482542879814442,0.9441723127632301,0.9539461637062809,0.9565937252029543,0.9598898248184093,0.9622779710675701,0.9576695354941097,0.9525193798449613,0.9598821949581884,0.9586461576023927,0.9582265152902399,0.9573719709454923,0.9522141854361228,0.9594091436244888,0.964391442348776
134,0.9159456778820478,0.9291065842679485,0.9153658350499733,0.9146105134660869,0.907866025787747,0.9248187991149768,0.919172961013199,0.9162279697871367,0.9155413138017854,0.9312581063553826,0.9177691309987029,0.908979934386206,0.9296864271000229,0.9302433813992523,0.9328908216983292,0.9332417792019532,0.9171587701228352,0.9169451438162814,0.9169756618600747,0.9072709239337758,0.8951400015259022,0.9199206530861371,0.9259327077134356,0.9230640115968566,0.9255207141222248,0.9228656443121996,0.9252231631952392,0.9250171663996337,0.929205767910277,0.9267490653849089,0.9222247653925384,0.9110551613641565,0.9292133974212253,0.9257648584725718
135,0.9499406952343299,0.9505109333657734,0.9500547428606185,0.9502144095374229,0.942793710653569,0.9503056476384538,0.9506173778169763,0.9301420273106048,0.9109972324442687,0.9498038380827833,0.921367963261458,0.9307198686171344,0.9495149174295185,0.9504120920896566,0.9497278063319241,0.9506553936924059,0.9312216781728051,0.9307350749673063,0.9310239956205713,0.928058757337064,0.9218393601167847,0.9411210121346674,0.9543277272589034,0.9486177427693805,0.951286457224537,0.9510583619719596,0.959239378364405,0.9506934095678354,0.9488534411970438,0.9419725677442901,0.950556552416289,0.9426264408016787,0.951552568352544,0.9497886317326114
136,0.9432414698162729,0.930789537935665,0.9433635475798083,0.9428981261063297,0.937984496124031,0.9419138741378258,0.9416086797289873,0.933894891045596,0.9245864615760239,0.9363898553378502,0.9250747726301655,0.9335286577549898,0.9324909967649393,0.9328114508942196,0.9433253982787035,0.9472318867118353,0.9255630836843067,0.9271500946102668,0.9252426295550267,0.9295611304400904,0.9201916620887506,0.9389153390709882,0.9428828663858878,0.9369239455533174,0.9360770310687908,0.9421732893853384,0.9390221571140817,0.9396172862113166,0.9408304339864494,0.9335057681743271,0.9381447231886713,0.9368323872306659,0.9481016907770249,0.9461179271195752
137,0.9516947864417085,0.9443380452956376,0.9518011855905153,0.9514667882656939,0.9408876728986169,0.9507827937376501,0.9495592035263718,0.9382884936920505,0.935172518619851,0.9395424836601307,0.9308709530323758,0.9305061559507524,0.9405988752089984,0.9414424684602523,0.9398844809241526,0.9414500683994528,0.9330597355221159,0.9308557531539747,0.932938136494908,0.9338045295637635,0.9195166438668491,0.9442468460252317,0.941860465116279,0.9425444596443229,0.9427344581243349,0.9385924912600698,0.9485940112479101,0.9397324821401428,0.9361225110199118,0.938562091503268,0.9307949536403708,0.9387748898008816,0.9478340173278614,0.9462684298525611
138,0.9439865060829479,0.9527941872357314,0.9447726336035169,0.9443452244661202,0.9362244508555816,0.9450550289264398,0.9439483445528232,0.9304238982766253,0.9169757750606768,0.9529544656622552,0.9233563828975286,0.9196776113935065,0.9546793668238922,0.9519393689609378,0.951672238250065,0.9505273923463236,0.9315382149562669,0.9253255178519637,0.9311871288791195,0.9422692372273358,0.9396589885668056,0.9428950863213812,0.9456732457144601,0.9552823189998626,0.950588450794523,0.9530307887225047,0.9609531223763947,0.9563890033734793,0.9527560257056068,0.9583428737158646,0.9423760895116852,0.9564805910457788,0.9414907420127917,0.9469707377387003
139,0.9336191692513531,0.9347746761539865,0.9330718238764215,0.933140242048288,0.9211062458188896,0.9354284497962657,0.933839627805145,0.9177917654929151,0.912424740010947,0.9358085507510793,0.9238733807699325,0.9189320683573555,0.9376786474487625,0.9351319710515114,0.9375722191814145,0.9382716049382717,0.9256370492002676,0.9206653287113057,0.9256218451620751,0.9142644286322449,0.9059174116645381,0.9333302925256949,0.934789880192179,0.9339688621297816,0.9405826187435384,0.9384540533965822,0.9374049747612966,0.9360062032475825,0.9315590220762634,0.9394119078027124,0.9327449370552818,0.9388645624277808,0.9350635528796448,0.9306847898801922
140,0.9502219789576112,0.9610016420361248,0.9502219789576113,0.9502067749194184,0.9421030225627927,0.9511950374019339,0.9520160554643313,0.9489752478258225,0.933923250015204,0.9629553609438667,0.9362342638204708,0.9317338685154777,0.9640576537128263,0.9622787812442984,0.9624916377789942,0.9613969470291309,0.9466794380587483,0.9375114030286444,0.9471659672809097,0.9398984370248737,0.9479565772669221,0.9605151128139634,0.9632214316122362,0.9651599464817855,0.9594508301404853,0.9624536276835126,0.964445356686736,0.9540229885057472,0.9637535729489752,0.9630845952685033,0.9644073465912546,0.9637231648725902,0.9527306452593809,0.9571702244116037
141,0.958404541015625,0.9526214599609375,0.959991455078125,0.9587631225585938,0.9528961181640625,0.95440673828125,0.9576644897460938,0.9307861328125,0.9276275634765625,0.9535140991210938,0.9305877685546875,0.9299774169921875,0.9517669677734375,0.9531478881835938,0.953521728515625,0.9526519775390625,0.93499755859375,0.933135986328125,0.934906005859375,0.934417724609375,0.9342498779296875,0.94488525390625,0.9556732177734375,0.9483642578125,0.9464111328125,0.9564361572265625,0.9550094604492188,0.9556045532226562,0.9605789184570312,0.9580841064453125,0.955841064453125,0.960540771484375,0.9495849609375,0.9561691284179688
142,0.9665980010681315,0.965163653009842,0.9666437781338215,0.9662012664988173,0.9579919127183947,0.9607537956816967,0.9688715953307392,0.9642938887617304,0.9643244068055238,0.9686350804913405,0.9601892118715191,0.9660639353017472,0.9667734798199434,0.9678263523308154,0.9713740749217975,0.9701380941481651,0.9635767147325857,0.9593804837109942,0.9636682688639658,0.9561760891126878,0.9564888990615702,0.9723659113450827,0.9624322880903334,0.971953917753872,0.9682917524986648,0.9698634317540247,0.9584344243533989,0.9709544518196384,0.9675440604257267,0.972808422980087,0.9569314106965743,0.972304875257496,0.9667353322652018,0.9734950789654383
143,0.9652704661631188,0.9649271381704433,0.9649805447470817,0.9650034332799268,0.9701075761043717,0.9636606393530175,0.9674982833600366,0.9502098115510795,0.9425192645151446,0.9650415808346685,0.943953612573434,0.9487449454489968,0.9587014572365912,0.96415655756466,0.962050812542916,0.9605096513313496,0.950286106660563,0.94360265506981,0.9507591363393606,0.9539787899595635,0.9481651026169222,0.9531090257114518,0.9533684290836957,0.9620813305867093,0.9637216754406042,0.9643244068055238,0.9576638437476157,0.9596398870832379,0.9537117570763715,0.962119478141451,0.9566109712367437,0.9557564660105285,0.9672083619439994,0.9661097123674371
144,0.9501908396946565,0.9516641221374046,0.9507099236641221,0.9498167938931297,0.9481374045801526,0.950236641221374,0.9541526717557253,0.9326564885496181,0.9294809160305343,0.9554656488549619,0.9384885496183206,0.9399847328244274,0.9539007633587787,0.9535801526717558,0.9544732824427481,0.9534198473282441,0.942091603053435,0.9407175572519083,0.9417709923664123,0.9474809160305342,0.9447786259541985,0.9530076335877862,0.9359541984732824,0.956824427480916,0.9310381679389313,0.9430916030534352,0.9500534351145037,0.9518854961832061,0.9561297709923664,0.9406564885496183,0.9472442748091603,0.9403358778625953,0.9430076335877862,0.9505648854961832
145,0.9611152654630916,0.9621987882857448,0.9610847436934394,0.9606192867062432,0.9568422177117829,0.9540418453461932,0.9578646969951317,0.930883452622583,0.9237871411784456,0.9591237199932853,0.9397958093610267,0.9273276664581013,0.9546751720664765,0.9603903734338517,0.9593907854777419,0.960138568834221,0.9385138950356342,0.9284264501655806,0.9388801562714607,0.9526302134997787,0.9367741541654584,0.9460527721397287,0.9470142078837731,0.9488149922932532,0.9572084789476093,0.9584446106185236,0.9585819585819586,0.9591008286660461,0.957147435408305,0.9520655607612128,0.9595052421139377,0.9564606955911303,0.9598638729073511,0.9502113632548415
146,0.9445792324711986,0.9465934233615625,0.9441138323033494,0.9451132982375829,0.9325703822384985,0.9442893110551613,0.9435492484931716,0.931090257114519,0.9271534294651713,0.9458762493324178,0.9299000534065768,0.9302815289539941,0.9437705043106737,0.9454718852521553,0.9479667353322652,0.9499961852445258,0.9250476844434272,0.9241779201953154,0.9246967269398032,0.9252002746623942,0.9107957579919128,0.9324788281071184,0.9352407110704204,0.9495994506752117,0.9508888380254826,0.9332494087129015,0.9526665140764475,0.9417257953765162,0.9532845044632638,0.9418860151064317,0.9504539559014267,0.9479667353322653,0.9482871747920958,0.9480430304417488
147,0.9522091491252259,0.9557710573888532,0.9523163893740232,0.9532355915065723,0.9499341238471675,0.9547063149186505,0.9513052670282194,0.9260655084719797,0.9296044366822932,0.9542926739590036,0.9254680270858228,0.9317492416582406,0.9560621380641604,0.9555489168734871,0.9562153384195851,0.957226460765389,0.9315500811961883,0.9281030731991299,0.9314734810184759,0.9364065324631553,0.9274136715997181,0.9459968747127493,0.9386892177589852,0.9511214266017098,0.9474829181603701,0.9529751509023501,0.9602828078561143,0.9583831234488465,0.9541241535680363,0.9553037963048074,0.9498192235805987,0.9477203787112786,0.9571498605876765,0.9517112479700952
148,0.9536493798638133,0.9558304961089494,0.952387828307393,0.9546905398832684,0.9425918044747081,0.9545081468871596,0.9556177042801556,0.949066755836576,0.9349464980544747,0.9567956590466926,0.9474404182879378,0.9426830009727627,0.9584447957198444,0.9567500607976653,0.9565752675097277,0.9556177042801557,0.9507538910505837,0.9393087305447471,0.9511946741245136,0.9498875243190662,0.9569552529182879,0.9574568336575876,0.9515138618677044,0.9629210238326849,0.9568032587548638,0.947524015077821,0.9582320038910506,0.9582624027237354,0.9532997932879377,0.947820403696498,0.948922361381323,0.9480255958171206,0.9535353842412452,0.9547057392996108
149,0.9504241943359375,0.9417190551757812,0.9503326416015625,0.9508285522460938,0.9369964599609375,0.949951171875,0.9544219970703125,0.941070556640625,0.9382171630859375,0.9467620849609375,0.9399871826171875,0.9391021728515625,0.9448089599609375,0.9447860717773438,0.9490509033203125,0.94873046875,0.938018798828125,0.9325103759765625,0.9384002685546875,0.9457244873046875,0.9427490234375,0.9472808837890625,0.94476318359375,0.956146240234375,0.9503250122070312,0.9525909423828125,0.9563751220703125,0.9442138671875,0.9550323486328125,0.9535980224609375,0.94573974609375,0.952239990234375,0.9535980224609375,0.950286865234375
150,0.9475004561211456,0.9482378519734841,0.9474244359301829,0.9475764763121085,0.937024873806483,0.9483366782217357,0.9489676458067262,0.93599099920939,0.9350787569178375,0.9511038131727787,0.9374961989904519,0.9391230310770541,0.9467402542115185,0.9506400900079061,0.9516815666240953,0.9510429970200085,0.9442619959861339,0.9404761904761905,0.9440795475278235,0.9430000608161527,0.931353767560664,0.9497658578118349,0.9412515964240101,0.9513318737456669,0.9531639603478684,0.9518488110442134,0.9405674147053456,0.9469531107462141,0.9391154290579579,0.9431521011980782,0.9381499726327314,0.939594356261023,0.950191570881226,0.9532323785197349
151,0.940521978021978,0.931959706959707,0.9411172161172161,0.9404914529914529,0.9308302808302807,0.9380494505494505,0.9405143467643466,0.9302655677655678,0.9313034188034187,0.9365995115995117,0.9285561660561661,0.9257783882783883,0.933943833943834,0.9334401709401708,0.9393162393162393,0.9394688644688645,0.9324023199023199,0.9287545787545788,0.9323107448107448,0.9116758241758242,0.915521978021978,0.9304487179487181,0.942063492063492,0.9333485958485959,0.9333791208791209,0.9299297924297925,0.9347222222222223,0.9393391330891331,0.9320512820512821,0.939484126984127,0.9290598290598291,0.9377136752136752,0.9393620268620269,0.944078144078144
152,0.9444215506715508,0.9469169719169719,0.9450778388278388,0.943543956043956,0.9365384615384615,0.9408577533577533,0.9441773504273504,0.9271978021978022,0.9146367521367522,0.9472756410256411,0.9212454212454212,0.9222069597069597,0.944345238095238,0.948992673992674,0.9439102564102564,0.9406135531135531,0.9215811965811966,0.91753663003663,0.9215354090354091,0.9197649572649573,0.9098290598290598,0.9232905982905982,0.9254120879120878,0.944078144078144,0.9315628815628816,0.9443528693528693,0.9370497557997557,0.9249542124542125,0.9427274114774115,0.9402777777777778,0.9412240537240537,0.9402777777777778,0.9331959706959707,0.9293879731379732
153,0.9383916990920881,0.9303578240634774,0.9382085908293278,0.9379491874570839,0.9313344014648661,0.9382925154497597,0.9388570992599374,0.8934309910734722,0.8911116197451744,0.9286640726329443,0.9060654612039368,0.913344014648661,0.9261463340199892,0.9287861448081178,0.9287861448081177,0.928725108720531,0.9140764476997025,0.9106126497291525,0.9138323033493554,0.9243762874799726,0.9253147173266193,0.9313496604867628,0.9139391165026322,0.9330052643625544,0.9332188906691081,0.9288853284504462,0.9420157167925536,0.9331807431143664,0.9308690012970169,0.932249942778668,0.9253452353704128,0.9253376058594643,0.9428854810406654,0.936919203479057
154,0.9349813076981766,0.9425803006027313,0.9359807736324102,0.9356145571068896,0.9301441977569238,0.9389105058365758,0.934332799267567,0.9086747539482719,0.8877241168841077,0.9409857328145266,0.912291142137789,0.9126268406195163,0.9420767528801404,0.9419317921721219,0.9405813687342641,0.9399710078583963,0.9229571984435798,0.9205157549401083,0.9228198672465096,0.913496604867628,0.9226520180056458,0.9317158770122835,0.9288776989394979,0.9270008392462044,0.9296864271000228,0.9288624399176013,0.9438086518654154,0.9383611810482948,0.9377737087052721,0.9375906004425117,0.9406118867780575,0.9361409933623255,0.9387197680628672,0.934859235523003
155,0.9422498176070039,0.9310706468871595,0.9426298030155643,0.9421814202334631,0.9291555204280155,0.9366260335603113,0.9424854085603112,0.9168135943579767,0.9182727383268482,0.9322866001945525,0.9096090710116731,0.9075875486381324,0.9257660505836576,0.9316634241245136,0.9330313715953308,0.9338825389105058,0.9148680690661478,0.9126641536964981,0.9147312743190662,0.9053228356031129,0.884545233463035,0.9319066147859921,0.9209326361867705,0.9302194795719845,0.9297178988326849,0.9327881809338521,0.9317850194552528,0.9439901507782101,0.9299154912451362,0.9319750121595329,0.9335861502918288,0.9381991731517509,0.939339129377432,0.9435189688715954
156,0.9443223443223443,0.9443605006105007,0.9440323565323566,0.944017094017094,0.9376526251526252,0.9371642246642246,0.9448717948717947,0.9307844932844933,0.933974358974359,0.9465201465201465,0.9379273504273504,0.9329517704517705,0.9431013431013432,0.946031746031746,0.9478632478632478,0.9483974358974357,0.9389346764346764,0.9353327228327228,0.9389346764346765,0.928464590964591,0.9286172161172161,0.9448717948717947,0.944047619047619,0.944551282051282,0.9398351648351648,0.9402014652014652,0.937973137973138,0.9394764957264956,0.9368742368742369,0.9379197191697192,0.9363247863247863,0.9342643467643468,0.9377442002442002,0.9443986568986569
157,0.9640633583592748,0.9651010193493256,0.9640709882194958,0.9640633583592749,0.9530458402002076,0.965421473478606,0.9607214795824941,0.9449429286455471,0.9384728071781726,0.9596532991515595,0.945553317463224,0.9428065677836782,0.9669779649636818,0.9631248855520965,0.9576847952145515,0.9577305743758775,0.9445919550753831,0.9404260513947384,0.944378318989196,0.9425166330952818,0.939342611243362,0.9555331746322407,0.9485442226698406,0.9537783067814198,0.9621024842824878,0.9654977720808156,0.9599432338399562,0.9564792772996399,0.9610419337117744,0.9645821888543001,0.9567844717084784,0.9585698590001832,0.9552890191051701,0.9569294390526766
158,0.9533662943294879,0.95044405786486,0.9530153207593237,0.9534425929316975,0.9408685832875543,0.9533891839101508,0.955876518342184,0.9369620948544223,0.9262039919428677,0.9514588292742476,0.9289049624610877,0.92844717084783,0.9480406518952572,0.9505813953488372,0.9516114264786669,0.9512451931880609,0.9338643716047123,0.9306598303119088,0.9338491118842702,0.9375419642312153,0.938778001587011,0.9437221510101934,0.9397241042544101,0.9465604590123909,0.9459882194958188,0.9544573643410853,0.9520768479521455,0.9500244155527071,0.9563724592565465,0.9536791185985473,0.9505203564670696,0.9392129036196057,0.9539919428676066,0.9567386925471527
159,0.9343480582894637,0.9357518883039597,0.9338673990997176,0.9336003662165255,0.9241931792172121,0.9427405203326468,0.935713740749218,0.9244831006332493,0.9219043259327077,0.934859235523003,0.9213855191882201,0.9245593957427328,0.9485923552300297,0.9348897535667964,0.9356374456397345,0.9356221866178377,0.92997634851606,0.9299000534065766,0.929625391012436,0.9192797741664759,0.9209658960860608,0.9332188906691081,0.92993057145037,0.9332494087129014,0.9432516975661861,0.9394674601358053,0.9334019989318685,0.938124666208896,0.9354009308003358,0.937399862668803,0.9335164415960936,0.9345464255741207,0.9381704432745861,0.9389944304570077
160,0.9390022433500695,0.9474109908892517,0.9398950051123963,0.9406046362568101,0.92952523387306,0.9400018313061792,0.9420391594304639,0.9476551650464695,0.943275291101378,0.9503410807758633,0.9514398644833426,0.9447250751598578,0.9556594991377599,0.9492117752987319,0.9553313901139988,0.9568422177117829,0.9551482594960855,0.9533322142017794,0.9545836067575197,0.9476551650464695,0.9357211531124574,0.955804477543608,0.9427564210172906,0.9501121675034718,0.9509972988233857,0.9546141285271719,0.9430768995986387,0.9514398644833427,0.9389411998107648,0.9431913562348344,0.9468310772658599,0.9412455934195065,0.9515009080226471,0.9502724067941458
161,0.9478937728937729,0.9330662393162392,0.9477106227106227,0.9470314407814407,0.9486416361416361,0.9502060439560439,0.9520757020757021,0.9336080586080586,0.9213827838827838,0.9362789987789987,0.9318681318681319,0.9368894993894994,0.9417429792429792,0.9349053724053723,0.9389957264957265,0.94004884004884,0.9406440781440782,0.9452838827838828,0.9399420024420024,0.9507631257631257,0.9527167277167277,0.9349969474969474,0.9377136752136751,0.9456196581196582,0.944520757020757,0.9465277777777776,0.9521214896214896,0.9491147741147741,0.9470848595848596,0.9519078144078144,0.9406364468864469,0.9533272283272283,0.9592490842490842,0.949587912087912
162,0.9426871137560083,0.9427405203326467,0.9423208972304875,0.9423590447852291,0.9351644159609369,0.9457618066681925,0.9433737697413596,0.915251392385748,0.917112993057145,0.9429617761501488,0.9078812848096437,0.9156939040207523,0.9446631570916304,0.9435111009384299,0.9412222476539254,0.9390554665445945,0.922545204852369,0.9190356298161287,0.9224994277866789,0.925108720531014,0.9209201190203707,0.9289997711146716,0.9241626611734188,0.9352407110704204,0.9405966277561607,0.9395208667124438,0.9369726100556954,0.9477378500038148,0.9444419012741283,0.9414053559166857,0.9381246662088958,0.9391165026321813,0.9386892500190738,0.9322652018005645
163,0.9577457264957265,0.9557234432234433,0.9568299755799755,0.9572878510378512,0.9458638583638583,0.961698717948718,0.958707264957265,0.9581043956043956,0.9528540903540903,0.956341575091575,0.9574938949938949,0.9512362637362637,0.9551663614163614,0.9555784493284494,0.9572954822954823,0.9566391941391942,0.9567918192918193,0.9514346764346764,0.9569749694749694,0.9545482295482296,0.9436507936507937,0.9483974358974359,0.9572344322344322,0.9577762515262515,0.9498321123321123,0.9528235653235654,0.9553113553113552,0.9555479242979243,0.9551587301587302,0.9541666666666666,0.9545558608058609,0.9562118437118436,0.9521214896214896,0.9543116605616605
164,0.9446606238173717,0.9530839895013123,0.9445614356344992,0.9448666300433376,0.9359396935848135,0.9424861136543979,0.9436458524079838,0.9374809253494477,0.9307666483550021,0.9532747360068362,0.9352377464444852,0.9360617713483489,0.9524201916620888,0.9525270097051821,0.9559299273637307,0.9565403161814077,0.9404107916742965,0.9395715070499909,0.939937740340597,0.9375724836720991,0.9171091985594823,0.937206250381493,0.9457822132698528,0.9436458524079839,0.9475904901422205,0.943233839956052,0.9452023438930598,0.9380913141671245,0.9480330220350364,0.9494292864554722,0.9414026735030215,0.9498412989074039,0.9365195629616065,0.9414179332234633
165,0.9263354700854701,0.9325091575091575,0.9257478632478633,0.9267551892551893,0.9187271062271063,0.9240537240537241,0.9238095238095237,0.9154304029304029,0.9123168498168498,0.9328907203907203,0.9078296703296703,0.8961385836385837,0.9319139194139194,0.9327609890109889,0.9320665445665446,0.931333943833944,0.9092948717948718,0.9060897435897437,0.9092643467643469,0.9164835164835164,0.9207112332112332,0.9117368742368742,0.9266025641025641,0.9374999999999999,0.9219932844932845,0.9391178266178266,0.9413995726495726,0.9326465201465202,0.9270299145299145,0.9304945054945055,0.9413919413919415,0.9249160561660562,0.9291361416361417,0.9271367521367521
166,0.9494140267350303,0.9432185802356101,0.9500396752731489,0.9495437343587866,0.9421351400842337,0.9504974668864067,0.951207043886956,0.9246627601782336,0.9237624366721602,0.9424937435146189,0.9249221754257463,0.9273332112555698,0.9437908197521822,0.9413111151803698,0.9440731245803576,0.9443630592687542,0.9256699017274003,0.9262345113837515,0.9253952267594457,0.9176280290545078,0.9095403772202894,0.9388695599096625,0.9365958615638161,0.9473768540560337,0.9457211743880852,0.9466138680339375,0.9480330220350364,0.9534044436305927,0.9496887017029848,0.9503143502411037,0.9600424220228285,0.9468961728621131,0.9602636879692364,0.9507416224134775
167,0.9536108439804002,0.9461769779121064,0.9532444932912029,0.9538398131611485,0.9415670650730412,0.9523591457923097,0.9542672222985453,0.94437575369022,0.9462533009723557,0.9480850544183419,0.9440094030010228,0.9446199874830181,0.9458640533650837,0.9473447207339225,0.949138312649784,0.948085054418342,0.9424066187357849,0.9423455602875852,0.9421165911068369,0.9320114179298133,0.9197844636778556,0.9437499045961747,0.945566393430111,0.9475126314664712,0.946222771748256,0.9465585932133536,0.9521683381416862,0.951260093724718,0.9404222191692998,0.9443070629359955,0.9469478408206254,0.9478026590954192,0.9391552563691592,0.9439865060829479
168,0.9301312722365354,0.9325082811924917,0.929701877070298,0.9303152987363513,0.9190130045393203,0.9423997055576002,0.9314807999018526,0.919089682247577,0.9096736596736598,0.934816280211017,0.92154336891179,0.9125720770457614,0.9453517973254815,0.9332290516501042,0.937937062937063,0.9380597472702735,0.9204698809961969,0.9139369402527296,0.9206079008710588,0.9210986382039014,0.9143356643356644,0.9330450251502884,0.9330680284627654,0.9467243283032758,0.9346705925653294,0.9414949086001718,0.9406974604343026,0.9372776346460556,0.9386424978530242,0.9347779413568886,0.9382284382284383,0.9454361428045639,0.9401300453932033,0.9457121825542877
169,0.9543429164377709,0.9567386925471525,0.9547549288897027,0.9542818775560032,0.9512299334676187,0.951596166758225,0.9532823658670574,0.9463010437648782,0.937038393456632,0.9532747360068363,0.9325901849478118,0.9451107855704083,0.9520386986510408,0.95393853384606,0.9528322041140206,0.9529390221571141,0.9449810779466522,0.9436000732466582,0.945003967527315,0.9402276750289935,0.937961606543368,0.9468351339803456,0.944233351644998,0.9506882133919307,0.94615607642068,0.947895684551059,0.9549838246963314,0.9540377220289326,0.9526033083073919,0.9568455105902459,0.9548464872123543,0.9544268449002014,0.9578068729780871,0.9550296038576574
170,0.9270071878767531,0.9308453004105178,0.925793947533078,0.9265264700047309,0.9270682314160574,0.9423291162421598,0.9296625818364949,0.9414134631525936,0.9359958490393273,0.9315244097852793,0.9417034199642895,0.9445572054267707,0.9409403757229844,0.9303722129809087,0.9353243701069789,0.9372319807102416,0.9437025958765088,0.9432447693317259,0.9435042043737696,0.9428022036717689,0.9282738413173196,0.9443282921543791,0.9440612266699223,0.9430692691562256,0.9483113830939918,0.9531719749111054,0.9535534970317578,0.9424130511087033,0.9409251148381583,0.9496848627283411,0.948174035130557,0.9467547728417294,0.9389564606955911,0.9418255070428984
171,0.9272449835965516,0.917242694743267,0.9266498817425803,0.9262836652170596,0.9164721141374838,0.9337376974135959,0.9298542763408865,0.9193408102540627,0.9112230106050202,0.9184252689402609,0.9080491340505074,0.9149614709697109,0.9291294728007935,0.9184481574731059,0.918623636224918,0.9188677805752651,0.92309452964065,0.9204394598306249,0.9230182345311667,0.9359731441214618,0.9331654840924698,0.9165941863126574,0.9186541542687114,0.9201190203707943,0.9313344014648661,0.9344472419317922,0.932295719844358,0.9233234149691004,0.9288014038300145,0.9167315175097278,0.9268635080491341,0.9292362859540704,0.930739299610895,0.9299763485160601
172,0.9499938961118233,0.9528856131355674,0.9502151620582311,0.9499175975096136,0.9387627418665689,0.9514893487151316,0.9510925959836416,0.9312549594091436,0.9282182750412014,0.9538240859427456,0.9208173106268693,0.9250900323506074,0.9502990905206616,0.9549685649758897,0.9519471403283891,0.9505127266068485,0.9351461881218337,0.934093267411341,0.9349172923152048,0.9427607886223525,0.9347723249710065,0.9432185802356101,0.9421503998046755,0.9494216565952511,0.9471632179698468,0.9480482817554784,0.9541521699322468,0.9532289568455107,0.9520844778123665,0.9427913080632363,0.9370383934566318,0.9515580174571202,0.9589971311725569,0.9544344747604223
173,0.9473692241958127,0.9487731184764695,0.9466596471952634,0.9482313984007814,0.9434474760422389,0.9394494292864555,0.9460416285173656,0.9246475004577916,0.9331776841848256,0.9467893548190198,0.9309497650003051,0.9320637245925656,0.9444240981505219,0.9478727949703962,0.9475523408411158,0.9491698712079595,0.9310413233229569,0.9264786669108223,0.9310108038820729,0.9293322346334615,0.9318729780870415,0.9417536470731855,0.9477049380455351,0.9482390282610023,0.9486128914118293,0.9410135506317525,0.9435848135262161,0.9500396752731489,0.9461255569797962,0.9389458585118722,0.9447598120002442,0.9418146859549533,0.958432521516206,0.9478727949703961
174,0.9670542635658914,0.9646566780034929,0.9668397830682968,0.9672534240279437,0.9618071513925912,0.9696586696081135,0.9648251983944603,0.9525078898183043,0.9539326531237552,0.9607883690290163,0.9557710573888532,0.9463032754235989,0.9642123969727611,0.9639059962619113,0.9619297116769312,0.9628642338450225,0.958053742684683,0.9576707417961209,0.9577473419738333,0.958498023715415,0.94982688359837,0.963737475870944,0.9635076753378068,0.9576171216717222,0.9606428286913625,0.9669010632104666,0.9608726292244998,0.9593636057235653,0.962021631890186,0.9600606673407482,0.9613015902196893,0.966433802126421,0.9601985476606306,0.9623280326010356
175,0.9488073618508402,0.9606498084758954,0.9485097745967311,0.9487463183115357,0.9382849817632426,0.9481587742457308,0.9454652280739239,0.934759717368413,0.9323942802203672,0.9595968074228943,0.9309444961618876,0.9408945930685061,0.9582843713278496,0.959390785477742,0.9578952187647838,0.9573458269110443,0.934744456483587,0.9290216246737986,0.9345155432111955,0.9437178567613351,0.9330504982678895,0.9543394326003022,0.9417492026187678,0.9546446502968242,0.9574373922200009,0.9552779770171076,0.960428525645917,0.9603903734338516,0.9547743678178461,0.9567201306331743,0.9552779770171075,0.956262304088391,0.9506462984723854,0.951767973507104
176,0.9511688945858512,0.9505127266068485,0.9513214917902704,0.9511231154245255,0.9449581883659891,0.9502685710797778,0.951207043886956,0.9370536531770738,0.939922480620155,0.9482924372825489,0.9378624183604956,0.9409448818897638,0.9449429286455471,0.9488341573582373,0.950054934993591,0.9519318806079474,0.9303088567417445,0.9291948971494843,0.930003662332906,0.9434932552035646,0.9289736312030764,0.9464078618079718,0.9485747421107245,0.9470563999267534,0.952954281877556,0.9529008728560093,0.9517182445217602,0.9572422633217359,0.9485365928096197,0.9499786363913814,0.9498031496062993,0.9542360983946774,0.9493987670145884,0.9462857840444363
177,0.9345002823263693,0.9327071283593024,0.9354006745311092,0.934752086926,0.9251606208127948,0.9399636790941139,0.9372090893830024,0.9297388862606254,0.9357058922276313,0.9339814122422818,0.9349275871015001,0.9212538342973126,0.942832725441421,0.9340195644543472,0.9363621102751537,0.9378271552184596,0.9339203687029775,0.9339814122422818,0.9338440642788468,0.9402078532513315,0.9308376699681048,0.9382697208784164,0.9358737619607184,0.9390785477742,0.9388343736169824,0.9253208601034689,0.9401697010392663,0.942817464556595,0.929540494757886,0.9262441436354479,0.9248248813466203,0.9316770186335404,0.9361484578875884,0.9439620309185526
178,0.9393155347956832,0.9421394880249119,0.9404069545572499,0.9388346995161118,0.9374456198195722,0.9394910778342569,0.9397887377692296,0.9306681320694234,0.9224252415624857,0.9431927462563539,0.9261192776785578,0.9235395582421273,0.9426661171406329,0.9417960342537894,0.9448336920517164,0.9458869502831585,0.9336905252553006,0.9273099174184488,0.9338126421516998,0.927928134206469,0.922791592251683,0.9416052266031659,0.9354917494771872,0.9469936346567752,0.9446886782372426,0.9437117430660499,0.9461922425241563,0.9439559768588481,0.9392010502053091,0.9394605486101572,0.9351406634000395,0.9318664041153394,0.9399337515837034,0.9406206591259482
179,0.9311099920649454,0.928500579869377,0.9306827198925717,0.9319263871085882,0.9253036684367942,0.9283708722456205,0.9340017090886896,0.9367484587682354,0.9299273637306964,0.9339330403467008,0.9373741073063542,0.935665018616859,0.9379310871024844,0.9301562595373254,0.9379997558444729,0.939754623695294,0.9384575474577306,0.9361838491118842,0.9382439113715436,0.9255478239638649,0.9196117927119575,0.9331395348837209,0.9378471586400537,0.9386559238234756,0.9356955380577427,0.934520539583715,0.9376335225538668,0.9362067386925472,0.93448239028261,0.9297060977842886,0.9352987853262529,0.9273408411157908,0.922404321552829,0.928859183299762
180,0.950653076171875,0.94818115234375,0.9511947631835938,0.9504776000976562,0.94000244140625,0.9522705078125,0.9525222778320312,0.93603515625,0.9371795654296875,0.9481353759765625,0.93548583984375,0.9334869384765625,0.9493865966796875,0.9493255615234375,0.9473419189453125,0.9466552734375,0.9361724853515625,0.9317626953125,0.9360198974609375,0.9373016357421875,0.9135589599609375,0.9463043212890625,0.9482574462890625,0.947509765625,0.9517364501953125,0.9497833251953125,0.94793701171875,0.9560928344726562,0.9473190307617188,0.9399795532226562,0.955963134765625,0.9431991577148438,0.950714111328125,0.9529876708984375
181,0.9472037842374303,0.9455176623178454,0.9472190432593272,0.9475547417410545,0.9335317006179904,0.9412680247196156,0.9464026855878538,0.9365987640192264,0.9326009002822918,0.9451361867704281,0.9374837872892348,0.9401388570992599,0.9435950255588617,0.944655527580682,0.945616845960174,0.9454032196536202,0.9411001754787518,0.9384145876249332,0.9412527656977188,0.9329823758297093,0.9330128938735026,0.9424353398947127,0.9439078355077439,0.9427328908216983,0.9445639734493019,0.9467078660257878,0.9398870832379644,0.9464866102082856,0.9450522621499962,0.9448157473105974,0.9466163118944076,0.9400015259021897,0.9468833447775996,0.9450980392156862
182,0.9598345588235294,0.9605851715686275,0.9587699142156862,0.9591299019607843,0.949984681372549,0.9565410539215685,0.9564261642156863,0.9477481617647058,0.946875,0.9617034313725491,0.9460937500000002,0.9397518382352941,0.9577052696078432,0.9629289215686274,0.9602787990196079,0.9598345588235294,0.9454656862745099,0.9447457107843137,0.9450980392156864,0.9446844362745099,0.942999387254902,0.9454656862745097,0.9503982843137255,0.9592601102941176,0.9529258578431373,0.9546109068627451,0.9607766544117646,0.9575520833333333,0.9604166666666667,0.9551393995098041,0.9550398284313725,0.9547411151960785,0.9574295343137255,0.9559895833333334
183,0.9267457120185557,0.9235106512848684,0.9266923029970091,0.9268296404809863,0.9245406824146982,0.9320255752914607,0.9284242812671673,0.9131416712445828,0.9050234999694806,0.9246169810169078,0.9133400476103278,0.9035127876457303,0.9297060977842885,0.9227934444240982,0.930415674784838,0.9328267106146615,0.9147592016114265,0.9123023866202772,0.9142708905572849,0.9101202465970822,0.9013687969236404,0.9270432765671733,0.9270890557284991,0.9359168040041507,0.9386406641030336,0.9342229750350972,0.9425853018372704,0.9274247695782213,0.9342534944759812,0.9296832082036257,0.9330250869804065,0.9324452176036135,0.9257156808887261,0.9252197399743637
184,0.9349996960116731,0.9416342412451362,0.9334189567120623,0.9348705009727626,0.9134241245136188,0.9390579401750971,0.9408742704280154,0.9461180690661478,0.9404182879377432,0.9422422178988326,0.9464828550583657,0.9401598978599222,0.9435645671206225,0.9411402602140078,0.9449629134241244,0.9461636673151751,0.944096546692607,0.94228781614786,0.9437469601167316,0.9447197227626458,0.9466044503891051,0.9557316999027238,0.9562332806420234,0.9593871595330739,0.9470148346303502,0.9473568214980546,0.9531022008754864,0.9550401264591439,0.9496899319066148,0.9423942120622568,0.955556906614786,0.955632903696498,0.9532617947470817,0.9499331225680934
185,0.9485618371862364,0.9519798580910963,0.9485008010986495,0.9487449454489967,0.9378957808804456,0.9494926375219348,0.9494544899671931,0.9318532082093538,0.9324635690852217,0.9543831540398261,0.9385061417563134,0.9330891889829862,0.9533379110399023,0.9544747081712063,0.9525291828793775,0.9499046311131457,0.9472037842374303,0.9367971313038835,0.9473105973907072,0.942244602121004,0.9397268635080492,0.9428397039749753,0.9407492179751277,0.9378500038147555,0.9464713511863889,0.9522850385290302,0.9593728542000458,0.9617608911268788,0.9594186312657359,0.9619745174334325,0.9413824673838407,0.9596093690394446,0.939681086442359,0.9337300679026473
186,0.932494087129015,0.9341573205157548,0.9329213397421225,0.9321660181582361,0.925261310749981,0.9313649195086595,0.9319752803845274,0.903440909437705,0.8907606622415504,0.9342870222018769,0.9009689478904402,0.8922560463874266,0.9442359044785229,0.9348439765011063,0.9328145265888457,0.9295490959029526,0.9087052719920653,0.895551995117113,0.9090714885175861,0.9313115129320211,0.9020218204013123,0.9249103532463571,0.9292439154650187,0.929579613946746,0.9311970702677959,0.9429312581063554,0.9314869916838331,0.9349279011215381,0.938780804150454,0.9338063630121309,0.9264286259250782,0.9388723582818341,0.922896162355993,0.9263294422827497
187,0.9459618320610689,0.9212519083969466,0.9457557251908398,0.9450458015267177,0.9367328244274808,0.946381679389313,0.9467480916030535,0.9263358778625955,0.9238320610687023,0.9275419847328245,0.9283664122137405,0.9223206106870228,0.9383664122137404,0.9250229007633587,0.9330839694656489,0.9372519083969465,0.9249007633587786,0.9258473282442747,0.924442748091603,0.9139541984732824,0.9241374045801527,0.932267175572519,0.932030534351145,0.9265343511450382,0.9391297709923664,0.945496183206107,0.930145038167939,0.9273587786259543,0.9329160305343511,0.941679389312977,0.9240381679389312,0.9266030534351145,0.9418015267175572,0.9401145038167938
188,0.96038818359375,0.9631500244140625,0.9610137939453125,0.9604339599609375,0.9500579833984375,0.9618988037109375,0.9610366821289062,0.93731689453125,0.9398956298828125,0.962554931640625,0.94219970703125,0.941619873046875,0.9635238647460938,0.9637069702148438,0.9634246826171875,0.9642486572265625,0.9483795166015625,0.9438934326171875,0.948089599609375,0.945556640625,0.9290618896484375,0.9500732421875,0.9549102783203125,0.9504852294921875,0.9581680297851562,0.95849609375,0.9566879272460938,0.9562835693359375,0.9690017700195312,0.9577407836914062,0.9607315063476562,0.9601593017578125,0.9571990966796875,0.952667236328125
189,0.9222746139290727,0.9268754196423122,0.9225340291765856,0.9233885735213331,0.9101049868766405,0.9197338704754929,0.9207639016053226,0.907663431605933,0.900476103277788,0.9295763901605323,0.9073887566379784,0.8917628029054508,0.921244582799243,0.9283785021058415,0.9303698956235122,0.9317890496246108,0.904153695904291,0.9007355185253006,0.9042147347860587,0.918741988646768,0.9165140694622474,0.9148049807727523,0.9179942623451138,0.926707562717451,0.9230452298113899,0.9270890557284991,0.9248306171030948,0.9285539888909236,0.9278062625892693,0.9161478361716414,0.9057025575291462,0.9348715131538791,0.9338185924433864,0.9250442531892815
190,0.9505790977626459,0.9500091196498055,0.9504195038910507,0.9505562986381324,0.9371352140077821,0.9533909897859921,0.952942607003891,0.9438685554474708,0.9418622324902723,0.9497963278210116,0.937758390077821,0.9305082684824902,0.9541813594357977,0.9495835359922179,0.9527298151750974,0.9530642023346304,0.9448413180933852,0.9411782587548638,0.9448261186770428,0.941482247081712,0.9456620865758756,0.9473796206225681,0.9457988813229572,0.9552225194552529,0.9517266536964981,0.9510502796692607,0.9436861624513618,0.9490591561284049,0.9518254499027237,0.9457456833657588,0.9482763861867703,0.9562484800583658,0.9610134970817121,0.9629742217898833
191,0.9484787204706314,0.9556791371755982,0.947988479333272,0.9480650795109844,0.9488617213591937,0.9499647639182525,0.9522627692496246,0.9375248950577565,0.9251309863038882,0.9538790329993566,0.9236449428562673,0.9246713852376137,0.9541088335324938,0.9547829150963631,0.9505009651622393,0.9470539571651806,0.9333731654257438,0.9308147194901493,0.9333272053191163,0.9257437877255876,0.9214541777736924,0.937157214204737,0.9393939393939394,0.9428103073199129,0.944909152189233,0.9474982381959126,0.9491987621411282,0.9504320250022981,0.9572571008364739,0.9510065263351412,0.9516346477923829,0.9503937249134419,0.95414713362135,0.9591721052792843
192,0.938628213931487,0.9304493781948577,0.9381399252307927,0.9392996108949416,0.9295643549248493,0.9396200503547721,0.9392462043183032,0.9121843289845121,0.9158312352178226,0.9338521400778209,0.926161593041886,0.9158770122835126,0.9367513542381933,0.932448310063325,0.9367513542381933,0.9380331120775158,0.921843289845121,0.9250171663996337,0.921187151903563,0.9175249866483559,0.9219043259327077,0.9269321736476692,0.9326085297932403,0.9364766918440528,0.9350881208514534,0.9257877470054169,0.9339284351873044,0.9363317311360343,0.9262149996185244,0.9323033493553063,0.9229037918669414,0.9289387350270848,0.9408560311284047,0.9414511329823758
193,0.9480237154150196,0.9554043782304652,0.9476892672544847,0.9467163271511098,0.9429917908178778,0.9513681970203709,0.9487458193979934,0.9479325022803283,0.936728488902402,0.954279416235938,0.9516722408026755,0.9496351474612343,0.9583536029188202,0.9555335968379446,0.9572210398297355,0.9580723624201885,0.958239586500456,0.956141684402554,0.9581027667984189,0.9496503496503497,0.9502736394040742,0.954378230465187,0.9568257829127395,0.9476360595925813,0.9506688963210702,0.9488522347218,0.9542262085740347,0.9542946184250531,0.9513986013986014,0.9514746123441775,0.9556780176345393,0.9475524475524475,0.9452265126178169,0.9532532684706597
194,0.95644312199588,0.9580682078278783,0.9568474860761425,0.9562218661783781,0.9560540169375144,0.9594796673533228,0.9534065766384375,0.9458304722667278,0.9523155565728236,0.9569237811856259,0.944457160296025,0.9418783855954833,0.9617608911268787,0.9562523842221713,0.9594720378423743,0.9613183794918745,0.9534752422369726,0.9513542381933318,0.9532921339742122,0.9499809262226291,0.9466239414053559,0.9529716945143817,0.9517051956969558,0.9594110017547874,0.9584725719081406,0.9593957427328909,0.9614328221560998,0.961501487754635,0.9567406729228657,0.95302510109102,0.9597772182803083,0.9625391012436103,0.9567406729228657,0.9512321660181582
195,0.9270477294921875,0.935821533203125,0.9145050048828125,0.92462158203125,0.87811279296875,0.9258270263671875,0.92584228515625,0.90570068359375,0.901947021484375,0.9332275390625,0.9039764404296875,0.9102020263671875,0.9350433349609375,0.93316650390625,0.9354248046875,0.938079833984375,0.91009521484375,0.9112091064453125,0.909637451171875,0.9201583862304688,0.9048919677734375,0.92510986328125,0.9266204833984375,0.926513671875,0.9325332641601562,0.9297027587890625,0.9342575073242188,0.9384307861328125,0.9339599609375,0.9304656982421875,0.9272003173828125,0.9348373413085938,0.9357147216796875,0.9367523193359375
196,0.9345261803364073,0.9429133858267718,0.9340053310456815,0.9342657556910445,0.9256411042004964,0.9378044670486229,0.935330432917675,0.9341278838199699,0.9229143049725789,0.941021477373694,0.9315083182695548,0.9250589785226263,0.9439167866662582,0.9409448818897638,0.9401176506633169,0.941006158276908,0.9341891602071143,0.9328104414963694,0.9342351174974723,0.9305278960752473,0.9289883268482492,0.9361193664021569,0.9355678789178591,0.9365023438218083,0.9314776800759828,0.9432963632464231,0.9387312724041792,0.9311100217531174,0.9354606452403565,0.9365253224669874,0.9383865927264928,0.9362112809828732,0.9521890989307271,0.9419865804712153
197,0.9308376699681048,0.9422833335876813,0.9313107573977141,0.9305019305019304,0.9235124452515756,0.9293192119279077,0.9327529110137807,0.9388648953866345,0.9283501457414503,0.9453660323225541,0.9288842767103637,0.9360568925786318,0.9471362949623819,0.9444122270209226,0.9462664245272941,0.9459459459459459,0.9404367665237231,0.9337830207395424,0.940589375371984,0.9397958093610268,0.928930059364842,0.9523249958032567,0.9354006745311093,0.9472736429258168,0.9368962412440675,0.9483266439788179,0.9366368062020236,0.9520502998763869,0.9414516153646589,0.9489523402566882,0.9383994383994384,0.9429395516352039,0.9408182886443757,0.9428937689807255
198,0.9216346153846154,0.9265873015873016,0.9216575091575091,0.921565934065934,0.9182539682539683,0.9247176434676434,0.9214896214896215,0.9240537240537241,0.9206807081807082,0.9275335775335775,0.9112332112332112,0.9118894993894994,0.9270299145299146,0.9270985958485959,0.9282814407814408,0.9269993894993895,0.921001221001221,0.9150946275946276,0.9207417582417583,0.9199252136752137,0.9137896825396825,0.9288919413919414,0.9227411477411477,0.9302579365079365,0.9298534798534798,0.9233363858363859,0.9229548229548229,0.9262057387057386,0.9284569597069597,0.9269917582417583,0.922481684981685,0.9175900488400488,0.9232600732600733,0.9312499999999999
199,0.9429236641221374,0.9428320610687023,0.9436870229007633,0.9435038167938932,0.9468702290076336,0.9482748091603054,0.940618320610687,0.923175572519084,0.9309923664122137,0.9444427480916031,0.9313435114503816,0.9273740458015267,0.9478778625954197,0.9455496183206107,0.9451603053435114,0.9457862595419847,0.9338778625954198,0.9261526717557252,0.9338320610687023,0.9410381679389312,0.930503816793893,0.941587786259542,0.9323053435114504,0.939648854961832,0.9463358778625954,0.9442137404580153,0.9420763358778625,0.9477251908396946,0.9449465648854961,0.9483358778625954,0.9479694656488549,0.9442442748091603,0.9345496183206107,0.930412213740458
200,0.9200772141854362,0.943630592687542,0.9212979918207899,0.9205197460782519,0.9089299884026124,0.9285082097295978,0.9246017212964659,0.9240828908014405,0.9221449063053165,0.9404107916742965,0.9269517182445217,0.9342153451748763,0.9436534822682049,0.9419520234389306,0.9411890374168346,0.9414637123847892,0.9339406702069218,0.929439052676555,0.9338185924433864,0.933513398034548,0.9156290056766161,0.9343069034975279,0.9462552646035525,0.9320560947323445,0.9442715009461027,0.9461179271195752,0.9468885430018923,0.9480864310565831,0.9331471647439419,0.9453473112372581,0.9422266984068852,0.9292711957516938,0.9234572422633216,0.9241134102423243
201,0.9521418651853435,0.955522151174325,0.9521266043005173,0.9517908648343429,0.952370778457735,0.9520655607612131,0.9549803897629985,0.9425732903993773,0.9390480260045476,0.956994826560044,0.940574114487158,0.9435042043737695,0.9515848428891907,0.9572161093900224,0.956414912936652,0.9570406092145222,0.946678468417599,0.9434736826041175,0.9465716422238161,0.9520960825308652,0.9458543806369893,0.9467700337265555,0.9468768599203383,0.9510888641323424,0.9548583026843896,0.9552856074595205,0.9603369603369603,0.9566514566514567,0.957162696293131,0.9547972591450853,0.958490393273002,0.9499061455583194,0.9533627359714316,0.949654340958689
202,0.969565284036911,0.9634262239798891,0.968323676384929,0.9695499555473804,0.9216714184984212,0.9698411968484625,0.9703317085134431,0.9636868083019099,0.948971458352494,0.965334620926454,0.9475459088261443,0.952604310371256,0.9659094392838531,0.963426223979889,0.965863453815261,0.9652043287654434,0.9574174560838775,0.9532174499524817,0.9571568717618567,0.9591342469113093,0.9589273123026457,0.9612495784665379,0.9548346055979644,0.9655338912903522,0.9596094300867594,0.964430240044146,0.9667601704528035,0.9688601735185014,0.9705386431221066,0.9595251233943407,0.9670973972224778,0.9659784174867408,0.968346669119225,0.9768386523192004
203,0.9551024768416073,0.9543546934851282,0.9548430417995636,0.9551177377264334,0.9511346467868207,0.9566438262090435,0.9616799182016573,0.9526149526149525,0.9506462984723854,0.9578036534558274,0.9484487310574267,0.9508141682054726,0.9539273887099974,0.9559265646222168,0.9603064385673081,0.9617104399713096,0.9574221313351747,0.9572695224869138,0.9572390007172615,0.9496085583042105,0.9402688967906359,0.9492346666259709,0.9570329787721091,0.9585895890243715,0.9639919422528118,0.9619927663405924,0.9633738764173547,0.9588948067208937,0.9639232682710944,0.9571855876203702,0.9611228959055047,0.9574373922200009,0.9672959238176629,0.9686770338944252
204,0.953049002918288,0.9570540491245135,0.9546829401750974,0.9527450145914396,0.9483675826848249,0.9574036357003892,0.9574112354085602,0.9535201848249028,0.947820403696498,0.9580116123540856,0.9470756322957198,0.9466804474708171,0.9599267388132297,0.9570236502918287,0.9577456225680935,0.9569248540856032,0.948154790856031,0.9409958657587548,0.9483827821011673,0.9504043044747081,0.9485499756809339,0.9487703672178989,0.9533377918287937,0.9535353842412451,0.9451605058365758,0.9573808365758755,0.9572592412451362,0.9578900170233462,0.9553137159533074,0.9607399075875487,0.9570160505836576,0.9458520792801556,0.9554961089494163,0.9549109314202335
205,0.9377050431067367,0.9326009002822919,0.9375982299534599,0.9383993286030365,0.9356527046616312,0.9424887464713512,0.9368047608148318,0.9214465552758068,0.9139391165026322,0.9326314183260853,0.9226825360494392,0.9242999923704891,0.9361791409170672,0.9329671168078126,0.9333791103990233,0.9344472419317922,0.9262531471732662,0.9214618142977036,0.9259327077134356,0.9303730830853743,0.9336385137712673,0.9372243839169909,0.9349431601434348,0.93339436942092,0.9346913862821394,0.9342488746471351,0.9364843213550011,0.936308842603189,0.935233081559472,0.9262989242389562,0.9394522011139086,0.9231326771953917,0.9379720759899289,0.9375371938658732
206,0.9385948849417078,0.9419596532991517,0.9380302752853568,0.9390374168345236,0.9383354696941952,0.9377708600378442,0.9359244338643716,0.914850759934078,0.9075566135628396,0.9383125801135322,0.9032533723982176,0.9118293352865775,0.9401818958676678,0.94051760971739,0.9346120979063663,0.9315906732588659,0.907663431605933,0.9016358420313739,0.9079686260147716,0.9126228407495575,0.9121192699749742,0.9163004333760605,0.9182231581517427,0.9274247695782214,0.928676066654459,0.9218015625953733,0.9325978148080327,0.9330098272599646,0.9262650308246352,0.9273561008362328,0.9342992736373069,0.9328953793566502,0.9312396996887017,0.9309726545809681
207,0.9551864117081509,0.9416881590794632,0.9556518686953469,0.9551406290536726,0.947884078318861,0.9530575182749096,0.9551024768416072,0.9401162879423749,0.9386665038838952,0.9426419643810947,0.9403909838692448,0.934881804447022,0.945663619576663,0.9417797243884201,0.9446335098509011,0.9448471622384667,0.9461138156790332,0.9427411601324645,0.9460069894852504,0.949227036183558,0.9471820776168602,0.9450150319715538,0.9415508111160286,0.9510583423626902,0.9521494956277564,0.9436873349916828,0.9444274879057488,0.956689608863522,0.9454728585163368,0.9406962015657667,0.9460680330245548,0.9519892563370825,0.9555755642712164,0.9546751720664765
208,0.9480621936274509,0.9554227941176471,0.9475107230392157,0.9483072916666666,0.9364276960784315,0.9381204044117647,0.9509420955882353,0.9324142156862745,0.9315716911764705,0.9542585784313726,0.9266237745098039,0.9409313725490196,0.9510723039215686,0.95453431372549,0.9543811274509804,0.9534313725490196,0.9318321078431373,0.9247395833333334,0.9318933823529413,0.9280330882352942,0.9244178921568627,0.9509344362745098,0.9407628676470587,0.9485370710784313,0.9380667892156863,0.9566636029411766,0.9451899509803922,0.9443321078431373,0.9553385416666667,0.9612362132352942,0.9620557598039214,0.9646675857843137,0.9479932598039216,0.9604932598039215
209,0.9489580140974565,0.9508427827152928,0.9490116457247931,0.9490652773521299,0.9423689855960773,0.9495786086423535,0.9503677597303094,0.9371437327612626,0.9427137603432425,0.9546582899172541,0.9339718050873429,0.9347992644805393,0.9538384921851056,0.9533174992338339,0.9567422617223413,0.9571253447747472,0.9386760649708856,0.9330524057615691,0.9386760649708857,0.9345081213607109,0.9341020533251609,0.9528654612319952,0.9491265706405149,0.9504673613239351,0.9544973950352437,0.9441924609255287,0.9458167330677292,0.9409209316579835,0.9460006129328838,0.9446291756052713,0.9438630095004596,0.9456098682194299,0.9511186025130248,0.9555010726325468
210,0.9374084249084249,0.9424832112332112,0.9371642246642247,0.9371336996336995,0.9132783882783884,0.9387973137973137,0.9349969474969475,0.9370115995115994,0.9304639804639805,0.9399114774114774,0.9334096459096459,0.9275030525030525,0.9430479242979243,0.9413156288156288,0.9410409035409035,0.9417735042735041,0.9281440781440782,0.9293192918192918,0.9280677655677656,0.9179334554334554,0.9114010989010989,0.9352564102564104,0.931105006105006,0.937385531135531,0.9400412087912089,0.9469017094017095,0.9419871794871794,0.9400106837606838,0.927785409035409,0.9437042124542124,0.9381181318681319,0.9395833333333333,0.9397588522588524,0.944993894993895
211,0.9451160873746394,0.9274854604570225,0.9445131351986689,0.9448031628276167,0.9358733647784342,0.9462380363603058,0.9439025507166735,0.9365908015447787,0.9356138663735861,0.9265924806521042,0.9352933095205386,0.9335378791348017,0.9342171543710216,0.9273404466425486,0.9277678557799454,0.92847002793424,0.9367434476652776,0.9334004976263528,0.9367281830532277,0.9446963105432675,0.938147791973867,0.9438720214925738,0.9394987101402817,0.9404603806994245,0.9452076750469386,0.956160034192731,0.9426126909984582,0.9427119109767824,0.9400635007861274,0.9502221001053258,0.9310650119827205,0.9442154752636961,0.9468333562302514,0.9432767016226283
212,0.946537802789332,0.9470195130902863,0.9463466479080009,0.9448021164668461,0.9497797895767067,0.9497874357719599,0.9478911793491558,0.9203572302422316,0.9154024957181307,0.9478911793491559,0.9086585515047712,0.9218711769023734,0.9502920846586738,0.9475088695864937,0.9487857841937852,0.9486328602887203,0.9189350379251284,0.9193479324688035,0.9184609738194274,0.9261530462441889,0.9206783704428676,0.947516515781747,0.9297773427942256,0.940910203082946,0.9463390017127475,0.9500015292390506,0.9390751162221679,0.9490228162466358,0.947294776119403,0.9475318081722535,0.9438769268412038,0.9505214705162711,0.9497339124051871,0.9507202715928553
213,0.9257557953210127,0.9377584812367421,0.9264120133685353,0.9262975567323394,0.9211164863338777,0.9287927114014072,0.9272742533612099,0.9318601492514537,0.9208112686373555,0.9374761548674593,0.9296931036061471,0.926106795672013,0.9401086574999618,0.9358508706334793,0.9406656797961146,0.9421307247394204,0.9348360217925435,0.9323027149114107,0.9345765867504998,0.9237566194087933,0.9185526576830925,0.9382468295511773,0.9307003220046699,0.9268698399133182,0.925496360278969,0.9311276267798007,0.9296473209516688,0.9265951439864484,0.9346223694049781,0.9361331970027622,0.9352404352404352,0.9237566194087934,0.9238024020632717,0.9269079921253836
214,0.9553985595703125,0.9441070556640625,0.9553680419921875,0.95562744140625,0.9481964111328125,0.9534912109375,0.9548492431640625,0.9372406005859375,0.938232421875,0.9453964233398438,0.933135986328125,0.941925048828125,0.9434432983398438,0.94354248046875,0.9497833251953125,0.952880859375,0.9408111572265625,0.9398193359375,0.9408416748046875,0.94561767578125,0.9368743896484375,0.9455413818359375,0.946929931640625,0.9496994018554688,0.951904296875,0.9428863525390625,0.9449615478515625,0.9515838623046875,0.9480438232421875,0.9401702880859375,0.9419784545898438,0.94293212890625,0.9557647705078125,0.9525985717773438
215,0.9497031032956298,0.9494893987269314,0.950328952389675,0.9505579215704233,0.9470317961868999,0.9501152478209767,0.9510311245439698,0.9453374242493627,0.9473370884278977,0.9502373647173757,0.9445589290348185,0.946757033170002,0.9503289523896751,0.9512448291126682,0.9508937430355208,0.9521912350597611,0.939720047015005,0.9395674008945062,0.9392315794294088,0.9426661171406329,0.9357894094121597,0.9567095602265269,0.9480316282761674,0.9519241043488879,0.9505426569583735,0.9555952435468852,0.9473905145700722,0.9446657813191678,0.9467875623941018,0.9580375814748668,0.9374685167376471,0.9436964784540002,0.9522217642838607,0.9498557494161286
216,0.9482367719599252,0.9497150647997794,0.9485584729924323,0.9482061337663531,0.9374214896289714,0.9505422960262264,0.9498988939612121,0.9484359202181438,0.9440240203437605,0.9494546401544166,0.9328410796899415,0.946720181378106,0.9485891111860045,0.9484206011213578,0.9494929378963816,0.9491099604767301,0.9456478446030823,0.941006158276908,0.9457703973773707,0.9437329575048254,0.9329023560770857,0.9505422960262263,0.9517754833175036,0.9492861300897699,0.9561567449983148,0.9532690952541438,0.9485354943472533,0.9523729280921597,0.9444989123441281,0.9503431477680075,0.9486350684763627,0.9505269769294403,0.9543031342872024,0.9551993014491866
217,0.9289312977099237,0.9263129770992367,0.9305267175572519,0.929351145038168,0.9182442748091604,0.9268854961832061,0.9313816793893129,0.9077404580152671,0.9108396946564885,0.9275572519083969,0.9070381679389313,0.9033435114503817,0.9238320610687023,0.9272213740458015,0.9257709923664122,0.9237099236641222,0.9113129770992366,0.9031297709923665,0.9115114503816794,0.9245343511450382,0.9163664122137405,0.9127022900763359,0.9198167938931299,0.9235801526717557,0.9275877862595419,0.9300458015267175,0.9268549618320612,0.9275877862595421,0.9191908396946564,0.925320610687023,0.9170687022900762,0.9170687022900764,0.9219541984732824,0.9229770992366412
218,0.9251531862745097,0.9196384803921569,0.9245710784313727,0.9255667892156862,0.9181985294117647,0.9253829656862745,0.9282015931372549,0.92265625,0.9116268382352942,0.9240042892156862,0.9222120098039215,0.9192401960784314,0.9299785539215686,0.9221047794117647,0.928875612745098,0.9317555147058822,0.9259191176470587,0.9234987745098039,0.9256433823529413,0.9262867647058823,0.933264399509804,0.9395143995098039,0.9331954656862745,0.9339460784313725,0.9383425245098039,0.92734375,0.9384727328431373,0.9300091911764706,0.9324448529411766,0.9339460784313726,0.9362285539215686,0.9300015318627451,0.9209252450980391,0.9229166666666667
219,0.954557249927493,0.9542748546045703,0.9545190883973683,0.9542977515226451,0.9561752988047808,0.9503594816137748,0.9567553540626765,0.9482529651508907,0.9407733052464471,0.9555647143227853,0.9444368121384196,0.9530002594984048,0.95362610859245,0.9554120682022867,0.9565874433301278,0.955351009754087,0.9561600341927309,0.9500847185968768,0.9563584741493795,0.9476729098929951,0.9538398131611485,0.9567095602265269,0.9589305612797849,0.9538703423852484,0.9551983636335883,0.9570682786096991,0.9552975836119125,0.9484361404954893,0.9498939109462534,0.9605715070751477,0.9605944039932224,0.9564653264337286,0.9495657217871808,0.950741096915022
220,0.9441849460395965,0.9481766420906412,0.9450550289264399,0.9439101830226985,0.9399337515837036,0.9359115263085591,0.949413075666682,0.9400406038680528,0.937888293569019,0.9512906229488178,0.9314466272839674,0.9343011097372961,0.9446123551769932,0.9505350246523485,0.9494436048907817,0.9465738578254034,0.9416739173573903,0.9355222787012868,0.9419792095983881,0.9366365953809284,0.9327593839202577,0.9472607653676482,0.9498710140281785,0.9426661171406329,0.945306895025263,0.9434293477431271,0.9385980980293386,0.9454137473096121,0.9470088992688251,0.9509013753415458,0.9535574178382256,0.9398192669933293,0.933095205385355,0.948191906702691
221,0.9567005432460478,0.9572041140206311,0.954709149728377,0.9565326863211866,0.9555942135140084,0.9557391808582066,0.9567844717084784,0.9466977964963682,0.9419215039980467,0.9603094671305622,0.9446529939571507,0.9418299456753952,0.958371482634438,0.9569065494720137,0.9608740767869133,0.9609503753891229,0.9465909784532747,0.9460111090764817,0.9461026673991333,0.9439052676554965,0.937984496124031,0.9545031435024111,0.9525880485869499,0.9529008728560093,0.9538164560825245,0.954510773362632,0.952008179210157,0.9574940487090277,0.9578602819996338,0.9540606116095953,0.947315815174266,0.9500930842946959,0.9547854483305867,0.9568760300311299
222,0.9512833424891656,0.9557468107184276,0.9511765244460721,0.9508331807361289,0.9369315754135384,0.9514435695538059,0.9527711652322529,0.9363517060367454,0.9313617774522371,0.9581196972471464,0.9438137093328449,0.9387017029848014,0.9579594701825063,0.9576847952145516,0.9591192089360924,0.9587987548068119,0.9456753952267595,0.9427455289019105,0.9452939022157114,0.9540377220289324,0.9402276750289935,0.9505279863272904,0.9529161325764511,0.9615989135079046,0.9536714887383264,0.9513062320698285,0.9572117438808522,0.9582951840322285,0.960339986571446,0.9496429225416592,0.9599203442592933,0.9605688823780748,0.9570133675151072,0.9577992431178661
223,0.9374597873709367,0.9369159594350317,0.9371534054352155,0.9378963816293391,0.9232666441986579,0.9399721192438494,0.9406231808572567,0.9376206378871902,0.9309261925916849,0.9373448941450412,0.9247525965869053,0.9311712981402617,0.9411593492447685,0.936716811176813,0.9374368087257575,0.9370844694996783,0.9322742731088575,0.9274334385244646,0.9325346977542204,0.9319832102699226,0.9223092006495298,0.9396427586629493,0.940469989889396,0.9362878764668036,0.9397346732436656,0.9384095713716718,0.9391142498238305,0.9420018995680015,0.9381261680811299,0.9428291307944482,0.9444682741505559,0.9409755200833358,0.9441312540212631,0.9434801924078556
224,0.9388291352577067,0.9300269657412514,0.9388597781454924,0.9382469203897775,0.9337807194950053,0.9283875712447142,0.937588098302384,0.9186278114849543,0.9163908806765949,0.9307087699944843,0.9187197401483116,0.9197769197769197,0.9241588527302814,0.929597965312251,0.9327541827541828,0.9337960409388981,0.916023166023166,0.9128363056934486,0.9158546301403445,0.9147668076239504,0.9000505607648465,0.9251470858613716,0.9201063308206167,0.9282956425813569,0.9307623950481094,0.9297435190292334,0.9267098731384446,0.9262885334313905,0.9281883924741069,0.9258135686707115,0.925453514739229,0.9284948213519643,0.9355120426548998,0.9351290065575779
225,0.9398950051123964,0.9525691699604742,0.9409556366078106,0.940421505638897,0.9095182138660399,0.9403070490027012,0.9410548323591803,0.9285943198986677,0.9219100523448349,0.952981213850779,0.9254505776244907,0.9288842767103637,0.951027820593038,0.9547972591450853,0.9504021243151679,0.9477314694705998,0.9307003220046698,0.9231004013612708,0.9307003220046698,0.916706090619134,0.9190638973247669,0.9373311764616113,0.9274726448639492,0.9358737619607185,0.9353243701069789,0.9442138355181834,0.9405893753719841,0.9494483190135364,0.9319364536755841,0.9505242113937766,0.9252445556793385,0.9500129717521023,0.9244891418804463,0.9306316480229524
226,0.9159988398894842,0.9257529269893606,0.9158156645448855,0.9156782830364365,0.9147776709254934,0.921051426477996,0.9181206209644182,0.9120910992047138,0.9030239196470822,0.9260429546183083,0.9152966677351896,0.9036650333531773,0.9270046251774511,0.924760727206118,0.9273709758666484,0.9282868525896415,0.9172658026896247,0.911663690067317,0.9173421257498742,0.9031460365434812,0.9153577261833891,0.9225778876829845,0.9237379981987758,0.927416769702798,0.9297751522645051,0.9288516432354872,0.918929645403062,0.9208529865213476,0.9268596113629772,0.925294988627864,0.9177619025812459,0.9187617346705133,0.9269740959533513,0.9263787760834058
227,0.9414921107834493,0.9519274617699814,0.9404660566077888,0.9407168698507281,0.9320372115647706,0.9473748213905695,0.9432022010762169,0.9429513878332776,0.9367950627793148,0.9510002128112364,0.9358526130179674,0.9430577934514942,0.9533487368133038,0.9515322409023197,0.9508406043839115,0.9493053233210713,0.9403824521934758,0.9334356854041894,0.9404584562064876,0.9377831149484693,0.9209710272702397,0.9408384762715472,0.9415073115860517,0.9478308454686407,0.9394400024321286,0.9529459155443407,0.942844982215061,0.9473748213905694,0.9408080746663423,0.954085975739519,0.9420621408810385,0.9458319399264281,0.9382999422369501,0.9453531146444532
228,0.949127197265625,0.9468231201171875,0.9486923217773438,0.9494171142578125,0.9428253173828125,0.9511260986328125,0.9519882202148438,0.938232421875,0.9287109375,0.9483413696289062,0.9329071044921875,0.9290924072265625,0.9473342895507812,0.9469375610351562,0.949127197265625,0.94964599609375,0.94012451171875,0.9366302490234375,0.9400482177734375,0.9396820068359375,0.9297866821289062,0.9433441162109375,0.9457244873046875,0.9444122314453125,0.9482269287109375,0.9500198364257812,0.9503250122070312,0.9467697143554688,0.9456100463867188,0.9475479125976562,0.9493789672851562,0.942291259765625,0.9411163330078125,0.94500732421875
229,0.9428501945525292,0.9559064931906615,0.9428501945525292,0.9440737475680933,0.936542436770428,0.9424398103112839,0.9445905277237354,0.9407830739299612,0.9419078307392997,0.956924854085603,0.9435645671206224,0.9425158073929961,0.9570312500000002,0.9568032587548638,0.9566056663424125,0.9553897130350195,0.9484739785992218,0.9417558365758756,0.948701969844358,0.9533377918287937,0.952015442607004,0.9466500486381323,0.9478356031128405,0.953938168774319,0.9514074659533074,0.9539153696498055,0.9510274805447471,0.9437089615758755,0.9505638983463036,0.9550325267509728,0.9437165612840467,0.9513162694552529,0.947227626459144,0.9477216074902725
230,0.9373464373464374,0.9295176034306467,0.9373540677888504,0.9372472415950678,0.9354159354159355,0.9364613060265233,0.9328826285348025,0.9084041692737346,0.9112884765058678,0.928205167335602,0.9009415965937705,0.9091061699757352,0.9330810200375418,0.9285180154745373,0.929983060417843,0.9309292352770614,0.9099455186411708,0.9080226471530818,0.9094419094419094,0.9156988722206114,0.8959818090252872,0.9312039312039311,0.9120820425168252,0.9321043234086712,0.9309979092587787,0.933859325163673,0.9315244097852794,0.934294260381217,0.9285180154745373,0.9190715277671799,0.9367512628382194,0.9370564805347413,0.934179803745021,0.9279762540632106
231,0.9461320926838168,0.9451362281822051,0.9453718907741896,0.9461168886456242,0.9525938089156479,0.9412515964240102,0.9435778142674695,0.9269445964848264,0.9228851182874171,0.9447029130937177,0.927187861095907,0.931521011980782,0.9458204099008696,0.9452350544304567,0.9455543392325003,0.9458736240345436,0.9379067080216505,0.9357173265219242,0.9378610959070729,0.9327069269598006,0.922991546554765,0.9388189503132032,0.9380435443653834,0.9314297877516268,0.9556726266496381,0.9496366234871981,0.946557805753208,0.9472647935291614,0.951696770662288,0.9495682053153317,0.9472952016055465,0.9459496442255063,0.9425439396703763,0.9400656814449917
232,0.9414580716320965,0.955053770029719,0.9425457275039064,0.9420784950519315,0.9236189834247372,0.9437559361500046,0.94328870369803,0.9399338215018842,0.9382487208554184,0.9525797358987715,0.9406231808572567,0.9435031710530347,0.9494699592512026,0.9537286681577254,0.9512699531235639,0.9486350684763626,0.9386470173718557,0.93071172523668,0.9389687184043629,0.9283679034284138,0.9250283403290542,0.9412819020190569,0.9468657127975735,0.9440087012469744,0.949607831122277,0.9443457213762676,0.9527865437053831,0.9455329513771867,0.9507108060908729,0.9563712123533197,0.9461074175066639,0.9508639970587335,0.9478078372499158,0.9477771990563436
233,0.9522792131487785,0.952675996154257,0.9515314297922994,0.9530880400445618,0.94150502846155,0.9509362552840814,0.9554534771926078,0.9432447693317259,0.9306545393501915,0.9560486517008255,0.9493491232621667,0.9436110305675522,0.9544996718909763,0.9555831947136295,0.9579410014192624,0.9578341752254795,0.9407114624505929,0.9372167198254155,0.9404978100630275,0.9405588536023318,0.9507226028965159,0.9542707586185847,0.9554916294046728,0.9556289773681078,0.9520121476643216,0.9639461595983335,0.9545530849878675,0.9620919620919621,0.9657316831229875,0.9651822912692479,0.9600698948525035,0.9601156775069819,0.949700123613167,0.9528362354449311
234,0.9186403408310047,0.9272145616687281,0.9180295325789852,0.9188541237192115,0.920121550842152,0.9250080168583078,0.9219692458045108,0.9214042481713929,0.9129750942935239,0.9259089590300364,0.9144104936857697,0.9173118328828622,0.9254279475315711,0.9240918044802786,0.927176386152977,0.9287339471956267,0.9162734588544291,0.9144104936857697,0.9161971078229266,0.9058133675385954,0.9011788599263976,0.9244735596377907,0.9233435643715546,0.9228243773573382,0.92946691709805,0.9383007314428817,0.9272145616687281,0.9343533831142059,0.9247255180417486,0.9251912593339136,0.9251912593339137,0.9276955731671935,0.9349947317788264,0.9365064822025745
235,0.9248763962644203,0.9275926265030825,0.9240142220594519,0.9237090276506134,0.9201001037660991,0.9263565891472867,0.9239226637368004,0.9067936275407434,0.904138436183849,0.9285005798693768,0.9039705792589879,0.9130195934810474,0.9281267167185497,0.9280351583958983,0.9272416529329182,0.9244949032533724,0.9143777086003786,0.9083043398644937,0.9143929683208204,0.8916407251419153,0.8732069828480742,0.9193828969053287,0.9217634132942685,0.9308124275163279,0.9357413172190685,0.924975584447293,0.9283556125251785,0.9310565830433987,0.9281114569981077,0.9249221754257463,0.9223661722517242,0.921084355734603,0.9258072392113775,0.9297595068058353
236,0.9500664253974072,0.9588696993296382,0.9499366286438531,0.9497228457556462,0.9481576496098462,0.9527463466031426,0.9556476858002351,0.9496541298272939,0.9423855116282621,0.9574648403499931,0.941347137599829,0.9450883381434483,0.9591827385587979,0.9575946371035473,0.9598240872234184,0.9610609739337579,0.9451188785560493,0.9428894284361782,0.9447523936048376,0.9309786675217983,0.9333302792920731,0.9497457510650968,0.9636110983859391,0.9594652373753569,0.9606486783636448,0.9599004382549208,0.9419579458518484,0.9529677645944997,0.956052346267198,0.9614198237818193,0.9508299357124316,0.9580680134988625,0.9536701940843221,0.9562203185365035
237,0.9515831235217822,0.9439078355077439,0.951644159609369,0.951293202105745,0.9442130159456779,0.9512703135729,0.9543678950179293,0.9482413977264057,0.9371633478294041,0.9441062027924009,0.9344167238879988,0.9386587319752804,0.9446555275806822,0.9441519798580911,0.9468070496681162,0.9488670176241704,0.9378652628366522,0.9352254520485237,0.9378957808804456,0.9441519798580911,0.9411764705882353,0.9486228732738231,0.945510032806897,0.9516899366750592,0.9530327306019684,0.9529182879377431,0.9465094987411307,0.9504310673685816,0.9467231250476845,0.9512169069962615,0.9473868925001908,0.9478141451132982,0.9515831235217822,0.9579003585870146
238,0.935499870282479,0.926686709295405,0.9363773711599799,0.9358661315183054,0.9347597173684129,0.9431379431379432,0.937445633097807,0.9076716468020816,0.9221389656172265,0.9298457124544081,0.9245044027652723,0.9098081706777359,0.9365299800082408,0.9281746455659501,0.9323942802203672,0.9318601492514536,0.9217727043814,0.9148595235551757,0.9215743128786607,0.923268271094358,0.8993392036870298,0.9325774108382805,0.934897065331848,0.9365147191234148,0.9340577166664124,0.9381018511453294,0.9407953973171365,0.9416423764249852,0.9281288629114716,0.9421917682787249,0.9315625619973447,0.9353091092221527,0.9313870618218444,0.9321348451783235
239,0.9524078369140625,0.959442138671875,0.9517822265625,0.9520416259765625,0.944671630859375,0.9557952880859375,0.9494857788085938,0.94512939453125,0.93975830078125,0.96063232421875,0.9404144287109375,0.9339752197265625,0.9613876342773438,0.9591522216796875,0.9637451171875,0.965057373046875,0.942779541015625,0.9403228759765625,0.9425201416015625,0.9416351318359375,0.928955078125,0.954193115234375,0.9527359008789062,0.94940185546875,0.95697021484375,0.9582366943359375,0.9516448974609375,0.9583816528320312,0.958160400390625,0.9566268920898438,0.94561767578125,0.960052490234375,0.9554901123046875,0.952911376953125
240,0.9628883598852468,0.9648721235426968,0.963086736250992,0.9627052432399438,0.9563419398156626,0.9640404687786119,0.956654764084722,0.9401361167063419,0.9388543001892204,0.9607367393029358,0.9334370994323385,0.9366721601660258,0.96307147653055,0.9635140084233657,0.9618049197338704,0.9633461514985044,0.9342153451748765,0.9368857962522127,0.9336812549594091,0.9527864249526948,0.9533357748886041,0.9565784654825122,0.9573109320637245,0.9558383690410791,0.9587911249465909,0.9546252212659464,0.9497039614234268,0.9524430812427517,0.9540682414698163,0.9488188976377953,0.9557086614173229,0.953511261673686,0.9619422572178478,0.9605002136360861
241,0.9502296158875947,0.9443827742465254,0.9503284571637116,0.9494997110793468,0.9423071074480704,0.9446108694991029,0.947682552233813,0.9316170432772726,0.9288038684954838,0.9465952981965269,0.9292600590006387,0.9268118366229736,0.9417976947173138,0.9464964569204101,0.9482832030656002,0.9482375840150847,0.9318147258295063,0.9278458684346583,0.9317995194793346,0.9276785985827681,0.9286213922934217,0.9455840759101001,0.9403150755755604,0.9460174568899973,0.9399577263465223,0.9408549010066604,0.9444512028222987,0.9462379489674888,0.9376463611204039,0.9482071713147411,0.9493248380523706,0.945865393388279,0.9434932027614731,0.9424591709497887
242,0.9665827420462348,0.9721599145494774,0.9666590371557183,0.9664454108491646,0.9600976577401388,0.9678644998855573,0.9618371862363622,0.9620813305867094,0.9557946135652705,0.9728160524910352,0.9580682078278782,0.9542381933318074,0.9702143892576485,0.9724345769436179,0.9727931639581903,0.9729610131990539,0.9615930418860151,0.9594262607766842,0.9616083009079118,0.9606469825284198,0.9473563744563973,0.9619363698786907,0.9671015487907226,0.9605859464408331,0.9675822079804683,0.9724269474326696,0.9670862897688258,0.969939726863508,0.9657434958419165,0.9676508735790037,0.9670023651483939,0.9678492408636605,0.9671931029221026,0.964682993820096
243,0.9446810134310135,0.9537545787545787,0.9443605006105006,0.9445131257631258,0.9520451770451771,0.9470314407814407,0.9430326617826618,0.9138431013431013,0.908379120879121,0.9491376678876678,0.9159188034188035,0.9212148962148962,0.9478861416361416,0.9510302197802198,0.9476343101343101,0.9487484737484737,0.9231227106227106,0.925503663003663,0.9223595848595849,0.920467032967033,0.9158119658119658,0.9383165445665446,0.941529304029304,0.9506944444444444,0.9481532356532356,0.9512820512820513,0.949084249084249,0.9477716727716727,0.9395070207570207,0.9253739316239317,0.9330433455433454,0.9381257631257632,0.9493589743589744,0.9471611721611722
244,0.9421961789660014,0.941662088750534,0.9417765366538485,0.942455594213514,0.9354513825306721,0.9398767014588292,0.9416697186107551,0.9418909845571629,0.9445156564731734,0.940708356222914,0.9382744308124276,0.9486357809924922,0.9405786485991575,0.9406778367820302,0.9436153329671001,0.9453091619361533,0.9443630592687542,0.9474913019593482,0.9438900079350546,0.9288286638588781,0.9391137154367332,0.9337422938411767,0.9343526826588537,0.9352224867240432,0.9345510590245988,0.9473997436366968,0.9353903436489044,0.9309039858389795,0.9413797839223585,0.9432719892571568,0.9501922724775682,0.943630592687542,0.943249099676494,0.9397317341146311
245,0.954939899423525,0.9521955108549,0.9546945909481173,0.9545336072611309,0.9458481540537226,0.9510456273764258,0.9552465350177849,0.938258923095793,0.9234944192321844,0.9549858947626639,0.9352538942720471,0.9295504722188151,0.9527014595854287,0.9541579786581627,0.9554765117134796,0.9551238807800808,0.934104010793573,0.9318195756163375,0.9341346743529989,0.9402520544584815,0.9387188764871826,0.9465380841408071,0.9531460811971053,0.9513369311909727,0.9541733104378757,0.9504170244081933,0.9528087820434195,0.951559241996811,0.9531920765362444,0.9511146203851343,0.9499034097878082,0.9486692015209125,0.9545566049307003,0.9571630074819085
246,0.955225026094431,0.9555320194019772,0.9551022287714128,0.9540584515257566,0.9541965985141523,0.9565297476515011,0.9585175293178608,0.9525848836495364,0.94745809541352,0.957381654079941,0.9513569104193528,0.946260821514091,0.9622858721679868,0.9562611285073986,0.9607048566341254,0.9612113955915762,0.9478111377171977,0.9431601891078774,0.9479032357094616,0.9485172223245534,0.9439890710382514,0.9504436053294039,0.9609658009455393,0.9626158899735986,0.9509424694541659,0.9595075827346964,0.9534905139067967,0.9585175293178608,0.9572358322588567,0.958425431325597,0.9529379259532141,0.9537437833855221,0.9543654448333027,0.9519555473690673
247,0.9454747210652723,0.9292630650898368,0.9449502933754903,0.945429118657465,0.9385583558811905,0.9410284863040769,0.9470328033320159,0.9237375733438725,0.9159851640166602,0.9304107256863163,0.9127321922597513,0.922749521174718,0.9259568905238197,0.9305399325084365,0.9295594807405831,0.9288298422156691,0.9229775332137536,0.9188581157085095,0.9228103243851276,0.9292402638859332,0.9244368102635818,0.9298634967926306,0.9319460067491564,0.9369318700027361,0.9374030948834099,0.9441522512388654,0.9438634359894202,0.9440762472258535,0.9371142796339647,0.9357842094062566,0.9369318700027361,0.9343933359681391,0.9442890584622867,0.9426929741890372
248,0.9200702075702075,0.9249313186813186,0.9184447496947498,0.9194139194139194,0.9267246642246642,0.9193376068376068,0.9209249084249085,0.9021978021978022,0.9103479853479853,0.9256715506715507,0.904769536019536,0.9045711233211233,0.9251907814407814,0.9258775946275947,0.9281898656898656,0.930540293040293,0.9099206349206349,0.9064713064713065,0.9095848595848597,0.9115995115995115,0.9079059829059829,0.9168040293040293,0.9219780219780219,0.9205738705738705,0.9219398656898656,0.9267551892551892,0.924969474969475,0.9200778388278388,0.9219398656898657,0.9207722832722833,0.9150030525030525,0.9213827838827839,0.9297008547008547,0.9242063492063493
249,0.9487156102751176,0.949764401884785,0.9482596139230886,0.948609211126311,0.9432892536859705,0.9513299893600852,0.952219182246542,0.9347621219030248,0.9269341845265238,0.9518391852865177,0.9398388812889498,0.9328621371029031,0.952827177382581,0.9501139990880073,0.9548715610275117,0.9573187414500685,0.9326493388052897,0.9353701170390637,0.9324061407508739,0.9351269189846482,0.922328621371029,0.9442620459036327,0.9443152454780361,0.9413132694938439,0.9479176166590668,0.9338349293205653,0.9395196838425293,0.9475756193950448,0.9486928104575163,0.9437300501595988,0.9438060495516036,0.9495592035263718,0.950250797993616,0.9457364341085269
250,0.9376516550429592,0.9384452210539167,0.9371098936316327,0.936972545668198,0.921482747569704,0.9383918079570253,0.9377890030063942,0.9220474003082699,0.9261678392113174,0.9391243304286783,0.9215895737634868,0.9288537549407115,0.9380713293756772,0.9389869824652434,0.9404825491782014,0.940452027408549,0.9280144062752759,0.9238787064874021,0.9276939276939277,0.9205365727104858,0.9144322187800448,0.9373388069040244,0.9425809208417905,0.9402536359058099,0.9379645031818945,0.9368962412440675,0.9402536359058098,0.942687747035573,0.9355838051490225,0.9305019305019305,0.9370488500923284,0.9278465365421887,0.9368351977047629,0.9465716422238162
251,0.9436034001251395,0.9568498481541959,0.9445419445419447,0.9430234865017474,0.9370946327468066,0.9425198773024861,0.9433363346406826,0.939521113434157,0.9375753506188289,0.9557663253315427,0.9412913760739847,0.9392616783921133,0.9580173058433928,0.9567048697483479,0.9562165214339127,0.9568727394814351,0.9442977703847268,0.9443435530392053,0.9439467700337267,0.9507378637813421,0.949379645031819,0.9548125200299113,0.9505089505089506,0.9555755642712165,0.9557205426770645,0.9518976910281258,0.958017305843393,0.948944709814275,0.9492041448563188,0.9506081462603202,0.9497153844979932,0.9509438857264945,0.9502495154669067,0.9496085583042104
252,0.9362106323242188,0.9365234375,0.9361801147460938,0.9362564086914062,0.927825927734375,0.94122314453125,0.937652587890625,0.928802490234375,0.9217071533203125,0.9366683959960938,0.9295196533203125,0.9210662841796875,0.939971923828125,0.9368743896484375,0.9382476806640625,0.9383544921875,0.930389404296875,0.9287567138671875,0.9301910400390625,0.9273223876953125,0.9197235107421875,0.9271469116210938,0.9346771240234375,0.9395980834960938,0.9275665283203125,0.936859130859375,0.9293975830078125,0.9317550659179688,0.9361648559570312,0.9349899291992188,0.9281005859375,0.9380874633789062,0.9497528076171875,0.9383392333984375
253,0.9459403764253331,0.9300193860573033,0.9459251118132832,0.9457724656927844,0.9373235029231732,0.9442536367938208,0.9477568652592695,0.9452000427409137,0.9405290714536491,0.9388423318221368,0.9373311352291982,0.939597930118606,0.9346674604264933,0.9344919173879195,0.9448642212758163,0.9461311840759566,0.94040695455725,0.9357207186579353,0.9404527483933997,0.9308436751079973,0.9236464105264766,0.9494588695028315,0.940788569858497,0.9415670650730412,0.9379111904870938,0.9397200470150051,0.9372929736990735,0.9372471798629237,0.9375830013280213,0.9366136984628535,0.9352017218482392,0.9396895177909054,0.9413686251163926,0.949413075666682
254,0.9538393456631875,0.9531984374046267,0.9535494109747911,0.9535494109747911,0.9437526704510774,0.9529390221571141,0.9534273332112557,0.9481474699383509,0.9391137154367333,0.9558231093206372,0.941692608191418,0.938381248855521,0.9491012024659709,0.9549151559543428,0.9579442104620643,0.9592870658609536,0.9480711713361413,0.9439205273759387,0.9480253921748155,0.9525117499847404,0.9415705304278825,0.9560520051272662,0.9545107733626319,0.9515503875968992,0.9613623878410548,0.9550372337178783,0.9524888604040774,0.9476057498626624,0.9506424342306049,0.9562503814930111,0.9478575352499542,0.956059634987487,0.958600378441067,0.9590886894952085
255,0.9493206106870229,0.9524732824427481,0.9494885496183207,0.9496641221374046,0.9364274809160306,0.9512900763358778,0.9530458015267175,0.9431297709923665,0.9217251908396946,0.9554198473282443,0.9395419847328245,0.9415114503816794,0.9576183206106871,0.9524045801526717,0.9574351145038168,0.9583358778625954,0.9429923664122137,0.9413129770992367,0.9428396946564886,0.9397251908396947,0.9309007633587787,0.9512213740458015,0.9413206106870229,0.944320610687023,0.9468702290076336,0.9500458015267175,0.9485648854961832,0.9481679389312978,0.9506793893129771,0.9541068702290076,0.9576412213740458,0.9497709923664123,0.9530992366412213,0.9494351145038168
256,0.9393849206349206,0.9352716727716728,0.9386446886446886,0.9387286324786325,0.9317765567765569,0.9411935286935286,0.938301282051282,0.922420634920635,0.9157814407814407,0.9371031746031746,0.909981684981685,0.9187576312576313,0.9422542735042736,0.9373626373626374,0.9377594627594626,0.9383241758241758,0.9260836385836385,0.9233058608058609,0.9259615384615385,0.9291361416361417,0.9228327228327229,0.9328296703296703,0.9281746031746032,0.9369200244200244,0.9317460317460318,0.9390873015873016,0.9432234432234433,0.9352258852258851,0.9331349206349205,0.9372863247863248,0.9358669108669108,0.9332722832722833,0.943070818070818,0.942002442002442
257,0.923306863818912,0.9370055981501764,0.9230406474382378,0.9230330412559329,0.9166970913958865,0.9199145065108918,0.930068759888037,0.9258549348910794,0.9235882925641962,0.938869112814896,0.9281215772179627,0.9273001095290252,0.9366024704880127,0.9377814287452844,0.9418127053669222,0.9422995010344408,0.9374011196300354,0.9333242059145674,0.9368838992332968,0.9367469879518073,0.9269806498722162,0.9401393452598271,0.9379487647559936,0.9336588779359863,0.9391277230132651,0.9334002677376172,0.936488377753438,0.9403066812705368,0.9344118899841791,0.9323506145795303,0.9401773761713521,0.9220746622855056,0.9253985639527808,0.9324571011317999
258,0.9471174388085211,0.9484374046267473,0.9466825367759262,0.9473768540560336,0.9398156625770615,0.9471861075505097,0.950230421778673,0.9477964963681865,0.9332539827870353,0.9479796130134895,0.9493835072941463,0.9472776658731612,0.9521378868339132,0.9494903253372398,0.9498870780687297,0.9510315571018739,0.951809802844412,0.9459195507538302,0.9519471403283892,0.943661112128426,0.9462857840444363,0.9520844778123664,0.9549685649758896,0.9511383751449674,0.9519013611670635,0.9549456753952268,0.9561740828908015,0.9478270158090704,0.9518555820057377,0.9493682475737046,0.9496352926814382,0.9514893487151315,0.9565250564609656,0.9482085088201184
259,0.9670992366412213,0.9681145038167938,0.9670229007633587,0.9665801526717558,0.9590229007633588,0.9673969465648855,0.9680992366412213,0.9503664122137404,0.9422442748091604,0.9671908396946565,0.9442748091603054,0.9386717557251908,0.9667328244274808,0.9673816793893129,0.9677251908396947,0.9678931297709924,0.9428244274809161,0.9368549618320611,0.9425801526717558,0.9438931297709924,0.932824427480916,0.9548549618320611,0.9572977099236641,0.963679389312977,0.9648854961832061,0.9623435114503818,0.9652137404580152,0.9594503816793893,0.9614427480916031,0.9627175572519083,0.9682290076335879,0.9598091603053435,0.9675572519083968,0.9683282442748091
260,0.9475330779678606,0.9423596380118119,0.948334274421231,0.9486852747722313,0.9398873746699834,0.9461748592183375,0.9441070093244007,0.9388801562714607,0.9391548521983305,0.9399484182092877,0.9320280189845407,0.9346834129442825,0.9451065972805104,0.9417797243884201,0.9377203290246768,0.9364536755841104,0.9368199368199369,0.9345460649808476,0.9366825888565019,0.9340729775512385,0.9104033451859539,0.9398415920155051,0.9479985349550566,0.9436797045492699,0.9482350786698612,0.9481435133609047,0.9482274482274481,0.947304164695469,0.9493338623773406,0.9380865902605032,0.9352404352404353,0.944763227371923,0.9439009873792482,0.9489981229111664
261,0.95318603515625,0.9481048583984375,0.9510269165039062,0.9524002075195312,0.942047119140625,0.952880859375,0.9525604248046875,0.9197845458984375,0.923797607421875,0.948028564453125,0.91558837890625,0.9188690185546875,0.9449310302734375,0.94927978515625,0.947540283203125,0.9473724365234375,0.9292144775390625,0.9244842529296875,0.92913818359375,0.9328460693359375,0.919158935546875,0.9415130615234375,0.9317626953125,0.940460205078125,0.9409637451171875,0.942169189453125,0.93975830078125,0.944183349609375,0.9392547607421875,0.9523468017578125,0.9516448974609375,0.94873046875,0.9465179443359375,0.947296142578125
262,0.952675996154257,0.9474033604468387,0.9539044973827583,0.9536984754376059,0.9500511239641675,0.9507760159934072,0.9541715628672149,0.9438857264944223,0.9292505379461901,0.9501121675034718,0.9373693286736765,0.9351565003738916,0.9515085384650601,0.9488607749477314,0.9516535168709083,0.9525233873059961,0.9493186014925145,0.9386207212294169,0.9496085583042104,0.9405893753719841,0.9416957895218764,0.950890472629603,0.9470294687685992,0.9554534771926076,0.9504936896241244,0.9532406488928229,0.9539273887099975,0.951485647137821,0.9511651685564729,0.9514627558105819,0.9532177575655837,0.9557663253315427,0.9520045172219085,0.9550338028598898
263,0.9521584436605739,0.9560676164734986,0.9520820926290714,0.9520210118038694,0.9460656313466794,0.9516545268526577,0.9524027669613816,0.9407668697604105,0.9360483760135601,0.9533037091331104,0.935177974254432,0.9430268602928826,0.9516774321621085,0.9544795150182479,0.9528303327377953,0.9529830348008003,0.9435307771007987,0.9429352390550796,0.9435307771007987,0.9402476827461937,0.9344450043520087,0.951440743964451,0.9518301342251133,0.9521737138668743,0.9509291920533847,0.9546016766686519,0.9433628048314933,0.945294485928505,0.9458213080458718,0.9448592850489409,0.9561286972987005,0.9554797135309299,0.9525096584054852,0.9547772840411074
264,0.9525270097051822,0.9470335103460905,0.9518403222852958,0.9525956784471707,0.9538240859427455,0.9496963315632057,0.9472166269913935,0.9267686015992187,0.9360236220472442,0.9456448757858755,0.9318806079472624,0.924006592199231,0.9413263749008118,0.9468656534212294,0.9442257217847769,0.9427150094610267,0.9287981444179944,0.9252426295550266,0.9287218458157847,0.92534944759812,0.9260819141793323,0.942638710858817,0.9439357870963804,0.9498260391869621,0.9480101324543734,0.953740157480315,0.9419367637184887,0.9399377403405969,0.9402276750289935,0.9493072086919367,0.9467130562168101,0.9392052737593848,0.9518555820057377,0.9464536409692975
265,0.9575237511492493,0.9523444682807232,0.9574931045050565,0.9574164878945755,0.9487128409439166,0.9553861477168251,0.9557155991418941,0.938829298191848,0.9355960772295433,0.951716212074778,0.9413116763714373,0.9354121973643886,0.9534094391664114,0.9514250689549495,0.9533558075390746,0.953524364082133,0.9440698743487588,0.9419246092552865,0.9435335580753907,0.9532178976402084,0.9421238124425375,0.9481305547042598,0.9555776892430278,0.952589641434263,0.9572939013178056,0.9552942077842477,0.9576616610481152,0.952597303095311,0.9603279190928593,0.9548038614771683,0.9605960772295433,0.9533098375727858,0.9610787618755746,0.9604198590254368
266,0.9264169376135306,0.931408465753843,0.9239822319915739,0.9260887484544579,0.9253560470760636,0.9308207781899224,0.9310802765947704,0.9306986612935232,0.9256613393170613,0.9331867930576545,0.9229289737601318,0.9285768802185892,0.9371097983544749,0.9321335348262125,0.9364992138724795,0.9384072903787151,0.941460212788692,0.9338737005998993,0.9414144189525423,0.9423379279815604,0.9340034498023233,0.9377356474485201,0.9384454519088397,0.9350643403397904,0.9409106867548961,0.9361328631832821,0.946627283967578,0.9372013860267742,0.929935430691029,0.9387431118438125,0.9253865763001633,0.9359191586145839,0.9293706400451832,0.9338126421516998
267,0.9408075444057865,0.9524964902642985,0.939739363974852,0.9411356283952877,0.9364890435207227,0.9400979674052371,0.941295855459928,0.9325367759262649,0.920908868949521,0.9544802539217482,0.9335439174754319,0.9267533418787768,0.9549456753952268,0.9534120734908136,0.9565403161814076,0.9565250564609658,0.9325978148080327,0.9311939205273759,0.9321247634743332,0.9384575474577305,0.9417689067936276,0.9398156625770614,0.9441646829030091,0.9459348104742721,0.9559909662454982,0.9497802600256363,0.9587377159250443,0.9555942135140085,0.9545412928035157,0.9509781480803271,0.94869681987426,0.948887566379784,0.9472166269913935,0.9474150033571385
268,0.9433279926756696,0.9404974441138323,0.9433585107194629,0.9428702220187686,0.9400167849240865,0.9468528267338063,0.9460440985732814,0.9235370412756543,0.9123674372472724,0.9398718242160677,0.9132982375829709,0.9108720531013963,0.942923628595407,0.9400930800335698,0.941237506675822,0.9419089036392767,0.9194323643854428,0.9060807202258335,0.91967650873579,0.9289234760051881,0.9373922331578546,0.9271076523994812,0.9269092851148241,0.9399023422598611,0.9388265812161439,0.9475852597848478,0.9464713511863889,0.9311360341802091,0.935996032654307,0.9401998931868467,0.9176699473563744,0.9343709468223087,0.9463492790112155,0.9465476462958725
269,0.9527351796749828,0.9508278019378957,0.9523384451056687,0.9526359960326543,0.934004730296788,0.9529869535362784,0.9511558709086747,0.9323262378881513,0.9260700389105059,0.9511787594415199,0.9250629434653239,0.9275959411001755,0.9494316014343479,0.9504386968795301,0.9500572213321127,0.9485465781643396,0.9285877775234608,0.9248340581368735,0.9283131151293202,0.9257038223849852,0.9198748760204472,0.9360799572747387,0.9339589532310979,0.9355840390630961,0.9328908216983292,0.9531853208209354,0.9432822156099795,0.940840772106508,0.9371328297856107,0.936591134508278,0.9455863279163805,0.939833676661326,0.9493553063248645,0.9483710994125276
270,0.9254442401960784,0.9442631740196078,0.9251531862745098,0.9251685049019607,0.9208180147058823,0.9286994485294118,0.9287377450980392,0.935232843137255,0.9248927696078432,0.9432598039215687,0.9338082107843139,0.9297564338235293,0.9389705882352941,0.9419806985294118,0.9445925245098039,0.9463388480392156,0.9370863970588235,0.9333639705882353,0.9372549019607843,0.930392156862745,0.925842524509804,0.9417892156862746,0.9392999387254902,0.9433976715686274,0.9332107843137254,0.9400122549019608,0.9413832720588234,0.9410386029411765,0.9296492034313726,0.9319929534313726,0.9268841911764707,0.9245557598039216,0.934298406862745,0.9335094975490196
271,0.9540441176470588,0.9427083333333334,0.9539292279411764,0.9540824142156863,0.9443627450980392,0.9555453431372549,0.9540517769607842,0.9378523284313727,0.9282475490196078,0.942095588235294,0.9300704656862745,0.9290441176470587,0.9455116421568628,0.9422411151960783,0.9425398284313726,0.9444240196078432,0.9308210784313725,0.9294730392156862,0.9305606617647059,0.934298406862745,0.929748774509804,0.9352787990196079,0.9352175245098038,0.9423023897058823,0.945205269607843,0.9488664215686273,0.9484298406862745,0.9474034926470589,0.9412607230392157,0.9388863357843138,0.9332873774509803,0.944454656862745,0.9526501225490195,0.9471813725490195
272,0.9479070907642337,0.9486578415149844,0.9477691977691979,0.9475393761108046,0.9288931788931789,0.9483820555249126,0.9478151621008765,0.9335202549488264,0.9352209352209352,0.9505040755040756,0.9261506404363548,0.9300116442973585,0.9502972360115217,0.9504121468407183,0.9494392351535209,0.9489183060611632,0.9405681191395477,0.9338266838266838,0.9407366550223694,0.9378562235705092,0.9398633327204756,0.9453177667463382,0.9399246184960471,0.9563492063492063,0.942330085187228,0.9478228228228228,0.956571367285653,0.9507875222160936,0.9507338971624686,0.9480909480909481,0.950442789728504,0.9579426365140651,0.9457161242875529,0.9492553778268064
273,0.9264348249027238,0.925598857003891,0.9252872689688716,0.9257280520428016,0.9236229328793774,0.9274379863813229,0.9305158681906615,0.9249908803501945,0.9107186284046694,0.9256444552529184,0.908681906614786,0.9141688959143969,0.9275215831712063,0.9260168409533074,0.9263588278210116,0.9268300097276265,0.9089098978599223,0.9006566147859922,0.9086971060311285,0.8987414883268483,0.8949264348249029,0.931640625,0.9240333171206226,0.926921206225681,0.9319066147859923,0.9304322714007783,0.9308958535992218,0.9289883268482491,0.9304398711089493,0.9246640928988327,0.9297026994163424,0.9315722276264591,0.9266932149805449,0.9336545476653697
274,0.9473539644753708,0.9495513642190074,0.947315815174266,0.9474989318195691,0.9376945614356346,0.9467588353781358,0.9494063968748093,0.9445003967527315,0.9343069034975279,0.9534425929316973,0.9440273454190319,0.9389763779527559,0.952000549349936,0.9517563938228651,0.9548312274919123,0.9557468107184276,0.9473692241958127,0.949841298907404,0.9470029909052067,0.9411737776963927,0.9369315754135384,0.9598745650979674,0.9495742537996704,0.9507492522736983,0.9558765183421839,0.9571507049990844,0.9548693767930172,0.9598669352377465,0.9582646645913446,0.9561588231703595,0.9515503875968992,0.9501159738753586,0.9461179271195752,0.9465604590123909
275,0.9502289377289377,0.9534645909645909,0.9500686813186813,0.9513659951159951,0.9413614163614163,0.9435363247863248,0.9487789987789987,0.9256257631257631,0.9326923076923077,0.9530219780219781,0.9243131868131867,0.9323412698412699,0.949526862026862,0.9528922466422467,0.9536630036630037,0.9532356532356532,0.9368131868131868,0.9312118437118437,0.9366300366300366,0.9390567765567766,0.9330357142857142,0.9428418803418804,0.9328296703296703,0.9443070818070819,0.9440934065934066,0.9520451770451771,0.9427808302808304,0.9375763125763125,0.9529304029304029,0.9469169719169719,0.953052503052503,0.947191697191697,0.927930402930403,0.9308150183150183
276,0.9313005534269901,0.9361962537249893,0.930874840357599,0.9310724928541019,0.9317490725536703,0.9304415252691115,0.9298865778750837,0.9250288876725657,0.9227786900200693,0.936971659672809,0.9288298972207019,0.9219272638812869,0.9342729428936325,0.9362266618013743,0.9395031320318676,0.9395335401082526,0.9202548196801069,0.9180502341421882,0.920057167183604,0.9042297634251658,0.89573830809463,0.9353828376816883,0.9292176001946116,0.9362266618013745,0.9332998844493098,0.9284573982849845,0.9327069269598005,0.933413914735754,0.9314525938089157,0.928837499239798,0.9277276044517424,0.9273779115733138,0.9343337590464028,0.9349419205741045
277,0.9373931623931622,0.9523656898656898,0.9380265567765568,0.936111111111111,0.931013431013431,0.9400106837606838,0.9376678876678877,0.9242979242979243,0.9202228327228328,0.9506410256410257,0.9201159951159952,0.9217185592185592,0.9508775946275947,0.9509615384615384,0.9511599511599511,0.9519688644688644,0.9276862026862026,0.9249847374847374,0.9277167277167276,0.9341575091575092,0.9242979242979245,0.9262057387057386,0.9417887667887669,0.9347374847374846,0.9368742368742368,0.9422924297924298,0.934539072039072,0.9372481684981685,0.9470619658119659,0.9355616605616605,0.9424221611721613,0.9455433455433455,0.9362484737484738,0.936141636141636
278,0.9578315092121934,0.9638839278899727,0.9581291691471661,0.957884935354368,0.9556410373830349,0.959083207400284,0.9628383019645556,0.9521301766115614,0.9505579215704233,0.9655325059913602,0.9554273328143364,0.9430019386057303,0.9674634794156708,0.9637236494634488,0.9656698874998092,0.9652882721985621,0.9504205400619744,0.9477492329532445,0.9504968631222237,0.9464364763169545,0.952191235059761,0.9579459938025675,0.9508861107294958,0.9661278258613056,0.96421974935507,0.9646700554105418,0.9614950161041657,0.9565263848819282,0.9653722275648364,0.9572972477904473,0.9624032605211339,0.9710735601654683,0.9670589671963488,0.9677306101265437
279,0.9525231798145615,0.9630566955464356,0.9528423772609819,0.9532299741602067,0.9389268885848914,0.9565587475300197,0.9548335613315094,0.9498100015199878,0.9447484420124639,0.9647362821097432,0.9493236054111568,0.9530019759841922,0.9630490956072351,0.964455084359325,0.9643106855145158,0.9633226934184527,0.9509955920352637,0.9443228454172367,0.9507219942240462,0.9566803465572276,0.9288341693266453,0.9594771241830066,0.9558139534883721,0.9632086943304453,0.9609895120839033,0.9710062319501445,0.9650098799209605,0.9594163246694026,0.9589451284389724,0.9664082687338502,0.960875512995896,0.9624563003495973,0.9522875816993465,0.9562851497188023
280,0.9305460151730244,0.9316450672406161,0.9305765443971242,0.9304391628886753,0.9195860237212072,0.9281800003052924,0.9371555921906245,0.9305307505609746,0.9277067973317459,0.937895925875044,0.9317977133611148,0.9268977728931019,0.9363618323640305,0.9361481277953321,0.9395674008945063,0.939597930118606,0.9319808887057135,0.9327899131443573,0.9315992734044665,0.9290653478041856,0.9099540535177298,0.9339194944360488,0.9318893010334142,0.9365068461785043,0.9408954221428462,0.9428340278731816,0.9470088992688251,0.9419486803742884,0.9391247271450597,0.9390560363908352,0.9481613774785914,0.9440628291431974,0.9427577048129322,0.9355680725374365
281,0.9594186312657358,0.9485389486533914,0.9591973754482337,0.9590905622949569,0.9477683680476081,0.9596017395284963,0.9589990081635767,0.9436789501792935,0.9415274280918593,0.9488441290913252,0.9415274280918593,0.9382314793621729,0.949736781872282,0.9493934538796063,0.9472495613031204,0.9446250095368887,0.9470511940184633,0.9433737697413596,0.946868085755703,0.9479972533760587,0.9461203936827649,0.9542992294193943,0.9452353704127565,0.952254520485237,0.9510109102006561,0.9541542687113755,0.9510337987335012,0.9560540169375144,0.9541161211566338,0.9473334859235523,0.955260547798886,0.945242999923705,0.9610284580758373,0.9574959945067522
282,0.9486943701361867,0.9468704401750971,0.9485955739299611,0.9488235651750974,0.9387311527237355,0.947448017996109,0.9455860894941633,0.9435341682879377,0.940889469844358,0.9471136308365758,0.9419534289883268,0.9408438715953309,0.9482991853112841,0.9479040004863812,0.9483219844357977,0.9494467412451362,0.9418926313229572,0.9454644941634242,0.9418774319066148,0.9376823929961089,0.9335177529182879,0.9502219114785991,0.9436025656614787,0.9462016658560312,0.9484283803501946,0.9509362840466926,0.9529730058365757,0.9424626094357976,0.9436101653696498,0.9404790856031129,0.9442029426070039,0.932826179474708,0.9501611138132295,0.9463916585603114
283,0.961919367637185,0.9614539461637062,0.9598211560764206,0.9600424220228284,0.9647805652200452,0.9649102728438016,0.9638955014344137,0.9324604773240555,0.9273484709760117,0.9605307330769699,0.9363059268754197,0.9362296282732101,0.9642541048647989,0.9625526460355246,0.9554263565891472,0.9533815540499297,0.9396020264908747,0.9370231337361901,0.939540987609107,0.944576695354941,0.9394952084477813,0.9403497527925289,0.9432796191173778,0.9383812488555211,0.9378318989196118,0.958615638161509,0.9586537874626138,0.9544039553195385,0.9606146615394006,0.9660700115973875,0.9575016785692486,0.9591573582371972,0.9680461453946163,0.9554263565891473
284,0.9476627954888823,0.9470142078837731,0.9479680131854046,0.9476399041616433,0.9455491629404673,0.952080821646039,0.9432981824286173,0.9378271552184596,0.9293421032551468,0.9455949455949455,0.9409556366078105,0.9427106383628122,0.9490439055656447,0.9447174447174448,0.9485250354815572,0.9503563416606896,0.9394295481252004,0.9349581088711524,0.9390480260045478,0.9433210737558564,0.9455796847101196,0.9449845102019014,0.9458085979825109,0.9401773314816793,0.9493262319349275,0.945358401880141,0.9444809010026401,0.9471591862896209,0.9495169929952539,0.9557739557739557,0.9468158163810338,0.9450989668380974,0.950585254933081,0.9479298609733394
285,0.9576128923955012,0.9472660124834038,0.9569566743479787,0.9578570665527187,0.9571779571779572,0.9564454347063043,0.9547972591450853,0.9316464968638882,0.9283196239717979,0.9461443374486853,0.9275260579608406,0.9245349245349246,0.948486883269492,0.9471362949623819,0.945945945945946,0.9450455537412059,0.9334320203885421,0.9259236650540997,0.9335846292368032,0.9343781952477606,0.9301814519205823,0.9475101866406214,0.9448090100264013,0.9416957895218765,0.9456178369221847,0.9448624231232927,0.9469989469989468,0.9476551650464694,0.9451829017046409,0.9447632273719229,0.9557052817922383,0.9460375112549025,0.9533169533169532,0.9490515360080577
286,0.9414525804826671,0.9560379172963319,0.9411778174657692,0.9417807696417396,0.927691532719696,0.9404832776174993,0.9457800979988094,0.948756697348537,0.9374608844316222,0.9566485017783273,0.9496267802353803,0.9444062829143198,0.956427164903604,0.9571369693639237,0.956846941734976,0.9568774709590755,0.9478102914014441,0.9416128589091908,0.9477492329532445,0.933003617713056,0.9404222191692999,0.9480239959701424,0.9494893987269313,0.9542977515226451,0.9565645464120529,0.9561066080505565,0.948474302025614,0.9482758620689655,0.9531910671490283,0.9586863274869869,0.9481461128665415,0.951534856741616,0.9655782998275099,0.956556914106028
287,0.9488494170786792,0.9320484648721236,0.94830006714277,0.9484374046267472,0.9484679240676311,0.9482619178416651,0.9463926020875297,0.9164225111395959,0.9165598486235732,0.9336965146798512,0.9192150399804675,0.9253341878776781,0.9316440822804126,0.9344366111212843,0.932536775926265,0.9315906732588658,0.9245559421351401,0.9219007507782457,0.9246017212964658,0.9268754196423122,0.9126228407495576,0.9325215162058231,0.93273515229201,0.9475828602819997,0.9238768845754745,0.9429439052676555,0.9467969846792406,0.9293932735152293,0.9377327107367394,0.938564365500824,0.9458127327107367,0.9317280107428432,0.940319233351645,0.9388390404687786
288,0.943304022794816,0.9428904071815924,0.9432274273108857,0.9434265755691045,0.9442844449891235,0.953590796286651,0.9500444253806796,0.9383099972425626,0.9249517448451239,0.9442538067955513,0.9371457458868225,0.9308495971077545,0.9400716933729587,0.9443150831826956,0.944177211311621,0.9442231686019793,0.937850424338981,0.9333466098838813,0.9376359569839762,0.942737216213732,0.9368700021446735,0.9510171880265939,0.9469193296363245,0.9567312111277919,0.9460308220227335,0.9420938141487178,0.9578648242899599,0.9513618677042801,0.9559192989981311,0.9431967891173135,0.9501822972517541,0.955007812739361,0.9415423266644197,0.9442997640859095
289,0.9531479779411764,0.9620557598039214,0.9524509803921568,0.9529564950980393,0.9528339460784314,0.957858455882353,0.9563189338235293,0.9248774509803921,0.9287071078431374,0.9624770220588236,0.9276194852941176,0.9276807598039215,0.9613128063725491,0.96328125,0.9619332107843137,0.9617340686274509,0.9329810049019609,0.9305759803921568,0.9326286764705882,0.9309283088235294,0.9452665441176471,0.9528492647058823,0.9493259803921569,0.9619332107843137,0.9475643382352941,0.9517386642156862,0.9553691789215686,0.9576899509803921,0.9570848651960784,0.9590456495098039,0.9544806985294118,0.9621170343137255,0.9584252450980392,0.9566329656862745
290,0.936443264359397,0.9454007202588048,0.9362067386925472,0.9365424525422694,0.9208936092290789,0.9377632301776231,0.9394112799853507,0.9485900018311665,0.9380302752853568,0.946171336141122,0.9443630592687542,0.9362296282732101,0.9450344869681988,0.9433253982787037,0.9488799365195629,0.9494292864554722,0.9475981200024416,0.9388085210278948,0.9480253921748154,0.9487120795947018,0.9363822254776293,0.9488188976377953,0.9432185802356102,0.9473463346151499,0.9402887139107612,0.9336965146798512,0.9567692119880363,0.9419443935787096,0.9453396813770373,0.9365500824024905,0.9419138741378258,0.9362906671549778,0.9463468229262041,0.9460416285173656
291,0.9624048102308972,0.9561402170097824,0.9621530056312665,0.96223694049781,0.9536069101286493,0.9605506127245257,0.9607032215727869,0.9308376699681048,0.9278007538877104,0.9560181299311734,0.9262899262899263,0.9212690951821386,0.9564225433790652,0.9545378241030416,0.9529354311963008,0.9513025165199079,0.9290674073282769,0.9246112289590551,0.9292505379461902,0.9329436720741068,0.9275718406153188,0.9357516748821096,0.9430005951745082,0.9567811741724785,0.9427869427869429,0.9452744670135974,0.9464495551452073,0.9366062844323715,0.9539579104796496,0.9515466906771255,0.9589711111450242,0.9543012803882368,0.9518519083736476,0.9472125993865124
292,0.9539677713590757,0.9446032228640926,0.953982973548191,0.9537473396169049,0.9454545454545453,0.956141684402554,0.9531924597141987,0.9369261173608999,0.931042870173305,0.947248403770143,0.9458802067497719,0.9426269382791121,0.9472179993919125,0.9456217695348129,0.9487686226816663,0.9497871693523867,0.9447400425661295,0.944314381270903,0.9447248403770143,0.9448540589844938,0.940034965034965,0.9515050167224081,0.9507221039829736,0.9540741866828824,0.9492702949224688,0.9509577379142596,0.9528732137427789,0.9542642140468227,0.9468759501368197,0.9497415627850411,0.947879294618425,0.9495135299483126,0.9538309516570386,0.9574034660991183
293,0.9492644805393811,0.9439702727551333,0.9501149249157217,0.9503677597303095,0.939426907753601,0.9487588109102053,0.9511415874961692,0.9481458780263562,0.9432424149555624,0.9474333435488814,0.9461538461538461,0.9442384308918174,0.9508121360711002,0.9437863928899786,0.9517621820410666,0.9547808764940239,0.952068648482991,0.9562978853815507,0.9514250689549495,0.9496322402696905,0.9450735519460619,0.951133925835121,0.9526202880784554,0.9488201041985903,0.9517391970579222,0.9531719276739198,0.9502834814587803,0.9484600061293288,0.9480539380937788,0.9530646644192461,0.9453110634385535,0.9499233833895189,0.950275819797732,0.9427673919705791
294,0.9500587902942569,0.9542733672331913,0.9499366286438529,0.9501504115320597,0.9557927527600898,0.9481805549192969,0.9487837280681662,0.9300777253500695,0.9287797578145282,0.9508223006092812,0.9283674622444148,0.914135629972361,0.9470734649625115,0.9530288454197015,0.9488753493059692,0.9485241345610581,0.9238780215920718,0.9237100493227663,0.9236336982912638,0.9288713790523309,0.9323606211919923,0.9477835295554843,0.9504710858643701,0.9513109472108968,0.9456075251576648,0.9479438667216395,0.9495472383831906,0.947210896819216,0.9492571044634812,0.9442790172095226,0.9403851146028982,0.9505627071021729,0.9531204666575045,0.953983233313482
295,0.963452969541598,0.9638039431117622,0.9632698528962951,0.963445339681377,0.9533205151681621,0.9643685527681133,0.9672755295122993,0.9443783189891962,0.9359091741439297,0.9672678996520783,0.946941952023439,0.9414026735030213,0.9672831593725202,0.9660394921565036,0.9682140023194775,0.9685649758896415,0.9463773423670877,0.9354056033693463,0.9469877311847646,0.9482542879814442,0.9353140450466947,0.9543810657388756,0.9521302569736921,0.9568760300311299,0.9591878776780809,0.9570820362570958,0.9608588170664714,0.9615760239272416,0.9522523347372276,0.9569675883537815,0.9571964841604101,0.9498489287676248,0.9605231032167492,0.9621406335835928
296,0.9616062743190662,0.9715770914396888,0.9616062743190662,0.9621230544747081,0.914320890077821,0.9636125972762646,0.963035019455253,0.9521978356031128,0.9504651021400777,0.9697911600194552,0.9582776021400778,0.9507842898832685,0.9710831104085602,0.9722002675097277,0.9667284776264591,0.9640989785992218,0.9573048394941635,0.9484587791828794,0.9573048394941633,0.9604359192607003,0.9559976896887159,0.9612718871595332,0.9641977748054473,0.9717898832684825,0.9649197470817121,0.9656721181906613,0.9703611381322956,0.9734770184824902,0.9704599343385213,0.9693731760700389,0.9667512767509727,0.9680128283073931,0.96875,0.9676252431906616
297,0.9482269287109375,0.9467926025390625,0.948211669921875,0.9477691650390625,0.940460205078125,0.9513168334960938,0.9466018676757812,0.9334869384765625,0.926605224609375,0.9453125,0.9255218505859375,0.9215240478515625,0.9485626220703125,0.9466018676757812,0.9446563720703125,0.944305419921875,0.9310150146484375,0.924774169921875,0.9309844970703125,0.9293060302734375,0.9263458251953125,0.933807373046875,0.9399261474609375,0.9485092163085938,0.9477386474609375,0.9459915161132812,0.9516143798828125,0.9518890380859375,0.949981689453125,0.9494171142578125,0.9416351318359375,0.9402313232421875,0.9522247314453125,0.9543914794921875
298,0.9396644192460926,0.9415874961691695,0.9389212381244254,0.9405072019613852,0.9320104198590256,0.938829298191848,0.9403846153846155,0.9353049341097149,0.9314741035856574,0.9441158443150475,0.9413729696598222,0.938492185105731,0.9482531412810297,0.9413193380324855,0.9474103585657371,0.9484983144345694,0.9448207171314742,0.9340484216978241,0.9447747471651854,0.9507814894269079,0.9291756052712229,0.9509040760036777,0.941618142813362,0.9457247931351518,0.9459546429665953,0.9445295740116456,0.9465982224946369,0.9461998161201349,0.9375881091020535,0.9452880784554091,0.9406757585044437,0.9391817346000613,0.9434569414649095,0.9425835121054245
299,0.951600294306999,0.9389466261994543,0.9513933596983353,0.9510484686838958,0.9461970017474477,0.9533170851344308,0.9515389803488764,0.9331064716882799,0.927756828842086,0.9385864066954842,0.9290597504521904,0.9251663141114076,0.9430853183727276,0.9387166988564948,0.9388086697936784,0.9375057481835741,0.9341028235077716,0.9310677825807046,0.9340415095496489,0.9336582973113831,0.9260706949937153,0.9410389650203869,0.9383641435972898,0.9394448021092001,0.9432845887366258,0.9386937061221987,0.949569269444189,0.9494696342622398,0.9421349520218278,0.943169625065146,0.9410389650203868,0.9290520862074252,0.9563597903062633,0.9491247432478004
300,0.946563720703125,0.9423370361328125,0.9466705322265625,0.94598388671875,0.9334869384765625,0.9528274536132812,0.9510879516601562,0.9393157958984375,0.940673828125,0.9438552856445312,0.937774658203125,0.940277099609375,0.951873779296875,0.9420013427734375,0.9511566162109375,0.9530487060546875,0.949615478515625,0.9451904296875,0.949493408203125,0.9439239501953125,0.9429779052734375,0.9488983154296875,0.952423095703125,0.952911376953125,0.955108642578125,0.9509658813476562,0.9431076049804688,0.951141357421875,0.9449005126953125,0.9487457275390625,0.9464492797851562,0.9431533813476562,0.954010009765625,0.9514694213867188
301,0.9346160888671875,0.9311904907226562,0.9339752197265625,0.9344635009765625,0.9279632568359375,0.9368133544921875,0.9322052001953125,0.920501708984375,0.9071197509765625,0.9279251098632812,0.9023590087890625,0.908905029296875,0.93121337890625,0.9299240112304688,0.92608642578125,0.9255828857421875,0.90692138671875,0.8986968994140625,0.9073333740234375,0.90936279296875,0.9105682373046875,0.920745849609375,0.915252685546875,0.9294662475585938,0.9253005981445312,0.929443359375,0.9269561767578125,0.9301300048828125,0.9239501953125,0.9286270141601562,0.9352874755859375,0.926910400390625,0.9349212646484375,0.9363479614257812
302,0.9639887083237964,0.9617532616159304,0.9641031509880217,0.9642710002288853,0.9538567177843902,0.9618448157473106,0.9617151140611887,0.9344167238879988,0.9344014648661021,0.9617914091706722,0.9343862058442054,0.9386739909971772,0.9612039368276494,0.9623331044480049,0.9637903410391394,0.9637140459296559,0.9398489356832227,0.9386739909971771,0.9397878995956359,0.9413138017853055,0.9318989852750439,0.9543450064850844,0.9494163424124513,0.9495994506752117,0.9580758373388266,0.9600976577401389,0.9622873273823148,0.9622339208056764,0.9569390402075227,0.9542076752880141,0.9597848477912565,0.9571526665140764,0.9616388189517052,0.9669031815060656
303,0.9478713498496436,0.9484514051075392,0.9487338004304621,0.947276029979698,0.9381019981377173,0.9474439407122468,0.9501152478209767,0.9490314603654348,0.9491688418738837,0.9544885591732688,0.9443604890781702,0.9441620491215216,0.9481155836424418,0.9513898429271421,0.9551678344094885,0.9549236006166903,0.9489093434690358,0.9439941383889728,0.9486345804521379,0.9460472287096824,0.9416739173573904,0.9473370884278975,0.951779090534414,0.950313687777625,0.9565111202698783,0.9510005953198699,0.9509090076475706,0.9501610416571262,0.9516646059440399,0.9500694539848269,0.9536795347346249,0.9529315687441804,0.9460090671795577,0.9490467249774848
304,0.9643532930476715,0.9516266861991088,0.9633919306598304,0.9641472868217054,0.9544802539217482,0.9640328389183911,0.9626823536592811,0.9479796130134895,0.9353445644875786,0.9526185680278338,0.9504059085637551,0.9424861136543978,0.9524354513825307,0.9532823658670573,0.9530763596410914,0.9532289568455106,0.9492156503692851,0.9491546114875176,0.9493529878532626,0.9555789537935664,0.9505356161875115,0.9523438930598792,0.9488494170786791,0.9578526521394127,0.9566013550631752,0.9595159616675822,0.9562503814930111,0.9582494048709027,0.9590123908929988,0.9597601171946532,0.9556781419764391,0.9578831715802967,0.9573185619239456,0.9631782945736435
305,0.941660176828989,0.9429505092613801,0.942072472399102,0.9420572021928018,0.9427367263731733,0.9481958251255974,0.9385985004657414,0.9247789637638004,0.9255119336662239,0.9424924030723655,0.9260769312993419,0.9208239803319742,0.9483561622917525,0.9420037564707499,0.9441110449402171,0.9452868508253546,0.9338341960999893,0.9343686533205063,0.9337883854810879,0.9428588880235771,0.9337120344495854,0.9334677111487777,0.9389344450043521,0.9437674652984562,0.9373845190648527,0.9406599783163071,0.9394230916059675,0.9394078213996672,0.9439278024646113,0.9319559607250294,0.9412936918777773,0.9433322644188924,0.9356513506497474,0.9363843205521707
306,0.9587342935948513,0.9606114005516396,0.9595464296659516,0.9590560833588723,0.9476402083971804,0.9604045357033404,0.9605884155684952,0.946598222494637,0.9317958933496783,0.9614848299111248,0.9351210542445602,0.9356573705179283,0.9607722954336501,0.960833588722035,0.9602972724486669,0.9598069261415875,0.941158443150475,0.9403616304014709,0.9407753600980693,0.9453417100827459,0.9358106037388906,0.9511798958014097,0.9537542139135766,0.952129941771376,0.961431198283788,0.9621284094391663,0.9585044437634078,0.9622739809990807,0.9624961691694759,0.9472188170395343,0.9582209623046276,0.9530646644192461,0.9636224333435489,0.9579757891510877
307,0.9627146982824137,0.9551527587779297,0.9618863049095608,0.962372701018392,0.9613467092263261,0.9632998936008512,0.9635962912296703,0.9399300805593556,0.9222678218574252,0.9610123119015046,0.9379236966104272,0.9280133758929929,0.9595455236358109,0.9586107311141511,0.9656634746922024,0.9666058671530627,0.9362061103511172,0.9321781425748594,0.9362213102295182,0.9510867913056695,0.9467852257181943,0.9552667578659372,0.9541039671682627,0.9606931144550843,0.9577443380452956,0.9563535491716068,0.9609819121447029,0.9577063383492932,0.9644626842985257,0.9654278765769874,0.9625170998632011,0.9534275725794193,0.9558139534883723,0.9600091199270405
308,0.9432669565880827,0.9316090638590067,0.944411383230335,0.9436865796902418,0.9418173495078965,0.9416113527122911,0.9445639734493019,0.9286030365453574,0.9219195849546046,0.9357442587930114,0.9174334325169756,0.9202716105897613,0.9337453269245442,0.9343404287785152,0.9384603646906232,0.9384756237125201,0.9269245441367209,0.9204089417868314,0.9269550621805144,0.9252918287937743,0.9194094758525979,0.9286335545891509,0.9239490348668651,0.942137788967727,0.9228809033340963,0.9347295338368811,0.9322346837567712,0.9381704432745861,0.9490577553978791,0.9452887769893951,0.9450370031280995,0.9190508888380254,0.9367208361943998,0.9369268329900053
309,0.9355306324864576,0.9301136797131304,0.9355001144426642,0.9351186388952467,0.8995498588540475,0.9337758449683377,0.9374837872892348,0.9132982375829709,0.9032272831311513,0.930586709391928,0.918165865568017,0.917372396429389,0.9298771648737316,0.9304951552605477,0.931242847333486,0.9321889066910811,0.9176775768673228,0.9146257724879835,0.9178149080643931,0.9118181124589915,0.8966048676279851,0.9268024719615473,0.9234607461661707,0.9292591744869154,0.9234760051880675,0.9348668650339513,0.9329671168078126,0.9424429694056611,0.9342946517128251,0.9340581368734264,0.9383611810482948,0.9398718242160677,0.9323262378881513,0.9310139620050355
310,0.945965329915156,0.9535188915339071,0.9460187389367025,0.9456372459256546,0.9361838491118843,0.9523438930598791,0.9470640297869742,0.9357413172190686,0.9279588597936885,0.9538469755234085,0.9359091741439296,0.9244186046511628,0.9548083379112493,0.9540377220289324,0.9534120734908137,0.9516724653604345,0.9381218336080084,0.9327351522920101,0.938198132210218,0.9462552646035526,0.9359091741439296,0.9417536470731855,0.9405328694378319,0.9410211804919734,0.940319233351645,0.9550296038576572,0.9453244216565952,0.9533052554477202,0.9453396813770373,0.9489562351217724,0.9482924372825489,0.9452481230543857,0.9472471464322773,0.9507721418543613
311,0.9570451436388507,0.9516871865025079,0.9571211430308557,0.9572275421796625,0.9419364645082839,0.9566955464356285,0.9612251101991185,0.9453412372701018,0.9441860465116281,0.9527739778081775,0.9445204438364493,0.9410852713178295,0.953640370877033,0.9516719866241071,0.952469980240158,0.9506611947104422,0.9495212038303693,0.9468308253533972,0.9492020063839489,0.9442924456604346,0.9414880680954553,0.9505851953184375,0.9444824441404469,0.9577671378628971,0.9563383492932057,0.9557835537315702,0.9541495668034656,0.9550615595075239,0.9595607235142118,0.9585651314789481,0.9598571211430308,0.9563307493540053,0.9607539139686883,0.9602827177382582
312,0.9587956109695239,0.9599096555618295,0.9588871762784805,0.9588413936240024,0.951012559708212,0.9666244448853144,0.9605811344941779,0.9475025561982084,0.950600515817907,0.9596807422894379,0.942832725441421,0.9460375112549024,0.9650830955178782,0.9596044378653074,0.9575747401834359,0.955804477543608,0.9498069498069499,0.9416271155401591,0.9500206021945152,0.9494254276862973,0.943702595876509,0.9604132647610908,0.9583377844247409,0.9583301539823279,0.9582614800006104,0.9561707387794344,0.9622979840371144,0.9575747401834358,0.9532711706624751,0.960428525645917,0.9626413539457019,0.9677079677079679,0.9665481404611839,0.9616341355471791
313,0.9488136110475318,0.9475776302738995,0.9487602044708933,0.9487144274052033,0.9389028763256275,0.9480277714198521,0.9495231555657283,0.9413290608072022,0.9424887464713512,0.9468986037994964,0.9221179522392613,0.9347981994354162,0.9471046005951018,0.9473945220111389,0.947524223697261,0.9477073319600213,0.9363241016250858,0.9277332722972458,0.936415655756466,0.9381094071869993,0.9401693751430533,0.9360952162966353,0.9448844129091325,0.9475700007629511,0.9478599221789883,0.9473411154345006,0.9428397039749752,0.947547112230106,0.9421225299458305,0.9475547417410543,0.9479209582665751,0.932997634851606,0.9543297474631877,0.9481956206607156
314,0.9503354882196146,0.937015533564141,0.950503998284261,0.950733784736052,0.9389074420172187,0.9516529305432152,0.9488188976377953,0.9454180581512913,0.9305585342688196,0.9399644596954563,0.9390299947915071,0.9323278899476088,0.945594227764331,0.9357057507889335,0.9453567817641472,0.9469652869266827,0.9457244400870125,0.9449125279573516,0.9455559300223657,0.9442001899568001,0.9340895860780047,0.9506265510585497,0.947302307055976,0.9513925058978523,0.9466818836361408,0.9560112135788474,0.9464520971843501,0.9504810196390822,0.9476163485400901,0.9500367658322865,0.9507414442844451,0.9466512454425687,0.9528631391893134,0.95444866570667
315,0.9713817044327459,0.9628137636377508,0.9714656290531777,0.9711146715495537,0.965842679484245,0.9710154879072251,0.9706111238269626,0.9480888075074388,0.9396353093766691,0.9619821469443808,0.9404135194934005,0.9431143663691157,0.9617303730830854,0.9643701838712138,0.9585870145723658,0.9566033417257954,0.9467612726024262,0.9368886854352636,0.9469138628213931,0.944258793011368,0.9410925459678035,0.954909590295262,0.9540703440909437,0.9641870756084535,0.9676508735790036,0.9681467917906461,0.9510719462882429,0.9688792248416876,0.9680857557030594,0.9662623025864042,0.9612115663385976,0.969611657892729,0.9621271076523995,0.9648737315938049
316,0.9585725190839693,0.9481984732824428,0.9584198473282443,0.9588854961832061,0.948732824427481,0.9613893129770994,0.9578167938931298,0.9354045801526718,0.9393129770992367,0.9503664122137403,0.9290839694656489,0.931465648854962,0.951206106870229,0.9509847328244274,0.9507633587786259,0.9513587786259542,0.9412671755725192,0.9401221374045802,0.9409618320610688,0.9353893129770993,0.929648854961832,0.9497251908396945,0.9429312977099237,0.9465190839694657,0.9538778625954198,0.9507175572519084,0.9574503816793893,0.9437404580152671,0.9430916030534351,0.938587786259542,0.945145038167939,0.9415190839694656,0.9552519083969466,0.9517251908396946
317,0.9143014099981689,0.9125694317280106,0.9146600134285541,0.9136757614600501,0.9139351767075627,0.9224729902948178,0.9194286760666546,0.9166514069462248,0.9011780504181165,0.9162012451931881,0.9098455716291277,0.9147897210523104,0.9294543123969969,0.9144082280412622,0.9234114631019961,0.9294695721174389,0.9152017335042422,0.9167429652688762,0.9146676432887749,0.9105475187694562,0.9060153817982055,0.9243270463285113,0.9205884148202406,0.9217176341329429,0.918726728926326,0.9205578953793567,0.923411463101996,0.9203442592931697,0.9198406885185862,0.9121650491362998,0.9198406885185864,0.9102423243606178,0.9342153451748763,0.9243728254898369
318,0.956817626953125,0.9584197998046875,0.9568710327148438,0.9568405151367188,0.9483642578125,0.9593658447265625,0.9540634155273438,0.943115234375,0.9410400390625,0.9595565795898438,0.94970703125,0.9387054443359375,0.9584197998046875,0.9591064453125,0.9609832763671875,0.9617462158203125,0.9422760009765625,0.9394073486328125,0.9420166015625,0.9513702392578125,0.9337310791015625,0.9494476318359375,0.95263671875,0.955474853515625,0.956298828125,0.9607467651367188,0.9596176147460938,0.9538192749023438,0.9556732177734375,0.952056884765625,0.9534530639648438,0.9586181640625,0.9600677490234375,0.953643798828125
319,0.9524910353246356,0.9518730449378194,0.9524910353246356,0.9522545204852368,0.9430380712596322,0.9555275806820783,0.9548485542076753,0.947631036850538,0.9449759670405127,0.955413138017853,0.9512626840619516,0.9495384145876249,0.9576485847257191,0.9525902189669643,0.9582207980468452,0.9591821164263371,0.9544213015945677,0.9531700617990386,0.9543755245288778,0.9548638132295719,0.9423361562523842,0.9532921339742121,0.9551537346456093,0.9528725108720532,0.9571526665140765,0.9605325398641946,0.9514763103685053,0.9582894636453804,0.9531166552224002,0.9595635919737545,0.9525368123903257,0.9521934843976501,0.96415655756466,0.9640039673456932
320,0.9493474540008559,0.9466272388287792,0.9497829940705421,0.9493933003239807,0.9482089369765878,0.9520141817959533,0.9470322146830492,0.9258512133993521,0.924353566843939,0.9467877009597163,0.9149092242802128,0.9229781771501926,0.9455956965584693,0.9472155999755486,0.9468488293905495,0.9483464759459624,0.9308331805122564,0.9305428204657986,0.9305428204657986,0.9303899993887157,0.9314139006051715,0.9272724494162236,0.9331560608839171,0.9397884956293173,0.938428388043279,0.9494467877009597,0.9443043584571185,0.9449309248731584,0.9420655296778532,0.9459777492511767,0.9351503759398497,0.9413396295617092,0.9536799315361575,0.9496913014242924
321,0.935318809939639,0.9328139841284433,0.934874528908907,0.9360694916812207,0.9207341361031958,0.9395624597849067,0.9331050648037503,0.9252382265526856,0.9216073781291173,0.9350736893709592,0.9282715935900971,0.9217605784845421,0.9380917363728284,0.9348515488555935,0.9340932070962404,0.9313968808407636,0.9311824003431689,0.9219444189110518,0.9311517602720839,0.9253301467659405,0.9320403223335478,0.9242577442779667,0.9286086343720318,0.9379078959463186,0.9343153476116065,0.9326914238441033,0.9331740049636915,0.937984496124031,0.9248399056285812,0.9361384318411619,0.9273217513864632,0.9360082115390508,0.9326990838618746,0.9373410546312468
322,0.95006105006105,0.9486645299145299,0.9492063492063492,0.9506486568986569,0.9386294261294261,0.9548153235653236,0.950030525030525,0.9380189255189255,0.9337759462759463,0.9521978021978023,0.9368742368742369,0.9385225885225885,0.9576923076923077,0.9502289377289377,0.9511446886446886,0.9497557997557998,0.9455891330891331,0.9367063492063492,0.9458638583638583,0.9504578754578754,0.9408119658119658,0.9460775335775335,0.9473366910866912,0.9555860805860806,0.9542735042735042,0.959447496947497,0.9602182539682539,0.9508699633699633,0.9535866910866911,0.9606303418803418,0.9529075091575091,0.9556700244200244,0.9498931623931623,0.9502213064713065
323,0.9517874513618678,0.9580952091439688,0.9512402723735409,0.9518862475680935,0.9479571984435796,0.9503055082684826,0.9547513375486382,0.9516202577821011,0.9491427529182879,0.9600787329766538,0.9514378647859922,0.9525322227626459,0.9635973978599222,0.9585587913424125,0.9614998784046693,0.9619558608949417,0.9560432879377433,0.9542497568093384,0.9561800826848249,0.954416950389105,0.9522282344357977,0.9528818093385214,0.9593111624513619,0.9582168044747081,0.9584979936770428,0.958323200389105,0.9610362962062258,0.9609299002918288,0.9600255350194553,0.9612566877431907,0.9593339615758754,0.9630198200389105,0.952790612840467,0.9552833171206224
324,0.9304461942257217,0.9317814197643899,0.9307208691936764,0.9302707074406397,0.917383873527437,0.9299273637306966,0.9287447353964475,0.9175822498931819,0.9095251174998475,0.9328724897759872,0.920893609229079,0.9170786791185985,0.931964536409693,0.9311481413660502,0.9351614478422755,0.9362754074345357,0.9226026979185741,0.9227095159616676,0.9223127632301776,0.9085408655313435,0.8857962522126597,0.9261048037599952,0.9303698956235121,0.9296603186229627,0.93122443996826,0.9250824024903864,0.9283250930842946,0.9306903497527924,0.9247543185008851,0.9304385643655008,0.9349935909174144,0.9425166330952817,0.9321247634743332,0.9348104742721114
325,0.9555511474609375,0.9438858032226562,0.9555740356445312,0.9557037353515625,0.9575042724609375,0.9525833129882812,0.9543075561523438,0.93499755859375,0.922821044921875,0.9436416625976562,0.9354705810546875,0.9297332763671875,0.9466552734375,0.9413604736328125,0.951019287109375,0.9561004638671875,0.934906005859375,0.934539794921875,0.934417724609375,0.9434661865234375,0.95025634765625,0.9417724609375,0.94244384765625,0.953155517578125,0.9485855102539062,0.9415435791015625,0.941436767578125,0.9425811767578125,0.9488372802734375,0.9466552734375,0.95501708984375,0.9424209594726562,0.9591827392578125,0.9538345336914062
326,0.9473868925001907,0.9333791103990234,0.9470740825513084,0.9474631876096742,0.9366445410849165,0.9488899061570154,0.9475547417410544,0.9130083161669337,0.9107652399481194,0.935187304493782,0.9198443579766536,0.921934843976501,0.9306935225452049,0.9355077439536126,0.9353780422674907,0.93334859235523,0.9158312352178226,0.9045395590142672,0.915861753261616,0.9083848325322347,0.8998092622262913,0.9292133974212253,0.9325093461509117,0.927321278706035,0.9358968490119782,0.9344930189974824,0.9341878385595483,0.9498130769817654,0.9313038834210726,0.9382314793621729,0.9457541771572441,0.9460288395513847,0.9409933623254749,0.9418478675516899
327,0.9453048706054688,0.9487762451171875,0.9454421997070312,0.9451828002929688,0.94940185546875,0.9588851928710938,0.949859619140625,0.9429473876953125,0.9388885498046875,0.9465255737304688,0.9429473876953125,0.9442291259765625,0.95416259765625,0.9461212158203125,0.9535675048828125,0.9561614990234375,0.9471588134765625,0.947021484375,0.9470062255859375,0.95111083984375,0.9502410888671875,0.9488067626953125,0.9442596435546875,0.9579010009765625,0.95074462890625,0.9456100463867188,0.9564590454101562,0.952423095703125,0.956085205078125,0.948089599609375,0.944854736328125,0.9491424560546875,0.9590911865234375,0.9535980224609375
328,0.9332213132204008,0.9333125513214318,0.933016027493081,0.9328335512910191,0.9238161856391229,0.9342401386819137,0.9336394878501262,0.9242419634439342,0.9238161856391229,0.9349852498403333,0.9148292326875703,0.9150269152398042,0.9331832973449713,0.9343009640826009,0.9352969800188559,0.9354642498707461,0.9283324716401569,0.9274505033301907,0.9281499954380951,0.933396186247377,0.933928408503391,0.9288494875459993,0.931495392475898,0.9215960585140356,0.9360420911772758,0.927785043033971,0.9337763450016727,0.9366199324838053,0.9253368206563062,0.9267434080472006,0.9326586782640431,0.9233295824336243,0.9359660594264164,0.9349928530154193
329,0.9464896214896216,0.945528083028083,0.9465811965811965,0.9464590964590964,0.9453296703296704,0.9467032967032966,0.9512591575091576,0.9397283272283273,0.9366758241758242,0.9479929792429792,0.9287240537240536,0.9373931623931624,0.9486187423687423,0.9471459096459097,0.95006105006105,0.9498321123321123,0.9403540903540903,0.933470695970696,0.9400946275946276,0.9303113553113553,0.9296855921855922,0.9417506105006105,0.9423687423687425,0.943780525030525,0.9408501221001221,0.9434447496947498,0.9524954212454213,0.9477716727716727,0.9420558608058608,0.9449862637362637,0.9485347985347986,0.9408577533577533,0.9448717948717948,0.9445665445665445
330,0.9563584741493794,0.9534581978599015,0.9566561340843522,0.9576712307856696,0.9504205400619743,0.954175634626246,0.9542595899925204,0.9344842850818946,0.9325533116575843,0.9528781426020058,0.935888629390484,0.9364152585062051,0.9529010395200805,0.9537634901008991,0.9524812626887087,0.952191235059761,0.9388804933522615,0.9359344232266338,0.9388499641281616,0.9401932499885515,0.9451924104348888,0.9515195921295659,0.9440551968371724,0.941185449771794,0.9573354093205722,0.9438643891865489,0.935102501869915,0.9337363190914503,0.9527254964815068,0.9551220405733388,0.9432843339286532,0.9410022744271955,0.9342553159011463,0.9376745890003205
331,0.9550545510032806,0.9523765926604105,0.9549782558937973,0.9552758068207828,0.9457084000915541,0.9574731059739071,0.9575341420614938,0.9418326085297932,0.9415121690699626,0.9548561837186236,0.9279011215381094,0.9401998931868467,0.9473945220111392,0.9552224002441443,0.9565117875944151,0.9568627450980393,0.9444724193179218,0.9378652628366523,0.9448081177996491,0.9454337376974136,0.9432822156099794,0.94531166552224,0.9525597009231709,0.9477988860914016,0.9531853208209353,0.9503395132372014,0.9514381628137636,0.9471580071717403,0.9515068284122987,0.9422293430991073,0.9497825589379721,0.9435873960479133,0.9524376287479972,0.9559929808499275
332,0.9544192150399803,0.9547091497283771,0.954091131050479,0.9546099615455045,0.9427455289019105,0.9533434047488251,0.951809802844412,0.939754623695294,0.9260666544588905,0.9534120734908136,0.9365958615638161,0.9365500824024905,0.9507339925532565,0.9546175914057256,0.9532899957272782,0.9530153207593237,0.9351004089605078,0.9301257400964414,0.9350546297991821,0.9204052981749374,0.9172999450650065,0.9489867545626565,0.9529085027162303,0.9523057437587743,0.9570820362570958,0.9542284685344564,0.9588063846670329,0.9507721418543612,0.9494979551974607,0.9555102850515779,0.9486357809924921,0.9550448635780993,0.9591344686565341,0.9560977842885918
333,0.923969465648855,0.9395648854961831,0.924,0.9233358778625954,0.9117709923664122,0.9248778625954198,0.9280152671755724,0.9241832061068702,0.9077862595419847,0.9406793893129771,0.9149923664122137,0.9176946564885495,0.935587786259542,0.9397557251908397,0.9415267175572518,0.9399083969465649,0.9230229007633588,0.9156030534351145,0.9230229007633588,0.9250992366412214,0.9228549618320611,0.9272366412213741,0.9256335877862595,0.9242137404580153,0.9347175572519084,0.9349312977099237,0.92793893129771,0.9294351145038168,0.9381221374045802,0.9375419847328245,0.9163969465648856,0.9280305343511449,0.9240152671755725,0.9267938931297711
334,0.9531068790819752,0.9515656473173412,0.9530916193615333,0.9531450283830801,0.942455594213514,0.9475599707013368,0.9514969785753524,0.9450344869681988,0.9469114325825551,0.9505203564670697,0.9368247573704449,0.9319721662699139,0.9454922785814565,0.9509857779405482,0.9514893487151316,0.95179454312397,0.9431422816334004,0.9358176158212782,0.943249099676494,0.9443783189891961,0.9420969907831288,0.9513672709515961,0.9427913080632363,0.9455533174632241,0.9514435695538058,0.9538088262223037,0.9516190563388878,0.9483229567234328,0.9498870780687297,0.9499023377891717,0.9477201977659769,0.9533815540499299,0.9542360983946774,0.955868888481963
335,0.9388418402380407,0.9431906614785992,0.9385976958876936,0.9390936140993363,0.93159380483711,0.9461509117265584,0.940535591668574,0.9286182955672542,0.9288014038300145,0.9435645075150683,0.9264820325017167,0.9306630045014115,0.9468223086900129,0.943228809033341,0.9433890287632563,0.9431448844129091,0.9381551842526894,0.9351949340047303,0.9382619974059663,0.940535591668574,0.9303959716182193,0.9364766918440529,0.9458152132448311,0.9485618371862364,0.9475394827191578,0.9494010833905547,0.9451438162813764,0.9506446936751354,0.946318760967422,0.9506904707408255,0.9396963454642556,0.944655527580682,0.9446707866025787,0.9404592965590906
336,0.9348104742721115,0.9360999206494537,0.9350241103582982,0.9350469999389611,0.9198406885185864,0.9325215162058231,0.9357413172190686,0.9053592138192028,0.9031618140755661,0.9377861197582861,0.9102728438015016,0.9085179759506806,0.9328572300555453,0.9371681010803882,0.9390984557162914,0.9383202099737533,0.9193676371848868,0.911341024232436,0.9194591955075383,0.9251052920710492,0.9051837270341208,0.9318806079472625,0.9283556125251786,0.9278062625892695,0.9370841726179576,0.9386254043825917,0.9318195690654947,0.938945858511872,0.9316974913019593,0.9340780076908991,0.9283250930842947,0.93567264847708,0.9412805957394861,0.9389305987914301
337,0.9466849774929427,0.9465781643396658,0.9468528267338063,0.9471885252155336,0.9366903181506065,0.9506065461203936,0.943450064850843,0.9198596169985503,0.910933089188983,0.9442740520332646,0.9042648966201265,0.9019302662699321,0.9476615548943313,0.9465476462958724,0.9413748378728923,0.9407186999313344,0.9135728999771114,0.9079118028534371,0.9138475623712521,0.9336842908369574,0.9108262760357061,0.9231708247501336,0.9301747158007171,0.9385595483329519,0.9380941481651026,0.9395437552452888,0.9471046005951019,0.9472648203250171,0.9420080872816052,0.9415579461356527,0.9458533607995728,0.9358510719462882,0.9464103150988022,0.9418554970626383
338,0.9397421225299458,0.9474479285877775,0.9394674601358053,0.9403219653620203,0.9157244220645456,0.9435568780041199,0.9411688410772869,0.9386282139314869,0.9285572594796674,0.949431601434348,0.9348439765011063,0.9346150911726558,0.9459830624856946,0.9473182269016556,0.9540398260471504,0.954818036163882,0.9425345235370413,0.9386129549095903,0.9425192645151446,0.9366826886396582,0.9203555352101931,0.9407644769970245,0.9479743648432135,0.939635309376669,0.944960708018616,0.9462577248798352,0.9353475242236972,0.9471580071717403,0.9448844129091325,0.9420767528801404,0.9445563439383535,0.9418173495078965,0.9455252918287939,0.9474021515220874
339,0.9364334078862709,0.9381261680811299,0.9366172370477038,0.9363185146603756,0.9255491896197799,0.9285517325898466,0.9372376604675388,0.9350470296271332,0.9293330065259352,0.9393516958240142,0.9272496093630319,0.9346027758203377,0.9335457581421,0.9384019118232789,0.9411746683415545,0.9414810502772757,0.9406231808572566,0.9397193541468796,0.9407457336315451,0.9324581022702901,0.9210606942614664,0.9399644596954564,0.9376206378871902,0.9382334017586322,0.9439474248598303,0.9423848769876527,0.9317074665277735,0.9337602254971047,0.9273721621373204,0.9416648794387084,0.9410980728576243,0.942415515181225,0.9352155396917798,0.9361500045957291
340,0.9552321943626292,0.9473804691195995,0.9554076945381293,0.9552550856898683,0.9510888641323424,0.9578189143406535,0.951790864834343,0.9397347658217223,0.9334930639278465,0.945648358691837,0.9395974178582874,0.9332488897706289,0.9469226425748165,0.9458238588673371,0.9461290765638591,0.9461901201031636,0.941917072351855,0.9415965937705069,0.941642376424985,0.9381018511453294,0.9370412196499153,0.9459001632914678,0.9485174050391443,0.9539808018068887,0.9419018114670288,0.9479374914157523,0.9486776443298182,0.9493186014925147,0.9465334900117509,0.9476399041616432,0.9382697208784165,0.943267660658965,0.9500663848489935,0.9521876478398217
341,0.956872739481435,0.9590016329146764,0.9559876081615212,0.957002457002457,0.9508141682054725,0.9608329390938087,0.9598562424649382,0.9569795656752179,0.9495780365345583,0.9605735040517649,0.954156301982389,0.9521113434156913,0.9659071832984877,0.9620690707647229,0.964152181543486,0.9654188349840523,0.9554229554229554,0.9501426892731241,0.9553619118836509,0.9558655210829126,0.9447098142750316,0.9642895295069207,0.9603674821066127,0.9631678544722024,0.9590626764539808,0.9627176583698324,0.962084331649549,0.9615654615654616,0.9623361362491797,0.9582004364613059,0.9605200909548736,0.9632975719932242,0.9671127931997496,0.9686388816823599
342,0.9593584362266,0.9481295382824229,0.9592205643555256,0.9595192867428537,0.952173779833941,0.9608750268084195,0.9577729097092436,0.9416342412451362,0.9386163791782836,0.9491329391219094,0.9434878519562486,0.9400104169858146,0.950427402800331,0.9489108122185117,0.9542878151904165,0.9573822727411992,0.943273384601244,0.9346180949171238,0.9435031710530347,0.9517295260271454,0.9421091332455038,0.9492937896381629,0.9513771868010661,0.9540044118998744,0.9574358895799504,0.9600018382916142,0.957895462483532,0.9593584362266001,0.9491559177670885,0.9548239835779281,0.9471108183461503,0.9532001593186066,0.9645362909402861,0.9622154477771991
343,0.9471805087342936,0.9334967821023599,0.946536929206252,0.9471498620901012,0.9358565737051794,0.9461998161201349,0.9462917560527123,0.9325467361323935,0.9256512411890897,0.9346153846153846,0.9288844621513945,0.9289457554397793,0.9357493104505057,0.9339488201041986,0.9354275206864848,0.9347073245479621,0.926923076923077,0.9299264480539382,0.9263561140055164,0.9158749616916948,0.8969966288691389,0.9397870058228625,0.9316273368066198,0.933703646950659,0.9403233220962305,0.9453723567269383,0.9393579528041679,0.9343625498007968,0.9316426601287159,0.9251225865767698,0.9380478087649403,0.9346996628869139,0.9340024517315353,0.9430738584125039
344,0.9595794677734375,0.9611663818359375,0.95977783203125,0.959625244140625,0.9536590576171875,0.9630279541015625,0.96368408203125,0.9477081298828125,0.95562744140625,0.9612579345703125,0.95269775390625,0.9578399658203125,0.9614105224609375,0.9608001708984375,0.96112060546875,0.9614715576171875,0.953399658203125,0.9522705078125,0.9529876708984375,0.948333740234375,0.9480209350585938,0.9719619750976562,0.9614105224609375,0.9662628173828125,0.9664382934570312,0.9685897827148438,0.965728759765625,0.965545654296875,0.9597091674804688,0.96820068359375,0.964324951171875,0.9693527221679688,0.962646484375,0.9664764404296875
345,0.9383042279411764,0.9370863970588236,0.9369715073529411,0.9387637867647058,0.9258884803921569,0.9407475490196079,0.9400275735294118,0.937668504901961,0.9265318627450979,0.9402420343137254,0.9336397058823529,0.942172181372549,0.9435202205882353,0.9402726715686275,0.9435968137254902,0.9456801470588236,0.9376531862745098,0.9371783088235294,0.9377450980392157,0.9334712009803922,0.9308670343137255,0.9467294730392156,0.9407935049019608,0.9370251225490197,0.9366115196078431,0.9481158088235294,0.9395909926470588,0.9363664215686275,0.9444240196078432,0.9477941176470589,0.9433823529411764,0.9440180759803922,0.942310049019608,0.9444240196078431
346,0.9252884087163522,0.9349478117560887,0.9256393822865167,0.926524446072148,0.8817676860159922,0.9345205395837148,0.9248992858450834,0.9163614722578282,0.9177348470976012,0.9352148568638222,0.9139809558688885,0.9143929683208204,0.9419672831593725,0.9335286577549899,0.9368400170908869,0.9384270280168467,0.9255936031251908,0.9265549655130318,0.9252578892754684,0.9314075566135628,0.926127693340658,0.9328877494964292,0.9314838552157725,0.9338414820240494,0.9372520295428187,0.9378090093389488,0.9379005676616005,0.9293322346334615,0.9240218519196729,0.9367026796069096,0.9272416529329183,0.9341390465726668,0.9350393700787403,0.9320332051516816
347,0.9455343511450381,0.9467786259541985,0.9457480916030534,0.9460992366412213,0.9290839694656488,0.9438320610687023,0.9463282442748091,0.9325343511450381,0.9369160305343511,0.946854961832061,0.9328396946564886,0.9377099236641222,0.9445954198473283,0.9449770992366412,0.9492671755725192,0.9507022900763358,0.938534351145038,0.9360763358778624,0.9387022900763359,0.9376946564885497,0.9355496183206106,0.9423969465648854,0.9388549618320611,0.9496335877862595,0.9462977099236641,0.9428396946564885,0.9480458015267175,0.9528702290076335,0.945412213740458,0.945206106870229,0.9492595419847328,0.9449923664122137,0.9440916030534352,0.9470000000000001
348,0.9260211064140386,0.9319287734557952,0.9267358048721146,0.9259146619628358,0.9313281226240079,0.9197028679176424,0.9237857729387794,0.9186004075301846,0.9227517411270947,0.933578662449439,0.9261123445150695,0.9259450746631793,0.9230026459049301,0.9326358687387853,0.9366351388339772,0.9382470119521913,0.9315410115264136,0.9310848210212586,0.9313585353243514,0.929229646300295,0.9235728840363736,0.9298379003071683,0.9318679480551078,0.934019646604422,0.934475837109577,0.9336090751497825,0.9394787263161096,0.9255801222590555,0.9278762811350021,0.9353654085946292,0.9300659955597459,0.9191858520118003,0.9360572975274475,0.935737964173839
349,0.9618098859315589,0.9577642585551331,0.9622661596958175,0.9615589353612168,0.9562737642585553,0.9607300380228139,0.9626768060836501,0.9519847908745247,0.9409885931558934,0.9577186311787073,0.9485171102661598,0.941277566539924,0.955406844106464,0.9593536121673004,0.9578403041825095,0.9569733840304183,0.9508593155893537,0.9465247148288973,0.9507376425855514,0.9470266159695817,0.9406387832699619,0.9507376425855514,0.954828897338403,0.9536501901140685,0.9595361216730038,0.9566235741444867,0.9577642585551331,0.9578250950570343,0.9537338403041824,0.949787072243346,0.958532319391635,0.9544334600760456,0.9650494296577947,0.969041825095057
350,0.9589913786526283,0.9612344548714428,0.9588616769665065,0.9591287098496986,0.9534905012588694,0.9620813305867093,0.9629129472800793,0.9614709697108414,0.9555504692149233,0.9631494621194782,0.9588311589227131,0.9579461356527047,0.9645075150682841,0.9624475471122301,0.9629816128786145,0.9633020523384451,0.9607385366598001,0.9580224307621882,0.9607537956816968,0.9554436560616465,0.9446860456244754,0.9645227740901807,0.9615625238422216,0.9610055695429922,0.9604028381780728,0.9622644388494697,0.9635309376668956,0.9624856946669719,0.9637674525062944,0.957907988097963,0.9655756466010529,0.9636682688639658,0.9583733882658121,0.9687647821774625
351,0.9453025235633931,0.9468379446640316,0.9450820918212223,0.9449376710246277,0.944238370325327,0.945363332319854,0.9481909394952872,0.9358315597446032,0.9293706293706294,0.946792338096686,0.9353602918820312,0.9215567041653998,0.9453937366980845,0.9475068409851019,0.9467467315293403,0.9461690483429614,0.9358619641228338,0.9368349042262086,0.9355731225296444,0.936667680145941,0.9335892368501065,0.9484949832775919,0.951048951048951,0.9439419276375798,0.9448008513225904,0.9466859227728792,0.9434326543022196,0.938172696868349,0.94639708117969,0.9462526603830952,0.9508361204013378,0.9407114624505929,0.9556096077835209,0.9500532076619033
352,0.948412213740458,0.951030534351145,0.9490381679389313,0.9482137404580153,0.9382748091603053,0.9540458015267177,0.9472671755725192,0.9412977099236641,0.9433129770992367,0.9503053435114504,0.9377099236641223,0.9397099236641221,0.9541221374045801,0.9515725190839696,0.949083969465649,0.9470381679389314,0.9441526717557253,0.9384427480916031,0.9442748091603054,0.9393435114503818,0.9349312977099237,0.9473206106870229,0.9439694656488549,0.9459847328244274,0.9447480916030535,0.9447480916030535,0.9531450381679389,0.9459236641221374,0.9458778625954198,0.9440839694656489,0.9505801526717558,0.9415114503816794,0.9488854961832061,0.9440458015267176
353,0.9395058525493308,0.9493949059166452,0.9410395714743541,0.9384299601690906,0.9390175042348955,0.94313031269553,0.9418636592549636,0.9383307644177209,0.9310208005860179,0.9517374517374517,0.9306698002350177,0.930135669266104,0.9505318418361896,0.9506462984723854,0.9528743876569963,0.9535306057045186,0.9353396309918048,0.924168663299098,0.9356295878035008,0.9439620309185528,0.9275718406153189,0.9449997710867276,0.9499442977703848,0.9470523600958384,0.9490133837959925,0.9477772521250781,0.9480672089367742,0.9472049689440993,0.9460146199276634,0.9452439452439452,0.9412150716498543,0.9402688967906359,0.9596960031742641,0.9502266241396676
354,0.9373779296875,0.9514312744140625,0.9372406005859375,0.9383544921875,0.9310150146484375,0.9400863647460938,0.9378433227539062,0.928253173828125,0.928741455078125,0.9477996826171875,0.9297332763671875,0.927764892578125,0.9494247436523438,0.9493789672851562,0.9489898681640625,0.94940185546875,0.93463134765625,0.92034912109375,0.9352264404296875,0.93212890625,0.917724609375,0.939971923828125,0.9435272216796875,0.9416046142578125,0.9412765502929688,0.9407272338867188,0.947357177734375,0.9470062255859375,0.9415512084960938,0.9451904296875,0.9397964477539062,0.9439544677734375,0.945404052734375,0.9480819702148438
355,0.9605803137159533,0.9383891658560312,0.9617202699416343,0.96049671692607,0.9504043044747081,0.9597443458171206,0.9616670719844358,0.9404334873540855,0.9279851653696498,0.9402738934824901,0.9461788667315174,0.935250486381323,0.9414214494163423,0.9374544017509727,0.9456468871595332,0.9472732247081712,0.9382599708171208,0.9346121108949416,0.9383663667315175,0.939673516536965,0.9369148224708171,0.9549033317120622,0.951468263618677,0.9614998784046693,0.9569704523346304,0.956370075389105,0.9369072227626458,0.9627158317120623,0.9479799975680933,0.9578368190661479,0.9586043895914398,0.9633466074902723,0.9529274075875487,0.9564384727626459
356,0.9328145265888457,0.9320820935378042,0.9331349660486763,0.9324025329976349,0.9266956588082703,0.9345693141069658,0.9326543068589304,0.898619058518349,0.8901503013656824,0.9303120469977875,0.9017166399633784,0.8940260929274434,0.9322575722896163,0.9308918898298618,0.9315632867933165,0.9325551232166018,0.905806057831693,0.9043259327077134,0.9058823529411765,0.9000991836423285,0.8994659342336156,0.9151293202105745,0.922919050888838,0.9252155336842908,0.9268101014724957,0.918623636224918,0.9260547798886091,0.9195086594949263,0.9193560692759594,0.9171969176775769,0.9229495689326314,0.9215381094071871,0.9309224078736553,0.9252155336842908
357,0.9543803418803418,0.9606227106227107,0.9543040293040291,0.9543345543345543,0.9480311355311354,0.9573107448107447,0.9526709401709401,0.9528083028083028,0.9522130647130647,0.9602564102564102,0.9453754578754578,0.9514652014652014,0.9602106227106227,0.9605616605616606,0.9606379731379731,0.9607753357753357,0.9572496947496947,0.9523504273504273,0.9575396825396825,0.9563949938949938,0.9548458485958486,0.9542735042735043,0.9494276556776557,0.9648199023199023,0.950946275946276,0.9588598901098901,0.9630876068376069,0.9579899267399268,0.9602640415140414,0.9574557387057386,0.9539682539682539,0.9458333333333334,0.9580586080586081,0.956547619047619
358,0.9544032356532356,0.9482066544566545,0.9543803418803418,0.9540827228327228,0.9471916971916972,0.9541056166056165,0.9543040293040292,0.9417277167277167,0.9304334554334555,0.9500763125763126,0.9344627594627595,0.9347069597069598,0.9496260683760684,0.9493589743589743,0.9497252747252748,0.9486721611721611,0.941559829059829,0.9422771672771674,0.9413308913308913,0.9243131868131869,0.9266025641025641,0.9467338217338218,0.9526175213675214,0.949435286935287,0.9510149572649572,0.9559371184371185,0.9629273504273503,0.9492216117216118,0.9603174603174603,0.9580662393162394,0.9529075091575092,0.9549068986568986,0.9538461538461539,0.9658882783882783
359,0.9589024371633067,0.9510964945747554,0.9618554183771575,0.9591008286660461,0.95043264608482,0.9547896287026721,0.9636943549987028,0.9428632472110734,0.9374761548674592,0.9567964350573046,0.9313565400521923,0.9419170723518551,0.9555374120591512,0.9546751720664765,0.9589787415874373,0.9594670899018725,0.9415660720008545,0.9418255070428984,0.9413524196132892,0.9530117356204313,0.9535458665893448,0.9552703465746945,0.9484334701726007,0.9576968272620447,0.9664947273642926,0.9623590275764189,0.9564759564759565,0.9642437468524426,0.9639080073862683,0.9635035939383766,0.9621911578433318,0.9520274085491477,0.9563233476276954,0.9554229554229554
360,0.9477836270695048,0.9424429694056611,0.9503013656824597,0.9478599221789884,0.9501640344853896,0.9512092774853133,0.9471885252155335,0.9417563134203097,0.9357595178149081,0.9434958419165331,0.941741054398413,0.9400778210116731,0.9436713206683451,0.94360265506981,0.9457084000915541,0.947219043259327,0.9415579461356528,0.9428397039749753,0.9410543984130617,0.9440604257267109,0.9368200198367285,0.9476310368505378,0.9454032196536202,0.947547112230106,0.9455405508506904,0.9452811474784465,0.9457160296025025,0.9443274586099032,0.9492484931715877,0.948447394522011,0.9457541771572442,0.9425345235370411,0.9523613336385137,0.948554207675288
361,0.9620660715648127,0.9597467002365149,0.9625543602655069,0.962096589608606,0.9598992904554818,0.9643320363164721,0.9643854428931106,0.9560845349813077,0.953353170061799,0.9610284580758373,0.9478904402227817,0.9485008010986495,0.9629205767910276,0.9608377203021286,0.9615167467765315,0.9604028381780728,0.9570916304264896,0.9504386968795301,0.9571984435797666,0.9616235599298084,0.9638971541924162,0.9675440604257267,0.9695582513160906,0.9642252231631953,0.9643701838712139,0.9600061036087586,0.9669260700389104,0.9659418631265736,0.9720912489509422,0.9617074845502404,0.9702754253452354,0.9676356145571068,0.9608300907911802,0.9606851300831617
362,0.9445690654947201,0.9449887078068729,0.9444622474516268,0.9446758835378135,0.9396172862113167,0.9461408167002381,0.9450802661295246,0.9382591710919856,0.9384575474577306,0.9464994201306232,0.9288744430202039,0.9399835195019227,0.9479414637123849,0.946728315937252,0.9443783189891961,0.9425929316974914,0.9372062503814931,0.9321247634743333,0.9373741073063542,0.9417689067936275,0.9391137154367334,0.9467969846792407,0.9367637184886772,0.947323445034487,0.9468351339803454,0.9510544466825368,0.9571201855582007,0.9511307452847464,0.9489180858206677,0.9427378990416896,0.9510620765427578,0.9475447109808949,0.9468961728621131,0.9487578587560276
363,0.9470596313476562,0.9485931396484375,0.946502685546875,0.946868896484375,0.9413909912109375,0.945159912109375,0.9466934204101562,0.938568115234375,0.9283294677734375,0.9486541748046875,0.935577392578125,0.935699462890625,0.9476470947265625,0.9493255615234375,0.9492645263671875,0.950286865234375,0.93865966796875,0.9373321533203125,0.9385223388671875,0.93011474609375,0.9328765869140625,0.9438018798828125,0.9419097900390625,0.9430999755859375,0.9464340209960938,0.9434356689453125,0.9476470947265625,0.9476852416992188,0.9451141357421875,0.9427871704101562,0.9457855224609375,0.9442901611328125,0.9501800537109375,0.9430999755859375
364,0.9615150778210118,0.9514378647859923,0.9615606760700388,0.9614770792801556,0.9513770671206226,0.9648133511673153,0.9623282465953307,0.9501307149805448,0.9492339494163424,0.9520306420233463,0.9485499756809339,0.9447653210116731,0.9542041585603114,0.9520610408560313,0.9528210116731517,0.9530642023346303,0.9519242461089494,0.9495379377431906,0.9520306420233463,0.9466044503891051,0.9473492217898832,0.956256079766537,0.9498267266536965,0.9548729328793775,0.9525474221789885,0.9570464494163424,0.953307392996109,0.9607475072957199,0.9536569795719845,0.9568260578793775,0.945715284533074,0.957137645914397,0.961013497081712,0.9642965710116732
365,0.9480229007633586,0.9450076335877862,0.9472366412213741,0.9481450381679389,0.9402137404580153,0.9501450381679389,0.9508854961832061,0.9368854961832062,0.9271450381679389,0.947412213740458,0.9324732824427482,0.9254045801526717,0.9435114503816794,0.9466106870229005,0.9473893129770992,0.9464580152671755,0.9298778625954198,0.9258320610687024,0.9298320610687023,0.939618320610687,0.9292213740458015,0.941206106870229,0.9394274809160306,0.9441450381679389,0.9466106870229007,0.9505267175572519,0.9493053435114506,0.9490687022900763,0.9498931297709923,0.9533587786259542,0.947618320610687,0.9441603053435115,0.9509007633587787,0.9528015267175571
366,0.9490412639975457,0.951725724804418,0.9474919466175794,0.9493633992943703,0.9489492253413101,0.9499463107838626,0.9497622334713913,0.9414020555299892,0.942521859180856,0.9496165055990182,0.9348673109372604,0.9442245743212149,0.9470854425525387,0.9506212609295905,0.9521859180855959,0.9526614511428134,0.9361251725724805,0.9323362478907808,0.9361098327964412,0.9302653781254794,0.9279337321675104,0.9425678785089738,0.9514035895075932,0.952017180549164,0.9410492406810862,0.9545329038196042,0.9470470931124406,0.9517487344684767,0.9409418622488113,0.9498849516797054,0.9514112593956128,0.9446617579383343,0.9373523546556222,0.9440558367847829
367,0.9415962427042802,0.9416722397859921,0.9415354450389104,0.9427513983463035,0.9360864542801557,0.9438229571984436,0.9406310797665369,0.9428349951361867,0.9397647130350195,0.9416874392023347,0.9415430447470817,0.9403574902723736,0.941885031614786,0.9411934581712064,0.9447045233463035,0.9468172422178988,0.9397951118677043,0.9372112110894941,0.9396887159533074,0.9335633511673151,0.918333535992218,0.9462396643968872,0.9392023346303502,0.9479343993190661,0.9452973005836576,0.9418014348249026,0.9537177772373541,0.9455100924124512,0.9361396522373541,0.9464980544747083,0.9319750121595332,0.9418090345330739,0.9549033317120623,0.9506322957198443
368,0.9508938071930199,0.9556592588088652,0.951304228863284,0.951068616422947,0.9464627732344268,0.9496169397744201,0.9517602529413551,0.9461131547745721,0.9305019305019304,0.9559860760648162,0.9294378743197641,0.9348493600462106,0.9528699115313288,0.954526799014988,0.9567233149910314,0.9565561061624054,0.9404888578116926,0.9394552032347309,0.9403520505882711,0.9447754841455629,0.9409752834949685,0.9434682151217585,0.945337913841851,0.94853008238835,0.9482564679415073,0.9460067491563554,0.9483780743623262,0.9462423615966924,0.9472380141671479,0.9395844100568511,0.9434454139178549,0.9442434560544798,0.9481500623232906,0.9488721004469036
369,0.936412744918513,0.9496276628212171,0.9368171275102241,0.9363288164560826,0.9181926387108589,0.9359931026063604,0.94051760971739,0.9293169749130196,0.9136757614600501,0.954320026857108,0.9183604956357199,0.9251052920710492,0.9511002258438626,0.9513367515107123,0.9580510285051579,0.9577610938167612,0.9308429469572117,0.9265549655130318,0.9302783373008606,0.9269822376854058,0.9223280229506196,0.9330403467008483,0.9322468412378686,0.9500625648538119,0.9487273393151437,0.943432216321797,0.9440654947201368,0.939754623695294,0.9483611060245377,0.9518784715864007,0.9482542879814442,0.9432948788378197,0.9375267045107735,0.9451565647317342
370,0.9492027161058976,0.9460746166170748,0.9493705653467613,0.9495536736095216,0.9475394827191577,0.9505760280766001,0.9477759975585565,0.9335774776836805,0.9393759060044251,0.9454489967193103,0.930586709391928,0.9317616540779736,0.9478904402227817,0.9452811474784466,0.946517128252079,0.9476615548943313,0.9396810864423591,0.9364766918440528,0.9394216830701153,0.9351949340047302,0.9248493171587701,0.9437705043106736,0.9347676813916228,0.9491874570840009,0.947524223697261,0.9524376287479972,0.9459372854200045,0.9466620889600976,0.9450598916609445,0.9453040360112916,0.942221713588159,0.9397344930189974,0.94702067597467,0.9478522926680399
371,0.9406885711233538,0.9369649152257848,0.9402612663482228,0.9412150716498544,0.9355685442641963,0.9446792925053795,0.9441756833061181,0.9370335892075022,0.939231156622461,0.9388343736169823,0.9235734887908802,0.9259084041692738,0.9380179162787857,0.9383994383994384,0.939383765470722,0.9400399835182445,0.9303951043081478,0.9280296671601019,0.9305324522715827,0.932958932958933,0.9306850611198436,0.9395668960886352,0.9352938483373268,0.9415279197887894,0.9447555969295099,0.94745677354373,0.9433821172951609,0.935187022143544,0.9313489096097791,0.93952874387657,0.9385444168052864,0.9365605017778931,0.9523555175729088,0.9531338226990402
372,0.94560986821943,0.9572172847073245,0.945548574931045,0.9460389212381245,0.9381244253754214,0.944223107569721,0.946330064357953,0.9455102666258045,0.9419782408826234,0.9558841556849526,0.9323628562672388,0.9361323935029113,0.9544744100520992,0.9563745019920318,0.9551792828685259,0.9553631627336807,0.9382470119521913,0.936362243334355,0.9382470119521912,0.9427367453263868,0.9477015016855654,0.9448973337419553,0.9413116763714373,0.9489809990806007,0.9344927980386147,0.9472341403616305,0.9508197977321483,0.9498237817958933,0.9525743181121668,0.94959393196445,0.9538155072019615,0.9466595157830218,0.9458627030340179,0.9437787312289305
373,0.9462140712140712,0.9436783722498009,0.9466200894772324,0.9460378746093032,0.9323864681007537,0.9386299564870992,0.9447585340442484,0.9401544401544402,0.9390359747502606,0.9421998529141387,0.9339032910461482,0.9345008273579702,0.940008886437458,0.9429429429429429,0.9446283017711591,0.9482901268615554,0.9350830422258993,0.9360023288594718,0.9348378991236134,0.9257829257829259,0.9277747134889992,0.9421232456946742,0.938836795979653,0.9482901268615553,0.9425292639578353,0.9499371820800391,0.9403306367592081,0.942437335294478,0.9318808604522891,0.9415563522706379,0.9433259790402648,0.932248575105718,0.9562419562419562,0.9493166636023778
374,0.935882568359375,0.9443588256835938,0.936126708984375,0.935699462890625,0.92364501953125,0.9364166259765625,0.9371566772460938,0.91278076171875,0.9110870361328125,0.9436492919921875,0.916778564453125,0.9106597900390625,0.9365997314453125,0.9447784423828125,0.9422454833984375,0.9418487548828125,0.9157562255859375,0.909912109375,0.9158935546875,0.9135284423828125,0.9014129638671875,0.93109130859375,0.923431396484375,0.9329071044921875,0.9305953979492188,0.9402313232421875,0.9431991577148438,0.94537353515625,0.9359130859375,0.9371261596679688,0.9358749389648438,0.9332199096679688,0.9394989013671875,0.9342727661132812
375,0.9446072147958249,0.9449581883659891,0.9461484465604589,0.9440807544405788,0.9392815723615944,0.9450344869681987,0.9410593297930782,0.9387627418665689,0.9235793200268572,0.9433406579991456,0.928630287493133,0.9285387291704815,0.9437755600317401,0.9448895196240006,0.9419825428798145,0.940319233351645,0.9266770432765672,0.9172160166025759,0.9269669779649636,0.9325825550875907,0.930583531709699,0.9411737776963925,0.945370200817921,0.945568577183666,0.9423716657510834,0.9467740950985777,0.947888054690838,0.944019715558811,0.9421122505035707,0.9370765427577367,0.9343450527986328,0.941478972105231,0.9397698834157359,0.9491698712079595
376,0.9486991683833066,0.9418020904859997,0.9487144274052034,0.9490653849088273,0.9346761272602426,0.9493629358358129,0.9517662317845427,0.9420614938582437,0.9418783855954834,0.9433890287632564,0.9322499427786678,0.9379110399023423,0.9459372854200045,0.9424277103837644,0.9428244449530785,0.9375143053330282,0.9500724803540093,0.9429465171282521,0.9497215228503852,0.9418326085297932,0.9391775387197681,0.9449301899748226,0.9462424658579386,0.9474937056534676,0.9449454489967193,0.9493400473029678,0.9441901274128329,0.9498741130693522,0.9519798580910964,0.9541618982223239,0.9463035019455253,0.9520866712443732,0.9463035019455251,0.9478141451132982
377,0.9290117805041812,0.9297213575047305,0.9279130806323628,0.9296679484831838,0.9364737838002808,0.9261505829213209,0.9286989562351218,0.8942806567783679,0.8884056644082281,0.9284166514069462,0.8901757919794909,0.8969053286943782,0.9293932735152292,0.9285539888909234,0.926890679362754,0.9252578892754685,0.8981413660501739,0.8965085759628884,0.8977903924800098,0.8908929988402614,0.8647836171641337,0.90589330403467,0.9047793444424098,0.9123176463407191,0.9320713544527864,0.9313007385704695,0.9294390526765549,0.919741500335714,0.9234343526826588,0.9289507416224134,0.9172236464627967,0.9227476652627724,0.9227247756821094,0.923411463101996
378,0.9405065985525756,0.9450982180867238,0.9409475156601594,0.9408258833546189,0.92816091954023,0.9385452776257375,0.9394575199172901,0.9171988080034057,0.9131393298059964,0.944125159642401,0.9069512862616311,0.9200723712217965,0.945660767499848,0.944908167609317,0.9442163838715563,0.9438514869549353,0.9213038983153926,0.9232196071276532,0.920619716596728,0.9317490725536703,0.9233716475095786,0.9344097792373653,0.9342425348172475,0.9336267712704495,0.9350787569178374,0.9465578057532081,0.9441555677187861,0.9317186644772851,0.9380815544608647,0.92648847533905,0.935291613452533,0.9316958584199964,0.936857629386365,0.9406738429726936
379,0.9616191789215687,0.9628982843137255,0.9617876838235294,0.9626685049019608,0.9577971813725489,0.9618642769607844,0.9657245710784313,0.960110294117647,0.9542279411764707,0.9666743259803922,0.9453890931372549,0.9553768382352941,0.960952818627451,0.9609451593137255,0.9702052696078433,0.971170343137255,0.9627757352941178,0.9596507352941176,0.962530637254902,0.970297181372549,0.9643535539215685,0.9550551470588236,0.9653952205882353,0.9606311274509803,0.9564185049019608,0.9608226102941176,0.9634957107843137,0.9579733455882352,0.9561963848039214,0.9608838848039215,0.9616804534313725,0.9558746936274509,0.9660692401960784,0.9652650122549019
380,0.929027040224623,0.9261658426417628,0.9308963559787584,0.9293246047732405,0.9118140755661356,0.9226026979185742,0.9326130745284748,0.9202984801318441,0.9114936214368552,0.9288286638588781,0.9175212110114143,0.912699139351767,0.9284471708478301,0.9294695721174387,0.9279588597936885,0.9263871085881706,0.9112342061893427,0.9031312946346823,0.9116309589208327,0.909204663370567,0.900476103277788,0.9291643777086004,0.929820545687603,0.9296069096014162,0.9258911676738082,0.9366416407251419,0.923579320026857,0.9313465177317952,0.9344671305621681,0.9264252578892754,0.9328038210339986,0.9267457120185558,0.9228621131660868,0.9293551242141244
381,0.9336815738025416,0.9325284090909092,0.9334830156402736,0.9342237903225808,0.9298020527859238,0.9384011485826003,0.9327651515151515,0.9227150537634409,0.913978494623656,0.9347201857282503,0.911672165200391,0.9164375610948192,0.9347812805474095,0.9342161534701858,0.9338648582600195,0.9338343108504399,0.9238453079178885,0.9138410312805474,0.9242576979472141,0.9075024437927663,0.910939027370479,0.9215695259042034,0.9323985826001955,0.9309628543499512,0.9296798631476052,0.9320931085043989,0.934643817204301,0.9373014418377321,0.9290307306940373,0.9279233870967742,0.9247540933528837,0.9348729227761486,0.9334371945259042,0.93703415200391
382,0.9401992337164751,0.9377777777777777,0.9411111111111111,0.9398160919540229,0.9293946360153258,0.939831417624521,0.9384827586206896,0.9085517241379311,0.9153103448275862,0.9358850574712644,0.9212873563218391,0.9170268199233718,0.9352183908045977,0.9372796934865901,0.9374406130268199,0.9386360153256704,0.9202145593869732,0.9228352490421456,0.9200766283524904,0.917088122605364,0.9139233716475097,0.9298390804597702,0.9318850574712644,0.9347892720306514,0.9246436781609195,0.9353256704980843,0.9243065134099617,0.929272030651341,0.9261532567049809,0.9395938697318007,0.9328965517241381,0.9390421455938698,0.9493793103448276,0.9338773946360155
383,0.9424912600699196,0.9430916552667579,0.9429472564219485,0.9421492628058975,0.9332573339413284,0.9457212342301262,0.9467928256573949,0.9457060343517252,0.9320565435476516,0.9475148198814409,0.9443532451740385,0.9436388508891929,0.9515503875968992,0.9460024319805442,0.9504787961696307,0.9512995896032831,0.9523331813345494,0.9482900136798905,0.9522875816993465,0.9487916096671226,0.9494452044383644,0.9439808481532147,0.9368749050007601,0.9414120687034503,0.942529259765922,0.9401276789785682,0.9471196230430156,0.9530627754977962,0.948609211126311,0.9477808177534579,0.9491944064447484,0.9494908040735673,0.9511019911840705,0.9480164158686731
384,0.9298611111111111,0.9326236263736263,0.9278083028083027,0.9287698412698412,0.9126984126984127,0.9328373015873016,0.9363400488400488,0.9387210012210012,0.9376831501831502,0.9373473748473748,0.9387515262515262,0.9393925518925519,0.9419490231990231,0.9351724664224664,0.9399420024420024,0.9405067155067155,0.9423382173382173,0.9386141636141636,0.9421092796092796,0.9376221001221001,0.9206578144078144,0.9413156288156288,0.9397435897435897,0.9431776556776557,0.9354700854700855,0.9433608058608058,0.9457112332112332,0.951068376068376,0.9431089743589743,0.9399648962148962,0.9469398656898657,0.9355616605616605,0.9421245421245421,0.9416895604395603
385,0.9437117034313725,0.9548713235294117,0.9432598039215686,0.9437270220588235,0.9316329656862745,0.9475337009803921,0.9501685049019608,0.9501531862745098,0.943014705882353,0.959329044117647,0.9459712009803922,0.939813112745098,0.9612591911764705,0.9577512254901961,0.9600949754901962,0.9597732843137254,0.957000612745098,0.9470281862745098,0.9575214460784314,0.9511182598039216,0.9385340073529411,0.9526501225490196,0.962561274509804,0.9508884803921569,0.9613051470588235,0.9616191789215685,0.9600719975490195,0.9650275735294117,0.9590839460784314,0.95453431372549,0.9551776960784314,0.9606311274509804,0.9549325980392157,0.9558210784313725
386,0.9426801165931601,0.9482656004395135,0.9424359424359425,0.9424054206662903,0.9336304118912815,0.9425732903993774,0.940574114487158,0.9299525386481909,0.9266714484105789,0.9488912967173836,0.9150121324034367,0.9283806675111023,0.951485647137821,0.9499442977703846,0.9457170326735543,0.9427716819021168,0.9273124055732751,0.9162635249591771,0.9275413188456666,0.924153402414272,0.911761563935477,0.9385291559204603,0.9412761151891587,0.9346223694049781,0.9445495749843575,0.9503487112182764,0.9506844506844507,0.935805087979001,0.945198162589467,0.9466632075327728,0.9477772521250782,0.9420391594304638,0.9365757626627191,0.9472202298289255
387,0.9437407480885742,0.9469379034596426,0.943847574282357,0.9435423565858349,0.9451829017046408,0.9446716620629665,0.9453889236497933,0.9303493216536695,0.916538220886047,0.9462206418728158,0.9307766264288003,0.9233140537488365,0.9494406885711234,0.9461901201031636,0.9440535962275094,0.9428479863262471,0.9346834129442827,0.9267324919498833,0.9348207609077175,0.9346223694049781,0.9284111892807544,0.9462511636424679,0.9395516352038091,0.9457475544432067,0.9498985151159064,0.9471820776168604,0.949066796892884,0.9470142078837731,0.946090924351794,0.9452363148015323,0.9386588734414821,0.9474262517740778,0.9386970256535474,0.9417797243884201
388,0.946540016784924,0.9471885252155336,0.9463340199893187,0.945990691996643,0.9458609903105212,0.9406424048218509,0.9505455100328069,0.9183642328526741,0.9110704203860532,0.9457236591134508,0.9173876554512855,0.9078507667658503,0.9433279926756695,0.9459372854200045,0.9451285572594795,0.9419241626611735,0.9213550011444267,0.9138780804150454,0.9212481879911497,0.9296711680781261,0.9199359121080339,0.9382009613183795,0.9314259555962463,0.9392233157854583,0.9360341802090485,0.9302052338445105,0.9330434119172961,0.9493095292591744,0.9407644769970244,0.94189364461738,0.9301594567788204,0.9399481193255512,0.921034561684596,0.9287708857862211
389,0.9462272068360416,0.9598992904554818,0.94623483634699,0.9465857938506143,0.9452201113908598,0.9480659189745936,0.944655527580682,0.9255664911879149,0.9315785458152132,0.9565270466163119,0.9316548409246966,0.9320057984283208,0.9565117875944152,0.9578240634775311,0.9573662928206302,0.9577019913023574,0.9368276493476768,0.9364309147783627,0.9367513542381933,0.9401083390554665,0.9281452658884566,0.9491187914854657,0.9453421835660334,0.9544823376821545,0.9486076142519264,0.9402609292744336,0.9490196078431371,0.9496910048065919,0.9505073624780651,0.9467460135805295,0.9482185091935605,0.9486686503395132,0.954055085069047,0.9480430304417486
390,0.9483256218791515,0.9449585413898942,0.9482492708476492,0.9485394047673584,0.934857299922122,0.9497915616839984,0.9465695481545956,0.9312382610289065,0.9303678592697788,0.9420877426054026,0.9257867973796325,0.9239849130361751,0.9383541771649335,0.9441263151465177,0.9425687541038679,0.9431642921495869,0.9270389542962726,0.9257562569670316,0.9266877395513613,0.9219387053919099,0.9222288393116191,0.9321239329943347,0.9395757936689725,0.939781941454029,0.9381480293798768,0.9468596820743049,0.9359414845694566,0.940499641150152,0.9474246797074228,0.9450043520087957,0.9435689526165499,0.9354604730709912,0.9422633499778582,0.9516697970589583
391,0.9295704525261191,0.9239483440056373,0.9295244952357609,0.9303900242041729,0.9147645454823985,0.930405343300959,0.9295244952357609,0.9195747418732192,0.9179355985171115,0.9251662122001286,0.9166334752902969,0.9217653727136247,0.9256717423940685,0.9249747234903031,0.9256257851037104,0.9255645087165663,0.9189007016146329,0.9101075400594381,0.9194215509053586,0.9171160268390576,0.899208002696161,0.930114280462024,0.9287585403964582,0.9308036398173964,0.9335074604001348,0.9264913140721224,0.9253347222647752,0.9290879009773583,0.911823278899476,0.9314164036888384,0.9350240509819542,0.9345721376267655,0.9306657679463219,0.9337985232390699
392,0.9494725321496975,0.9486592892104703,0.9493509257288785,0.9497309457939379,0.9364454443194601,0.9513574316723923,0.9504833855227557,0.9524062870519563,0.9478612470738456,0.9490697108807344,0.9566169093728148,0.9436810263581916,0.9508330039826104,0.9483780743623264,0.9523302830389445,0.9550816283099748,0.9496397409783236,0.9501869698720092,0.9494573313470951,0.9375703037120359,0.9358982154257744,0.9502781746876235,0.9461739579849816,0.9479752530933633,0.9485148815857477,0.9448286869546711,0.9496397409783235,0.9454063174535615,0.9467895904903778,0.9418493296446052,0.9481880643297966,0.9492977229197702,0.9543063873772534,0.9486516888091691
393,0.9347076416015625,0.9358367919921875,0.93408203125,0.9332656860351562,0.930938720703125,0.9345626831054688,0.93939208984375,0.9261474609375,0.93060302734375,0.9384765625,0.9268341064453125,0.9324188232421875,0.9400482177734375,0.9379653930664062,0.93896484375,0.93853759765625,0.9356231689453125,0.9325714111328125,0.9354400634765625,0.931976318359375,0.9216384887695312,0.9358291625976562,0.937225341796875,0.933135986328125,0.936798095703125,0.9364776611328125,0.9313430786132812,0.9349899291992188,0.94012451171875,0.935150146484375,0.9356460571289062,0.9295806884765625,0.9337921142578125,0.9376296997070312
394,0.9281653746770026,0.9601459188326493,0.9274737802097583,0.9287505699954399,0.8960024319805441,0.9273825809393524,0.9305973552211582,0.9338197294421645,0.9320109439124488,0.9594619243046054,0.9317981456148351,0.9258701930384556,0.958686730506156,0.9605867153062775,0.9572579419364644,0.9535947712418301,0.9297005623955007,0.9235294117647058,0.9297157622739018,0.9279677762577899,0.9224198206414349,0.9348077215382278,0.9457972336221311,0.9447636418908649,0.9364493084055326,0.9358565131478948,0.953138774889801,0.9400516795865633,0.9382504939960479,0.9509955920352636,0.9525611795105638,0.9478340173278613,0.9414956680346557,0.9454780361757107
395,0.9565330636759208,0.9546638475209903,0.956287920573635,0.9564258135686707,0.9429276214990501,0.9570233498804928,0.9573757430900288,0.9401697615983331,0.9312833241404669,0.9543267757553472,0.9363700435129007,0.9314825029110744,0.9562572776858491,0.955131151559723,0.9535300606729178,0.9522890237175952,0.9460378746093031,0.940522154807869,0.9459612673898389,0.9414874057731201,0.9292302506588221,0.9489642703928417,0.9530321137463994,0.9566096708953851,0.951599558742416,0.9554222589936876,0.9457237850094993,0.9537062572776859,0.9534917570631858,0.9559355273640987,0.9383465097750813,0.9544953116381688,0.9526720598149169,0.9525954525954525
396,0.951382210621117,0.9415365358489414,0.951534856741616,0.951656973638015,0.9490467249774847,0.9560760788264566,0.9518554135946636,0.9469402085146007,0.942910350933431,0.9445589290348185,0.9505426569583735,0.9393842255499077,0.9445207675046939,0.9435972584756759,0.9473676176519974,0.9503594816137747,0.9475813222206957,0.945429011921662,0.9473065592037979,0.9513058875608676,0.9442536367938209,0.9475813222206959,0.9539008716093481,0.9575796431133703,0.9527712903176566,0.9457266718566347,0.9528170841538062,0.9465356962952787,0.9354306910289876,0.9495351925630812,0.9448565889697913,0.94503976431439,0.9580528460869168,0.9533971394117019
397,0.934814453125,0.9454421997070312,0.9348602294921875,0.934722900390625,0.9202880859375,0.9296875,0.9371490478515625,0.9333343505859375,0.92999267578125,0.9440536499023438,0.939697265625,0.939208984375,0.938201904296875,0.943603515625,0.94464111328125,0.943511962890625,0.939544677734375,0.936676025390625,0.9393157958984375,0.9481658935546875,0.9367828369140625,0.9486083984375,0.9375152587890625,0.94110107421875,0.946441650390625,0.9496917724609375,0.947906494140625,0.93756103515625,0.9516143798828125,0.95220947265625,0.950531005859375,0.9502716064453125,0.937835693359375,0.94580078125
398,0.945288776989395,0.936240177004654,0.9449225604638742,0.9444953078507667,0.930785076676585,0.9493629358358129,0.9477607385366598,0.9451285572594796,0.9374990463111315,0.9422446021210039,0.9447470817120622,0.9439993896391242,0.9433127336537728,0.9410543984130617,0.9431754024567025,0.9420157167925535,0.9513084611276417,0.940886549172198,0.9518120088502328,0.9377584496833753,0.939284351873045,0.9412832837415122,0.9438620584420538,0.9525749599450676,0.945662623025864,0.9511711299305714,0.9450064850843062,0.938406958113985,0.9494010833905546,0.9428702220187686,0.9530327306019684,0.9475928892957961,0.9386892500190738,0.9469901579308767
399,0.968463311504938,0.9681961807940652,0.9683182976904643,0.9682496069362397,0.9628764634946803,0.9675245378638702,0.96755506708797,0.9499015432522783,0.9523362488742348,0.968463311504938,0.9522217642838607,0.9399032223596038,0.9666773518951016,0.967013173360199,0.9727221382668559,0.973638014989849,0.9529697302743051,0.9427424402008824,0.9529697302743051,0.9626627589259819,0.9570759109157241,0.9689059852543846,0.9635557387309002,0.9648303338370655,0.965036406099739,0.9667155134252263,0.9694173497580559,0.9721726122330601,0.9661507227793805,0.9677382424325686,0.965570667521485,0.9669597472180245,0.9772099342095221,0.9742409671658195
400,0.950286106660563,0.9418173495078965,0.9497444113832302,0.9500267032883192,0.9459372854200044,0.9531624322880903,0.95043869687953,0.9365835049973297,0.9263599603265431,0.9409933623254749,0.9146562905317769,0.9274738689250018,0.9433585107194629,0.9415350576028076,0.9391470206759747,0.9369497215228504,0.9288929579613947,0.9239185168230717,0.9288471808957046,0.9330586709391928,0.9260852979324026,0.9404898146028841,0.9338216220340276,0.9448157473105974,0.9390325780117494,0.9431143663691158,0.9381399252307927,0.9309376668955519,0.948378728923476,0.9424963759822995,0.9444571602960251,0.9410620279240101,0.9577019913023576,0.9605096513313497
401,0.94440883843008,0.9334905084538851,0.9444240981505219,0.9439510468168223,0.9439357870963804,0.9385338460599402,0.9457135445278643,0.9475523408411157,0.9342611243362022,0.9384270280168467,0.9443325398278704,0.9360312519074652,0.9413950436428005,0.9359320637245926,0.9403497527925289,0.9416468290300922,0.9408075444057865,0.9342000854544343,0.9408075444057864,0.9404413111151803,0.9305377525483733,0.9490096441433193,0.9461560764206799,0.9513214917902703,0.9433101385582615,0.9429362754074345,0.947918574131722,0.9444393578709638,0.9398385521577246,0.9427989379234573,0.9432185802356102,0.9420283220411402,0.9353903436489044,0.9461331868400171
402,0.9518318637883855,0.949346305868045,0.9521359075706902,0.9522499239890544,0.939996959562177,0.9530480389176041,0.9503648525387657,0.930267558528428,0.9303131650957737,0.946374277896017,0.93137731833384,0.9370173304955914,0.9483429613864397,0.9480237154150197,0.9460018242626937,0.9454393432654302,0.9404986318029797,0.937716631194892,0.9406202493159015,0.9371845545758589,0.9338096685922773,0.9479096989966556,0.9477956825782912,0.9491790817877775,0.9504408634843416,0.9461082395865005,0.9488978412891457,0.94461082395865,0.9486013986013987,0.9475296442687747,0.9534508969291579,0.9493083003952569,0.9470355731225296,0.9472027972027972
403,0.9489847328244274,0.9488244274809161,0.9476106870229007,0.9486870229007633,0.9487022900763359,0.9516259541984733,0.9520229007633587,0.9437404580152673,0.9350839694656489,0.9536870229007633,0.9407633587786262,0.932992366412214,0.956351145038168,0.9503969465648856,0.9536335877862595,0.9538015267175574,0.9422748091603054,0.9334351145038168,0.9425343511450381,0.935847328244275,0.9228854961832061,0.9480610687022901,0.9425190839694657,0.9513282442748092,0.9477862595419847,0.9542061068702291,0.9573435114503815,0.9583129770992366,0.9426335877862595,0.9514503816793892,0.9500916030534352,0.9508167938931298,0.9556946564885497,0.9522519083969465
404,0.9424597141988446,0.9462450592885376,0.9433490422620857,0.9425965339008818,0.944648829431438,0.9454697476436608,0.9398297354819094,0.9270903010033446,0.9226056552143508,0.944671632715111,0.927637579811493,0.9274855579203406,0.9439571298266949,0.9466555183946488,0.9441471571906355,0.9466251140164184,0.9309212526603832,0.9304499847978109,0.9306628154454242,0.932487078139252,0.9269306780176344,0.937458193979933,0.9325782912739434,0.9409014898145334,0.9318865916692003,0.9267862572210398,0.9339160839160839,0.9383019154758284,0.9358695652173914,0.9373137731833383,0.9348586196412283,0.9400425661295225,0.9395560960778353,0.9369565217391305
405,0.9441977569237812,0.9445029373617151,0.9447013046463721,0.9441748683909361,0.9464866102082857,0.9423819333180743,0.9426718547341116,0.9355153734645609,0.9264362554360266,0.9476844434271763,0.9337453269245442,0.9389944304570077,0.9465476462958724,0.9457236591134508,0.9504539559014267,0.9511100938429847,0.9460898756389715,0.9440299076829176,0.9459525444419012,0.9483939879453728,0.9332265201800565,0.9417410543984132,0.9449607080186161,0.9471808957045853,0.9453727016098268,0.9420157167925536,0.943099107347219,0.9464408331425956,0.9416800183108263,0.9406805523765925,0.938277256427863,0.9377431906614786,0.9493247882810711,0.9404592965590906
406,0.9273670557717251,0.9372243839169909,0.92734416723888,0.9266651407644769,0.9226520180056459,0.924933241779202,0.9272831311512931,0.9147325856412605,0.9112077515831235,0.9396658274204623,0.9145189593347066,0.9163042648966201,0.931242847333486,0.9386663614862286,0.9398641947051194,0.9397573815518425,0.9197375448233769,0.9163958190280003,0.9197833218890669,0.9132066834515908,0.887312123292897,0.9332112611581598,0.9291752498664836,0.93838406958114,0.9314335851071948,0.9427100022888533,0.9458762493324178,0.9430609597924774,0.9476691844052795,0.9434424353398947,0.9395513847562371,0.9465400167849242,0.9424124513618677,0.9321889066910811
407,0.95562744140625,0.9576873779296875,0.955718994140625,0.9560699462890625,0.94488525390625,0.9565277099609375,0.9549331665039062,0.9470672607421875,0.940582275390625,0.9566268920898438,0.936492919921875,0.9389801025390625,0.9565887451171875,0.9568710327148438,0.9595489501953125,0.9613037109375,0.9452972412109375,0.9376373291015625,0.945648193359375,0.9412994384765625,0.9312820434570312,0.9526290893554688,0.9511795043945312,0.949066162109375,0.9557952880859375,0.9523849487304688,0.9504547119140625,0.9542465209960938,0.95556640625,0.9521713256835938,0.9549026489257812,0.958251953125,0.958709716796875,0.9591827392578125
408,0.9387820512820512,0.9355158730158729,0.9385683760683761,0.9392094017094017,0.9310592185592186,0.9399191086691088,0.9387591575091574,0.9283730158730159,0.9193833943833943,0.9342185592185592,0.9259004884004884,0.9256410256410257,0.9320741758241757,0.9333028083028083,0.9366605616605618,0.9384157509157509,0.9324481074481075,0.9318376068376069,0.9321733821733822,0.9325396825396826,0.9123473748473748,0.9316239316239316,0.9250763125763125,0.9330891330891331,0.9442078754578754,0.9437347374847376,0.9316544566544567,0.9404761904761905,0.9243208180708181,0.9376755189255189,0.9315857753357752,0.9436507936507936,0.9438949938949939,0.9393772893772894
409,0.9496887017029848,0.9448895196240005,0.9501388634560215,0.9499023377891717,0.9436611121284258,0.952755905511811,0.9489791247024355,0.932536775926265,0.9245712018555821,0.9436458524079838,0.9197949093572606,0.9264481474699383,0.9490477934444241,0.9425166330952817,0.9447140328389184,0.9469419520234389,0.934520539583715,0.9309802844411891,0.934490020142831,0.9340780076908992,0.9258530183727034,0.9414484526643472,0.9373741073063543,0.9471174388085211,0.9369239455533175,0.9406091680400415,0.9388237807483366,0.942844717084783,0.9396859549533053,0.9447064029786975,0.9354819019715559,0.9413340047610328,0.9480559116156992,0.949261429530611
410,0.9543498168498168,0.9432234432234432,0.9540521978021979,0.9548763736263736,0.9452686202686202,0.9536324786324786,0.9552655677655677,0.9362484737484738,0.9302655677655678,0.9476800976800976,0.9374389499389499,0.9308608058608059,0.9501144688644688,0.9467567155067155,0.9491758241758242,0.9480921855921857,0.9367216117216117,0.9306013431013431,0.9366452991452991,0.9374389499389499,0.9371947496947497,0.9479777167277167,0.9506715506715507,0.9511981074481075,0.9418040293040293,0.9555250305250305,0.9490842490842492,0.9524191086691087,0.9571275946275947,0.951304945054945,0.9599664224664225,0.9536019536019537,0.9602564102564102,0.962202380952381
411,0.9226236815191342,0.922516829234785,0.922119949321488,0.9226694753552839,0.9248217856543175,0.9281036772450428,0.9239898642975988,0.9224099769504359,0.9098777304574804,0.926363511471356,0.9265466868159545,0.925707133153211,0.9319808887057136,0.9234098090397032,0.9298743722428294,0.9315687441803666,0.9195707591091572,0.9206392819526492,0.9194028483766086,0.9246538749217688,0.9317213903008654,0.9228221214757827,0.9252034009555647,0.9252491947917144,0.9269740959533512,0.9296682999801559,0.9267756559967029,0.9301033414235778,0.9294774923295324,0.9278518111462197,0.9272641235822991,0.9240585550518233,0.9390789333089099,0.9307520874356979
412,0.9477520063229571,0.9464600559338522,0.9481395914396886,0.9484815783073929,0.9460420719844358,0.9409654669260701,0.9446437256809339,0.9254012645914397,0.9146400778210118,0.9442029426070039,0.9226653696498055,0.9262220330739299,0.9370440175097275,0.9445525291828794,0.9445221303501944,0.9451909046692606,0.9366336332684825,0.928213156614786,0.9367856274319065,0.9422118190661478,0.9383663667315174,0.9472884241245136,0.9358128647859922,0.9418014348249026,0.9373024075875487,0.949142752918288,0.9447045233463035,0.9443397373540856,0.9408666707198443,0.9461484678988327,0.9361624513618676,0.9429869892996108,0.9355544747081712,0.9434961697470817
413,0.9550762467371893,0.9623193051548594,0.9550609821251393,0.95496939445284,0.9500236601486773,0.9501152478209767,0.9600601425714768,0.9448184274396667,0.9387431118438125,0.9643189693333944,0.94437575369022,0.9459938025675078,0.962769611210331,0.9635939002610249,0.9650745676298637,0.9649829799575645,0.9529086718261056,0.950466333898124,0.9528323487658561,0.9512753583367679,0.9346827250385432,0.9552746866938376,0.9460701256277572,0.9504205400619743,0.9535497855322006,0.9653569629527866,0.9622506144006351,0.9636778556272992,0.9637770756056235,0.959327441193082,0.9594037642533314,0.9528705102959808,0.9429408801575307,0.9437956984323244
414,0.9515275877792978,0.9652606779145766,0.9510715914272687,0.9511627906976744,0.9439276485788113,0.9517251861985104,0.9518011855905153,0.9453412372701018,0.9447180422556619,0.9657546739626084,0.941951664386685,0.9438212494300046,0.963109895120839,0.9671606627146982,0.9644778841769267,0.9622891016871865,0.944110047119623,0.938577291381669,0.9442316461468309,0.9483204134366926,0.9568171454628362,0.9549019607843139,0.9517403860769114,0.9593859249126008,0.9643486852105183,0.9643638850889193,0.9612403100775194,0.9672974616203069,0.9645842833257333,0.9596063231494147,0.960860313117495,0.9615215078279373,0.9595075239398085,0.9518087855297158
415,0.9340479789881961,0.9442484767969217,0.932727106143204,0.9347275031685679,0.9071876861056393,0.9343686533205064,0.933513521767679,0.9193885809397285,0.9147769786369814,0.9400720753737383,0.9185792600058026,0.9146090063676761,0.9393772809870662,0.9414998396628338,0.9385526898468398,0.9376059370562096,0.9263212546001497,0.9212515461083879,0.926458686456854,0.9229312688014415,0.9136240780612945,0.9290469864247866,0.936491211996274,0.9410417334738193,0.9295127277169515,0.9370256692167912,0.9347045978591171,0.937804449738116,0.9395376181532212,0.9335822376960313,0.9347580435811689,0.9316658268053202,0.9381251240704261,0.940469100737551
416,0.9492445201106618,0.9541087769434227,0.9488188976377954,0.9490925120846381,0.9500501626485878,0.9482868695467119,0.9471088073450278,0.9231295412397775,0.931246769829447,0.9542151825616393,0.9378591189614811,0.9284346213480071,0.9526723010974979,0.9527863071170157,0.9545191986136867,0.9552640379412034,0.9368710667923267,0.9374486972912169,0.936521448332472,0.9495029337549024,0.9330024625300216,0.9522694798285349,0.9520870701973064,0.952033867388198,0.9565865077676101,0.9520642689934028,0.94079287386374,0.9534931444380264,0.941796126835497,0.9492597209132642,0.944296658863588,0.9483400723558205,0.9520110661842945,0.9484540783753382
417,0.9539229693579767,0.9617354693579767,0.9536417801556422,0.9538317728599223,0.9470452334630349,0.9572972397859922,0.954264956225681,0.947227626459144,0.9412846546692607,0.9609830982490274,0.9471212305447471,0.9412314567120622,0.9585511916342413,0.9610514956225682,0.9601927285992219,0.958505593385214,0.9483979815175098,0.9423486138132295,0.9484739785992217,0.9493023467898832,0.9375987962062258,0.95268421692607,0.9574872324902725,0.9547665369649806,0.9537481760700389,0.9440357490272373,0.950875486381323,0.9555493069066148,0.9617506687743191,0.951871048151751,0.9694035749027237,0.9524410262645915,0.9691907830739299,0.9693123784046693
418,0.9470284237726098,0.9268581851345189,0.9474388204894361,0.9474008207934336,0.9375132998936009,0.9457060343517252,0.9492400060799514,0.9374829001367989,0.9283173734610122,0.9292065663474692,0.9402796777625779,0.9291989664082688,0.9257789937680497,0.9292293661650706,0.92906216750266,0.9287885696914425,0.9338501291989664,0.9290165678674572,0.9345037239702082,0.91671986624107,0.911202310381517,0.9387292901656787,0.9347925216598267,0.9350433196534427,0.9399756801945585,0.941670466636267,0.9515731874145008,0.9496580027359781,0.9467396260829912,0.9382808937528501,0.941845265237878,0.9354917160662715,0.9415108679130567,0.9467700258397933
419,0.9523853295339645,0.9469237368630696,0.9524236296228208,0.951887428378834,0.9361001317523056,0.9545684345987683,0.9525385298893895,0.9387658179366977,0.9276128320617705,0.9458666544106381,0.9359775714679658,0.9303551184238746,0.9471075772895793,0.9448861721359194,0.9477586788001349,0.9476973986579649,0.9397922603180439,0.9378312957686061,0.9397616202469591,0.9319484021202928,0.923445782394215,0.9503171247357294,0.94544535343322,0.9521555290008273,0.9465100959034225,0.9452461929711677,0.947191837485063,0.9506082054110365,0.9504243649845268,0.9481876397953243,0.9498345436161413,0.952339369427337,0.9513895272237031,0.9555565768912583
420,0.9574196993972687,0.9585336079957274,0.9576333257038223,0.9570687418936447,0.9490959029526208,0.9553521019302663,0.9609369039444571,0.9543297474631877,0.945159075303273,0.9623865110246433,0.9467612726024262,0.9563897154192416,0.9533607995727474,0.9601739528496223,0.9631952391851683,0.9612878614480811,0.9508049134050507,0.9423819333180743,0.9507286182955673,0.9511711299305714,0.9474937056534676,0.9545891508354315,0.9543907835507743,0.9577630273899443,0.9520561532005798,0.9511940184634164,0.9486610208285648,0.9519035629816128,0.9547417410543984,0.9574731059739071,0.9496070801861601,0.9632028686961166,0.9516289005874724,0.9658655680170901
421,0.9726405737392233,0.9710231174181734,0.9727931639581903,0.9722590981918059,0.9665064469367514,0.9724879835202562,0.9735561150530251,0.9634241245136186,0.9621271076523994,0.9687800411993591,0.961043717097734,0.9592278934920271,0.9691004806591896,0.9701915007248035,0.9674525062943464,0.9679865720607308,0.9636224917982757,0.9609979400320439,0.9637598229953459,0.9590905622949569,0.96591134508278,0.9715724422064546,0.9711451895933471,0.9737697413595788,0.9640115968566414,0.9582513160906385,0.9657358663309682,0.9689784084840161,0.9657587548638132,0.9667963683527885,0.9583047226672771,0.968642710002289,0.9680628671702144,0.9658350499732967
422,0.9525499534429333,0.9508174199752714,0.9515043275175161,0.9519088397368382,0.9565416494939781,0.9532597579032529,0.9511379768283189,0.9349727526674909,0.9294622277174825,0.9540229885057472,0.9308971012501717,0.9306223382332737,0.9538703423852484,0.9527025995634321,0.9541145761780464,0.9544198684190441,0.936026010898933,0.9361328631832821,0.9353696325807879,0.9318129779731648,0.9271725359099998,0.9513669460090672,0.95231335195616,0.9555189204866358,0.9597624826365038,0.952305719650135,0.957762818457969,0.9583047121857399,0.9472760299796981,0.9549236006166902,0.9542443253804703,0.9529468333562303,0.9604646547907983,0.9507563615270718
423,0.9529964747356052,0.954766737375433,0.9527980832328659,0.9530880400445617,0.9551177377264334,0.9511117554595816,0.9524470828818654,0.9406504189112884,0.9391701130831567,0.9553084987867595,0.9366978497413281,0.9349352175439132,0.9537518885344971,0.9563004563004565,0.9545073023333893,0.9534390403955622,0.9409174843957453,0.9317533230576709,0.9412227020922673,0.9354846093976528,0.9353396309918048,0.9490896882201231,0.9501426892731242,0.9398950051123964,0.9566056739969784,0.9470370992110122,0.9522792131487785,0.9496161887466236,0.942649594823508,0.9453126192256627,0.9507683855509942,0.9378271552184596,0.9542478672913456,0.9494941016680146
424,0.9404629134519901,0.9427087311893667,0.9401879153616989,0.9399052784355664,0.9397906958979453,0.9337254602398596,0.93739210144374,0.9156366969673821,0.9180047360782216,0.9403101367351617,0.9278130012986021,0.925307463142617,0.9412573523794975,0.941853181575128,0.9425406768008555,0.943992055610725,0.9256435719196394,0.9258727369948819,0.9252463524558857,0.9226033152547551,0.9265143992055612,0.9315942250401039,0.9330074096707661,0.9299213199908335,0.9363379420976242,0.9415934611565197,0.9410740203193033,0.935161561378046,0.9353296157665572,0.9400274998090291,0.939057367657169,0.9360629440073331,0.9375601558322513,0.939569169658544
425,0.949475065616798,0.9266617835561253,0.9497192211438686,0.949475065616798,0.9414331929439053,0.9496200329609962,0.9483153268632118,0.9221449063053164,0.9224501007141551,0.9272798022340232,0.9198712079594703,0.9108603430385156,0.9256699017274005,0.9267686015992188,0.928279313922969,0.9287676249771104,0.9163156930965026,0.9131569309650248,0.9164835500213635,0.9130195934810473,0.9142861502777269,0.9246017212964658,0.9274018799975583,0.9266160043947995,0.9380531648660196,0.9393197216626992,0.9392739425013734,0.9341161569920038,0.9377556003174021,0.9333073918085822,0.9341771958737717,0.9349096624549839,0.943432216321797,0.9428294573643411
426,0.9493138556883578,0.9473676176519974,0.949794690967929,0.9486880065943123,0.9389568164125109,0.9518630459006885,0.9523591457923097,0.9508326845873213,0.9447573689914671,0.94701653157485,0.9405138068415992,0.9424218833478347,0.9533971394117019,0.9470241638808751,0.952053853551312,0.9549083360046404,0.9415518004609914,0.9387889056799622,0.9416128589091908,0.9427729694249821,0.9368426676436018,0.9526339088092077,0.9506189800186228,0.9573735708506969,0.9513516813970173,0.9539314008334479,0.9537329608767994,0.956564546412053,0.9553968035902368,0.9608386377860207,0.9560760788264566,0.9566713986964022,0.9572896154844225,0.9589534581978598
427,0.9663543701171875,0.9667816162109375,0.966583251953125,0.966156005859375,0.9555206298828125,0.9662628173828125,0.965118408203125,0.950592041015625,0.952301025390625,0.9654083251953125,0.9459686279296875,0.949493408203125,0.9650421142578125,0.9674758911132812,0.96673583984375,0.9679412841796875,0.9575042724609375,0.9546051025390625,0.95745849609375,0.9630279541015625,0.96209716796875,0.9625091552734375,0.9571380615234375,0.9616622924804688,0.964080810546875,0.9695587158203125,0.962554931640625,0.96405029296875,0.9640960693359375,0.9664993286132812,0.9616775512695312,0.9675979614257812,0.96417236328125,0.9594573974609375
428,0.9560748947079288,0.9558154794604163,0.9561664530305805,0.9556018433742294,0.9551669413416345,0.9559985961057195,0.9552508698040653,0.9347494353903437,0.9321095037538913,0.9559680766648354,0.937206250381493,0.9462705243239944,0.9563190502349996,0.9554492461698102,0.9564487578587559,0.9563266800952206,0.9461026673991333,0.9412195568577183,0.9462247451626686,0.9479490935726057,0.9438442287737289,0.9540529817493745,0.9493987670145884,0.9590429103338827,0.9520081792101568,0.9627281328206067,0.9561206738692546,0.9519089910272843,0.959363364463163,0.9587148263443813,0.9516343160593298,0.9551822010620765,0.9615455044863578,0.9566700238051639
429,0.9423611111111111,0.9388202075702075,0.9438492063492063,0.9425518925518925,0.9322802197802197,0.9496413308913308,0.9446733821733821,0.920940170940171,0.9138736263736263,0.9453907203907205,0.9234279609279609,0.9280067155067154,0.9497405372405372,0.9428647741147741,0.9488247863247863,0.9502747252747253,0.9355769230769231,0.9335164835164835,0.9351800976800977,0.936523199023199,0.9325396825396826,0.9456501831501832,0.9463064713064714,0.9507783882783882,0.9472985347985348,0.9532814407814407,0.949557387057387,0.9383547008547009,0.9490689865689865,0.9432463369963371,0.9474664224664224,0.9413156288156288,0.9476648351648351,0.9453678266178265
430,0.9490838618745596,0.9444112510341025,0.9493519624965531,0.9488464013236511,0.9400220608511813,0.9473373778227167,0.9529062107424088,0.9290682354383062,0.9138401201090788,0.9461347550326318,0.9271685510310385,0.923124061647823,0.9480650795109844,0.9453993933265925,0.9474369580537426,0.9474369580537427,0.9312436804853387,0.9313356006985937,0.9308913196678618,0.9341851273094954,0.9169500873242027,0.937984496124031,0.9414161840855471,0.947099917271808,0.9456904740018997,0.9407727425927628,0.9444112510341024,0.9454836535220762,0.9533964518797684,0.9468164966142723,0.9498651836872262,0.9521248889297423,0.9604896283359377,0.959922787020866
431,0.9555860805860805,0.9518162393162392,0.9551205738705738,0.955448717948718,0.9582264957264957,0.9581196581196583,0.9518543956043954,0.9448717948717948,0.9335927960927961,0.9554716117216118,0.9427503052503052,0.9461080586080586,0.9554716117216118,0.9553724053724054,0.9561507936507936,0.9568376068376069,0.9467490842490842,0.9442002442002442,0.9467948717948717,0.9506715506715506,0.9448870573870574,0.948550061050061,0.94878663003663,0.9499389499389499,0.9517094017094017,0.95376221001221,0.9513278388278388,0.9537851037851037,0.9560897435897435,0.9531898656898656,0.9531669719169718,0.9507020757020757,0.9544719169719169,0.9559905372405372
432,0.9412729658792651,0.9365882317035953,0.9413416346212538,0.9415629005676617,0.9276689251052921,0.9503448696819875,0.9442409815052188,0.927287432094244,0.9202221815296343,0.9371070621986206,0.9194439357870963,0.9343832020997375,0.9376411524140877,0.9374427760483427,0.9388695599096624,0.9395867667704327,0.9255478239638648,0.9205121162180309,0.9254715253616553,0.9339254104864799,0.9233046450589024,0.9305682719892572,0.9345968381859244,0.9357718366599523,0.9364585240798388,0.938175242629555,0.9434703656229019,0.9408838430079961,0.945370200817921,0.9455380577427823,0.9532899957272782,0.9375495940914363,0.9509399987792224,0.9504898370261857
433,0.9501770127571263,0.9478880546908381,0.9494903253372399,0.9500244155527071,0.952359152780321,0.9461408167002382,0.9487197094549228,0.9189403650125131,0.9191387413782579,0.9464994201306233,0.9163462125373864,0.9222669840688519,0.9414637123847891,0.9480711713361412,0.9446529939571507,0.944576695354941,0.9241591894036502,0.9271958737715926,0.9235640603064151,0.9261734725019839,0.9235259110053105,0.9309192455594214,0.9459424403344932,0.948658670573155,0.9405404992980531,0.9466749069157052,0.9493529878532625,0.9442257217847769,0.9445003967527315,0.9454464994201306,0.9403726423731917,0.9436534822682048,0.940715986083135,0.9424174449124094
434,0.9370879120879121,0.9364316239316239,0.9371336996336995,0.9365613553113552,0.927960927960928,0.939217032967033,0.9402930402930403,0.9414682539682538,0.9386752136752136,0.9386752136752137,0.9328449328449329,0.9275335775335775,0.939720695970696,0.9375228937728937,0.9410714285714286,0.9418650793650793,0.9409035409035409,0.9414529914529914,0.9405372405372405,0.9397130647130647,0.9291971916971917,0.939484126984127,0.9427503052503053,0.9399114774114774,0.9412698412698413,0.9305860805860806,0.9375610500610502,0.9417124542124542,0.937797619047619,0.9432539682539682,0.9315934065934066,0.9343788156288156,0.9508699633699633,0.9453754578754578
435,0.9451107855704083,0.9372901788439236,0.9448361106024538,0.9441417933223463,0.9402276750289935,0.9415857901483246,0.9488417872184581,0.9375267045107732,0.9376793017151925,0.9392357932002685,0.9406396874809254,0.9433559177195874,0.9388771897698834,0.9378471586400537,0.9411585179759506,0.9401361167063419,0.9408533235671123,0.9416315693096503,0.9410211804919734,0.9367179393273515,0.9367942379295612,0.9437984496124031,0.9497955197460782,0.9447674418604651,0.9415400109869987,0.9617667704327657,0.9381294634682292,0.9609045962277972,0.9580510285051579,0.9554110968687054,0.9386406641030337,0.9347418055301228,0.9425166330952817,0.9453015320759324
436,0.9570695465686275,0.9454503676470588,0.9568704044117647,0.9563955269607843,0.9575367647058824,0.9570695465686275,0.9575367647058822,0.9452512254901961,0.9362132352941176,0.9498697916666667,0.9366574754901961,0.9414981617647059,0.9460324754901961,0.9483379289215687,0.9534773284313726,0.9550091911764707,0.9409466911764706,0.9377144607843138,0.9410232843137254,0.9368872549019607,0.9130131740196079,0.9478247549019607,0.9477098651960785,0.9518918504901961,0.9539292279411765,0.9553538602941176,0.9525965073529411,0.9565716911764707,0.9516467524509804,0.942715992647059,0.9565333946078433,0.9615042892156862,0.9578737745098038,0.9590533088235293
437,0.9487408424908426,0.9386981074481073,0.9484813797313797,0.9479700854700854,0.9353479853479854,0.9458333333333333,0.947336691086691,0.9308455433455433,0.9382783882783883,0.9410180097680098,0.9294566544566545,0.9387515262515262,0.9461080586080587,0.9396978021978021,0.9443223443223444,0.9460470085470085,0.9412545787545789,0.9321275946275946,0.9414835164835165,0.9329517704517705,0.9223290598290598,0.9491758241758241,0.9434752747252747,0.9442002442002443,0.9490537240537241,0.9469780219780219,0.9404532967032968,0.9458791208791208,0.9463064713064714,0.947718253968254,0.9399496336996337,0.9500839438339438,0.9456654456654456,0.9479700854700855
438,0.9512550545510033,0.9407492179751278,0.9505378805218586,0.9516289005874724,0.9472648203250171,0.9521324483100633,0.9485465781643396,0.9295490959029526,0.927870603494316,0.9404745555809874,0.9290455481803617,0.9282673380636302,0.9411230640115968,0.9400473029678797,0.9405050736247808,0.9405203326466774,0.9332875562676433,0.9320515754940109,0.9331349660486762,0.9320973525597009,0.9164263370717938,0.939986266880293,0.9381399252307926,0.942000457770657,0.9452582589456016,0.9435492484931716,0.9450675211718929,0.9463569085221637,0.9454184786755169,0.9374532692454415,0.9447775997558556,0.9414892805371176,0.9478751812008851,0.9422369726100557
439,0.9365450077086291,0.9369189907038513,0.9379798812413183,0.9349651203614661,0.9318129779731649,0.9349956495855658,0.9398268992993543,0.9316145380165164,0.9224099769504358,0.9389415518004609,0.9370182106821755,0.935491749477187,0.936148127795332,0.9378272351208194,0.9404680130054492,0.940788569858497,0.9417807696417395,0.9384988780510145,0.9418723573140388,0.9483750820472897,0.9425745294683336,0.9408190990825969,0.9482987589870404,0.9410022744271954,0.9458106272229091,0.9467722977820517,0.9472302361435485,0.9386515241715132,0.9329349269588313,0.9437956984323245,0.9422997664514356,0.9342782128192212,0.9423150310634855,0.9428034986490819
440,0.9432919662346783,0.9459098472012333,0.94371174306605,0.9439330799407732,0.9388804933522614,0.9449481766420906,0.9457495687747096,0.9506800384668224,0.9511837706644686,0.9504281723679993,0.9524965273007587,0.9539542977515225,0.9494741341148815,0.9490772542015845,0.9514890629054663,0.9500083955366275,0.9559615942360825,0.9510158599319198,0.9561295049686312,0.950596083100548,0.9431011585840545,0.9557860511975089,0.9583734029399643,0.9517332966982646,0.9526033795851079,0.961991115995787,0.9578238769061683,0.9475278960785212,0.9584573583062386,0.9466807101097525,0.9615560745523652,0.9592892796629573,0.952588114973058,0.952053853551312
441,0.9374157475490195,0.9271905637254902,0.9377987132352942,0.9377374387254903,0.9264246323529411,0.9382735906862745,0.9348805147058823,0.9273284313725492,0.9192861519607843,0.9319393382352942,0.9214613970588236,0.9157475490196079,0.9319316789215686,0.9308440563725491,0.931326593137255,0.9289981617647058,0.923376225490196,0.9178155637254903,0.9236060049019608,0.9231464460784314,0.9102941176470589,0.9340226715686275,0.9325214460784315,0.9349264705882352,0.9345281862745098,0.9390854779411766,0.9384574142156863,0.9380361519607844,0.938970588235294,0.9354702818627451,0.9289828431372549,0.9364276960784313,0.9379901960784314,0.934734987745098
442,0.9442290076335877,0.9493587786259542,0.9424580152671754,0.943648854961832,0.903557251908397,0.9432977099236641,0.946030534351145,0.9425801526717557,0.936351145038168,0.9484885496183206,0.9366259541984733,0.9401068702290075,0.9466717557251908,0.9482900763358777,0.9484580152671755,0.9489312977099236,0.9435114503816794,0.9393893129770993,0.9435419847328246,0.9382290076335876,0.9341221374045802,0.9455267175572519,0.949297709923664,0.9456946564885497,0.9501984732824428,0.9473587786259542,0.9459389312977099,0.9457709923664123,0.9459618320610688,0.9419618320610688,0.9418778625954198,0.9382442748091601,0.953206106870229,0.9510381679389313
443,0.9456753952267594,0.9559604468046147,0.9450192272477569,0.9456753952267596,0.947323445034487,0.9502990905206617,0.9512451931880609,0.9495361044985657,0.9419672831593725,0.9566013550631753,0.9336049563571995,0.9260208752975646,0.9581044375267045,0.9566166147836171,0.9589971311725569,0.959363364463163,0.9424708539339559,0.9361685893914423,0.942669230299701,0.9394189098455716,0.9369773545748642,0.9517029848013184,0.9514893487151317,0.9413645242019166,0.9582188854300189,0.9541140206311419,0.957227003601294,0.9564106085576511,0.9525498992858451,0.9517487639626443,0.9550753830189831,0.9475599707013368,0.9571659647195264,0.9584477812366476
444,0.9343629343629343,0.9316693881911273,0.9340348253391733,0.9348894348894348,0.9345460649808476,0.93385169472126,0.9326613457048241,0.9178811787507439,0.9126924779098693,0.9307689959863872,0.9215437911090084,0.9193462236940498,0.9333175637523463,0.9308987135074092,0.9301967128054084,0.9295252338730599,0.9237413585239672,0.9234819234819234,0.923863445602576,0.9193004410395715,0.9168586994673952,0.929830451569582,0.9276023623849711,0.9311581485494529,0.9310513223556701,0.926541730889557,0.9326384543775847,0.9360797839058709,0.9331878462313246,0.926701970180231,0.9298075602423429,0.9221694873868787,0.9288079722862332,0.9345002823263693
445,0.9524964902642983,0.9360083623268022,0.9522675944576696,0.9524049319416469,0.9459348104742721,0.9510773362631997,0.956624244643838,0.9336507355185254,0.9210309467130562,0.93916712445828,0.9271806140511506,0.9244186046511628,0.9390679362754074,0.9369773545748642,0.9428676066654459,0.9430965024720747,0.9246169810169077,0.9175212110114143,0.9246932796191174,0.9343679423792955,0.9178645547213575,0.9381981322102179,0.9391594945980589,0.9395257278886651,0.9394112799853507,0.9373741073063543,0.9470792895074163,0.9376258926936459,0.9456525056460966,0.9403344930720869,0.9283479826649575,0.9434856253433437,0.9532747360068364,0.9541445400720259
446,0.9430982061416845,0.9243919124353908,0.9421480693219824,0.9426573426573427,0.8999543934326544,0.945522955305564,0.9428017634539373,0.9207357859531772,0.9215719063545151,0.9250456065673458,0.9156582547886897,0.9240346609911828,0.9299027059896625,0.9229857099422316,0.9292642140468228,0.9313925205229553,0.9235785953177258,0.9241866828823351,0.9234721799939191,0.9185770750988143,0.9175205229553055,0.9238978412891456,0.9311036789297659,0.9255852842809364,0.9274399513529948,0.9334448160535119,0.9249391912435391,0.9268470659775008,0.9269078747339616,0.9367740954697477,0.9256080875646094,0.9331635755548798,0.9480085132259045,0.9411675281240498
447,0.948650180793038,0.9564564564564564,0.948933627505056,0.949086841943985,0.9481369124226268,0.9512471655328798,0.9449117484831769,0.9322638965496107,0.9264111049825335,0.9576438683581541,0.9223509223509223,0.9252007109149967,0.9539437396580254,0.9564411350125634,0.9601795673224245,0.9609762824048538,0.9410277624563339,0.9371974014831158,0.9405987620273335,0.9385303671017957,0.9261046761046761,0.9568394925537783,0.9495158423729854,0.955046883618312,0.9609379787951218,0.9468499111356254,0.9544187044187045,0.9576438683581542,0.958747012318441,0.9540663112091683,0.9531240424097567,0.9468805540234111,0.9557057057057058,0.9487650916222345
448,0.9387428083080256,0.9425503990721381,0.938948830253178,0.9378500465456987,0.9388648953866345,0.9394829612220917,0.9372777633647199,0.9082668213102996,0.912814564988478,0.9409251148381583,0.9132113479939566,0.915950676820242,0.9397652875913745,0.941009049704702,0.9409708974926366,0.9408030277595495,0.9150884368275672,0.9155004807178719,0.9146153493979581,0.9231614449005754,0.9182016573320921,0.9247485769224899,0.9341263906481297,0.9354464571855876,0.9425809208417903,0.9342255863994995,0.9291055595403421,0.9440459657850964,0.9333709768492376,0.936407892929632,0.9411921803226152,0.9306698002350178,0.9302272345750606,0.9354617180704137
449,0.9249469684252294,0.9281975368931891,0.9250080119645336,0.9245120332076854,0.9211927907580082,0.9297846689151038,0.9259236650540998,0.9203229203229202,0.9172096998183954,0.9282814717597326,0.9063286889373846,0.9087399087399088,0.9289453202496681,0.9281059715842324,0.9298457124544082,0.9315549315549315,0.917148656279091,0.9152257847910023,0.9169960474308301,0.9171181345094388,0.9170418300853084,0.9201550505898333,0.9184305706044835,0.9246417507287072,0.9259847085934043,0.9228562272040532,0.921604834648313,0.9243975765714896,0.9284340806079937,0.9281670151235369,0.9210249210249211,0.9202084636867246,0.9259236650540998,0.926106795672013
450,0.9554578620384363,0.9603730671184991,0.956152401886706,0.9553510097540872,0.9489246080810857,0.9583581383279144,0.9581291691471662,0.9545572499274931,0.9488024911846865,0.9625406420295828,0.9484514051075392,0.9484514051075392,0.966753674955351,0.9612126207812428,0.9630291096151791,0.9622964082367846,0.9556715666071347,0.9543740745828945,0.9554578620384363,0.9555494497107356,0.9489856665292852,0.9547251606600418,0.961059974660744,0.9586176367327625,0.9580681106989666,0.9531834348430035,0.9638839278899727,0.9649829799575644,0.9632046526537529,0.9572667185663476,0.9621437621162858,0.9543664422768696,0.9612126207812428,0.9566485017783274
451,0.948639610883113,0.9543851649186806,0.9480468156254749,0.9481532147742818,0.9438060495516036,0.9485256117951055,0.948206414348685,0.9285757713938289,0.9261437908496732,0.9556011551907586,0.9352029183766529,0.9359021127830977,0.9542331661346709,0.9541115671074631,0.9563307493540052,0.9564067487460101,0.9300501595987232,0.9323605411156711,0.9298525611795105,0.926265389876881,0.9241222070223438,0.9405532755737954,0.941860465116279,0.9404468764249886,0.9454020367837057,0.9465116279069767,0.9522799817601459,0.9426812585499317,0.9518163854689162,0.9478644170846633,0.9493084055327556,0.9466028271773826,0.9532755737954097,0.9529715762273903
452,0.9559624628061341,0.9548256656748303,0.9562294956893262,0.9558556496528572,0.954360265506981,0.9535591668574044,0.9589074540321966,0.9435263599603265,0.9385519188220035,0.9571068894483863,0.9414969100480659,0.9440909437705043,0.9541313801785306,0.9559395742732891,0.9543450064850844,0.9515526054779889,0.9403219653620202,0.9300068665598535,0.9403982604715037,0.9420767528801404,0.9359578850995651,0.9560082398718242,0.9479362172884718,0.9571831845578699,0.9519340810254063,0.9595025558861676,0.9588693064774547,0.9509117265583277,0.9581673914702068,0.9513237201495384,0.9527580682078277,0.9539559014267185,0.955062180514229,0.9626916914625773
453,0.9511499076716469,0.952088452088452,0.9522868435911914,0.9517145604102126,0.9449997710867275,0.9534390403955622,0.9511193859019944,0.9303951043081479,0.9259084041692738,0.9508294290902987,0.9317685839424971,0.9266409266409266,0.9512109512109512,0.9517603430646908,0.9512109512109512,0.9505394722786027,0.9281364933538847,0.9226273139316619,0.9283196239717979,0.9429242907503776,0.9375524592915897,0.9371709371709371,0.93997893997894,0.9429166603079646,0.9479222305309262,0.9399636790941137,0.9288842767103637,0.9352938483373266,0.9510125597082119,0.9502113632548417,0.9453049887832496,0.9514322340409298,0.9459306850611199,0.9468921208051643
454,0.9463653564453125,0.9527740478515625,0.9457244873046875,0.945404052734375,0.9419097900390625,0.9495315551757812,0.9470596313476562,0.9241943359375,0.926300048828125,0.9524765014648438,0.9210205078125,0.9318695068359375,0.9532928466796875,0.9536056518554688,0.949981689453125,0.9481048583984375,0.9312896728515625,0.9294586181640625,0.930816650390625,0.9376220703125,0.931121826171875,0.9454345703125,0.934326171875,0.94281005859375,0.94036865234375,0.9513778686523438,0.9398651123046875,0.9491424560546875,0.9512481689453125,0.9444122314453125,0.954803466796875,0.9453659057617188,0.9540863037109375,0.9528732299804688
455,0.9384690813262242,0.944789176932034,0.9387142244285102,0.9382469203897776,0.933321076178219,0.9404761904761905,0.9376800269657413,0.9289697861126432,0.930547894833609,0.9453024453024453,0.9255531041245328,0.9287093215664645,0.9424296745725317,0.9455475884047312,0.9455169455169455,0.9455322669608384,0.9300116442973585,0.9261046761046761,0.9299350370778942,0.9316050744622174,0.9193785622357051,0.9463749463749463,0.9436324079181222,0.9452871238585525,0.9413188698902986,0.9498529141386286,0.9501899859042715,0.9473325366182509,0.933704112275541,0.9418627811484955,0.9447738554881412,0.9361785254642399,0.9391432248575106,0.9415027272170129
456,0.9386835815407244,0.9329457008028438,0.9382699025556167,0.9384690813262242,0.9268247839676411,0.9389593675307961,0.9384307777164921,0.9246951032665318,0.9233774590917447,0.9358950787522217,0.9179153643439358,0.9123613409327695,0.9378025985168843,0.9359257216400072,0.9353435067720781,0.933918612490041,0.9227186370043513,0.9165594165594166,0.9227033155604585,0.9195011337868482,0.9140007354293069,0.9279585708157138,0.9294447508733223,0.9358261322547037,0.9335508978366122,0.9379328307899737,0.9395798860084574,0.9314518600232886,0.930088251516823,0.9348991848991849,0.9365615615615617,0.9337117729974872,0.9391738677452963,0.9413724949439236
457,0.9423842972693547,0.9455467372134039,0.9413732287295505,0.943060876968923,0.9382107887855015,0.9449993918384723,0.9431597032171746,0.939792008757526,0.9277656145472237,0.9472115793954875,0.9388949705041659,0.9391230310770541,0.9477133126558414,0.9469227026698291,0.9472723955482577,0.9470899470899471,0.9446420969409475,0.9445508727117923,0.9442163838715564,0.9453110746214194,0.9408106793164265,0.9436386304202395,0.9519552393115611,0.9467402542115185,0.9557410448215047,0.9476981086176489,0.9499331022319529,0.9579760384358085,0.948929635711245,0.9561971659672809,0.9502143769385148,0.9460104603782764,0.9514535060512072,0.9460560724928542
458,0.9457160296025026,0.9522545204852368,0.9451056687266346,0.9456473640039673,0.9349660486762799,0.9437018387121385,0.9497062638284886,0.9446250095368887,0.9363088426031891,0.9532463569085221,0.9389181353475242,0.9404745555809872,0.9576638437476157,0.9532616159304188,0.9548332951857786,0.9566338597695888,0.9443503471427481,0.9375600823987182,0.9446402685587854,0.9407492179751278,0.9402151522087434,0.9474174105439842,0.9442740520332646,0.942244602121004,0.9535820553902495,0.9541008621347371,0.9473029678797589,0.9392385748073548,0.9578393224994277,0.9577553978789959,0.948928053711757,0.95131609063859,0.9566033417257954,0.9522087434195468
459,0.9478241022519781,0.9464470480827755,0.9486153377967134,0.9474056603773586,0.9372337188070602,0.9495739500912963,0.9469035301278149,0.9449482653682288,0.9355447352404138,0.9482729762629337,0.9333079732197199,0.9357729762629335,0.9462416311625076,0.9481055995130858,0.9466981132075473,0.9447808886183812,0.9377967133292757,0.9306755934266586,0.9381162507608034,0.9382760194765672,0.9432592818015825,0.9382988435788192,0.9474132684114427,0.9520617772367621,0.948014303104078,0.9506771150334753,0.9451536822884966,0.9493761412051126,0.9445906877662813,0.9455188679245282,0.9441265976871577,0.9384510042604992,0.95,0.9523737066342057
460,0.9168931297709924,0.9273282442748092,0.9151832061068701,0.9171832061068703,0.8874809160305343,0.9222290076335878,0.9187099236641222,0.9058625954198474,0.9058320610687023,0.9285038167938933,0.9075419847328244,0.9197404580152672,0.9276641221374047,0.9271832061068701,0.9299694656488549,0.9296641221374046,0.9162900763358778,0.9145954198473282,0.9163053435114504,0.9186106870229007,0.9213435114503817,0.9278320610687023,0.9262900763358778,0.9283816793893129,0.9286717557251909,0.9272900763358778,0.9280534351145039,0.9319465648854962,0.93,0.9236259541984733,0.9386335877862595,0.9230076335877864,0.9229465648854961,0.9215267175572519
461,0.9508852258852258,0.9525183150183151,0.951686507936508,0.9517704517704517,0.9415140415140415,0.9509844322344323,0.9522741147741147,0.9442002442002442,0.9404456654456653,0.9522435897435898,0.9453907203907204,0.944017094017094,0.9539148351648352,0.952693833943834,0.9521367521367521,0.9523962148962148,0.9476190476190476,0.9424603174603176,0.9476953601953602,0.9503205128205128,0.9534340659340659,0.9454365079365079,0.9461996336996337,0.9583791208791208,0.9453449328449328,0.9580280830280831,0.9580433455433456,0.9494505494505494,0.9597069597069597,0.957226800976801,0.9511294261294262,0.9591422466422467,0.9472832722832724,0.9443376068376068
462,0.9465781643396658,0.9461585412375066,0.9465323872739757,0.9470283054856183,0.9390402075226978,0.9464332036316472,0.9484626535439078,0.9479362172884718,0.930235751888304,0.9507667658503091,0.93330281528954,0.9401998931868467,0.9492637521934844,0.9490730144197757,0.9521934843976501,0.9523765926604105,0.9388570992599374,0.9382009613183795,0.9386129549095903,0.9566796368352789,0.9519493400473029,0.943709468223087,0.9454261081864651,0.945242999923705,0.9607919432364386,0.9604333562218661,0.9508506904707408,0.9544289311055161,0.9556725413900968,0.9552452887769894,0.953154802777142,0.9506752117189287,0.9488212405584802,0.9478675516899366
463,0.9536964980544747,0.9588006408789196,0.952651255054551,0.9534905012588694,0.9472648203250172,0.9523613336385137,0.9554283970397498,0.9414511329823758,0.9347371633478294,0.9589227130540933,0.9354238193331808,0.9414358739604791,0.9495613031204699,0.9587319752803846,0.9596246280613412,0.9588158999008164,0.9379110399023423,0.9275043869687953,0.938124666208896,0.9430838483253223,0.9315480277714199,0.9461203936827649,0.9483100633249408,0.9497520408941786,0.952651255054551,0.9569924467841612,0.9529869535362784,0.9505302510109103,0.9547951476310369,0.9518883039597161,0.9509422446021211,0.9439993896391241,0.9568017090104525,0.9545357442587931
464,0.9454333772480774,0.9330325683997671,0.9448972088605656,0.9454640154416495,0.919237721743926,0.9455712491191519,0.946153374797022,0.937819786145409,0.9306657679463219,0.9348172431753423,0.9356597934985754,0.9346180949171237,0.934372989368547,0.9348402218205215,0.9349551150464168,0.9336529918196023,0.9380955298875577,0.9348019240785563,0.9379423389196972,0.9344649039492632,0.9334385244645975,0.9446291246668097,0.9385244645975673,0.9406384999540427,0.9528171818989551,0.9415270075676339,0.9392291430497259,0.9371993627255737,0.9382410613070253,0.9466895431845339,0.9360351113698335,0.9507414442844451,0.9526639909310947,0.9554673856429425
465,0.9435542940853323,0.9395791369102118,0.9440654947201368,0.9431193920527376,0.9414637123847891,0.9425776719770493,0.9436687419886467,0.9377708600378442,0.938747482146127,0.9394570591466764,0.9393273515229201,0.938182872489776,0.9393655008240249,0.938556735640603,0.9430354635903069,0.9471403283891839,0.9366111212842582,0.9411279985350668,0.9361533296710005,0.9294848318378807,0.916010498687664,0.9302325581395349,0.9375724836720992,0.9319034975279252,0.943630592687542,0.9383583592748581,0.9291033388268327,0.938587255081487,0.9370536531770738,0.9323460294207409,0.932170542635659,0.9267228224378932,0.944973448086431,0.9393273515229201
466,0.9457364341085271,0.9430583531709699,0.94575932368919,0.9456753952267594,0.9348104742721114,0.9457288042483062,0.9489257156808888,0.9351919672831593,0.935268265885369,0.9467206860770311,0.936015992187023,0.9256088628456326,0.9473387047549289,0.9461942257217847,0.945156564731734,0.9434322163217971,0.9353903436489043,0.9287218458157847,0.9353750839284625,0.927897820911921,0.9310565830433987,0.9413416346212536,0.9376030031129831,0.9487883781969113,0.9412653360190442,0.9372901788439236,0.9412500762986022,0.9418452053958372,0.9493072086919367,0.9467893548190197,0.948498443508515,0.9537554172007568,0.9427913080632362,0.9421503998046755
467,0.9639887083237965,0.9645532921339742,0.964263370717937,0.9637903410391394,0.9532616159304188,0.967025253681239,0.9640039673456932,0.9542534523537042,0.9555962462806133,0.9635461966887922,0.9530785076676586,0.9570305943389029,0.9641107804989699,0.9655451285572594,0.9622034027618829,0.9622186617837797,0.9581902800030517,0.9508812085145342,0.9582513160906385,0.9569314106965744,0.9553673609521629,0.9602578774700542,0.9541161211566339,0.9654840924696728,0.9661173418783856,0.9594567788204776,0.9653772793163958,0.9662623025864041,0.9647135118638894,0.96411078049897,0.9642252231631953,0.9664911879148547,0.9657282368200198,0.963103685053788
468,0.9583257034731123,0.9475523408411158,0.9580662882255997,0.9588140145272539,0.908060184337423,0.9542513581151194,0.9578831715802967,0.9378166391991699,0.9279436000732467,0.9488570469389002,0.9347189159494599,0.9337728132820606,0.9492995788317159,0.9479490935726057,0.9489104559604467,0.9495055850576819,0.9350546297991821,0.9321095037538913,0.9349783311969725,0.9293017151925776,0.9191540010986999,0.945400720258805,0.944988707806873,0.9378624183604956,0.940303973631203,0.9437831898919611,0.9427607886223526,0.9557239211377648,0.9521455166941342,0.9460874076786913,0.9476210095831045,0.9490096441433193,0.9545260330830739,0.9539461637062809
469,0.9252060439560439,0.9326465201465202,0.9252442002442003,0.9249542124542125,0.9243589743589744,0.9274343711843711,0.9246947496947496,0.912530525030525,0.9145604395604395,0.9317765567765568,0.9091880341880342,0.9156135531135531,0.9339285714285714,0.9323946886446887,0.93246336996337,0.9339133089133089,0.9236416361416361,0.9218406593406594,0.9237789987789989,0.9042429792429793,0.9054945054945055,0.9305708180708181,0.9330662393162393,0.9306700244200246,0.9313949938949939,0.9283119658119658,0.9297542735042735,0.9313568376068376,0.9302884615384616,0.9273809523809524,0.9296169108669109,0.9328907203907204,0.9254426129426129,0.9262286324786325
470,0.9281012465795073,0.9290741866828823,0.9283520826999088,0.9278656126482214,0.9266342353298875,0.9318409851018546,0.9293098206141684,0.9177865612648222,0.9104591061112801,0.9293250228032837,0.9134843417452113,0.9237306172088781,0.9338248707813924,0.9289297658862876,0.9311644876862268,0.9323654606263302,0.9195652173913044,0.9236394040741868,0.9190331407722713,0.9209030100334449,0.9026831863788385,0.9298875038005473,0.9311948920644573,0.934113712374582,0.9358011553663728,0.9297278808148374,0.9263605959258133,0.9312861051991487,0.9312328975372454,0.9283444816053511,0.9344405594405594,0.9316433566433567,0.9316205533596839,0.9366524779568258
471,0.9657099236641221,0.9525114503816794,0.9661068702290075,0.9653435114503818,0.9589618320610687,0.961351145038168,0.96793893129771,0.9514351145038167,0.9529770992366412,0.9539312977099237,0.9504274809160305,0.9577557251908396,0.9529465648854961,0.952267175572519,0.9556488549618322,0.9554198473282443,0.9555267175572519,0.9527480916030535,0.955618320610687,0.9502748091603053,0.9473435114503816,0.9578320610687023,0.9604503816793892,0.9638854961832062,0.9643206106870229,0.963236641221374,0.9612366412213741,0.9615343511450382,0.9581984732824427,0.9651832061068701,0.9655190839694655,0.956763358778626,0.9638473282442748,0.964854961832061
472,0.9345589129377432,0.9411630593385214,0.934406918774319,0.9343613205252919,0.9216470087548638,0.9330541707198444,0.9384879620622569,0.9363296449416343,0.93271218385214,0.9440433487354085,0.9346273103112841,0.9306450632295721,0.9478736016536965,0.9432149805447472,0.9458596789883269,0.9463156614785992,0.9308426556420234,0.9293987110894942,0.9309946498054474,0.9292771157587549,0.9314354328793775,0.9444765321011673,0.935250486381323,0.9367096303501945,0.939453125,0.944316938229572,0.947714007782101,0.9371504134241245,0.950510700389105,0.9512098735408561,0.946011673151751,0.9477140077821012,0.9386247568093385,0.9408590710116732
473,0.9629592895507812,0.9630279541015625,0.96124267578125,0.964569091796875,0.9558868408203125,0.9630584716796875,0.9630126953125,0.949005126953125,0.9507064819335938,0.9666519165039062,0.9483566284179688,0.950592041015625,0.9693069458007812,0.96337890625,0.96502685546875,0.9632720947265625,0.95404052734375,0.9519500732421875,0.954071044921875,0.947509765625,0.9419097900390625,0.9616165161132812,0.959625244140625,0.96807861328125,0.9585952758789062,0.9642257690429688,0.9648056030273438,0.9697113037109375,0.961578369140625,0.9715118408203125,0.9577484130859375,0.970855712890625,0.9658660888671875,0.9683837890625
474,0.950650064090826,0.9439434169566014,0.9499862662516023,0.950039675273149,0.9501464933162425,0.950413538423976,0.9520997375328084,0.9449276689251054,0.9429439052676556,0.9447674418604651,0.9416926081914179,0.9357260574986267,0.9498184093267411,0.9437068912897515,0.9463620826466459,0.9471250686687419,0.9420130623206984,0.9359854727461392,0.9420435817615821,0.9396630653726423,0.9269822376854054,0.9446072147958249,0.9410211804919734,0.9430659830311908,0.9386101446621499,0.9498870780687297,0.9462094854422267,0.944614844656046,0.9479490935726058,0.9421351400842335,0.9483305865836539,0.9417307574925227,0.9467893548190196,0.9517792834035281
475,0.952942607003891,0.9427893968871596,0.9541053623540855,0.9527146157587548,0.9475468142023344,0.9521522373540856,0.9557468993190661,0.9402662937743191,0.9335481517509728,0.9444841318093384,0.9450693093385214,0.9339129377431906,0.9477748054474708,0.9431693822957199,0.9466196498054474,0.9470300340466926,0.938016780155642,0.9305538667315175,0.9383663667315175,0.9372112110894941,0.9269212062256809,0.9472504255836576,0.9486259727626459,0.9503815053501946,0.9526234192607004,0.9495151386186771,0.9525246230544746,0.9522434338521399,0.9560660870622567,0.9477900048638133,0.9511110773346303,0.949401142996109,0.9568640564202335,0.9522282344357975
476,0.960576923076923,0.9610653235653235,0.9612789987789987,0.9607905982905982,0.9557997557997557,0.9596535409035409,0.9566544566544566,0.9369658119658119,0.9237179487179488,0.958562271062271,0.941437728937729,0.9242063492063491,0.9618894993894993,0.9603174603174602,0.9611416361416362,0.9627136752136751,0.9462759462759462,0.9468406593406593,0.9459554334554334,0.935042735042735,0.9301739926739927,0.9615384615384616,0.95133547008547,0.9585546398046398,0.9567994505494506,0.9616300366300365,0.950595238095238,0.9584554334554334,0.9583791208791209,0.9604853479853479,0.9574710012210013,0.9594703907203908,0.9583791208791209,0.9624542124542125
477,0.9479929792429792,0.9429410866910868,0.9484355921855923,0.9483058608058607,0.9429181929181929,0.9486263736263736,0.9505189255189255,0.9518925518925518,0.9396825396825397,0.9492292429792429,0.9393315018315018,0.940552503052503,0.948221916971917,0.9453296703296704,0.9541819291819291,0.9551892551892551,0.950442612942613,0.9467490842490843,0.9502899877899877,0.9405677655677656,0.9188873626373627,0.9487026862026862,0.952754884004884,0.9482600732600732,0.9541666666666666,0.9473519536019536,0.9506715506715506,0.9533272283272284,0.9480082417582417,0.9497481684981686,0.9446352258852259,0.9411324786324786,0.9394688644688645,0.9464667277167277
478,0.9354513825306721,0.9321247634743333,0.9358786547030459,0.9357947262406153,0.9264634071903805,0.9231367881340413,0.9356268693157542,0.9191387413782579,0.92415918940365,0.9334599890130013,0.9229536714887383,0.9211835439174755,0.9298739547091498,0.9337499237013976,0.9339559299273636,0.936015992187023,0.9206494537020081,0.9200085454434475,0.9203289995727278,0.9278978209119211,0.9287828846975523,0.922053347982665,0.9251815906732588,0.9294619422572179,0.9364585240798388,0.9427455289019104,0.928813404138436,0.9403039736312031,0.9334676188732223,0.9318043093450528,0.9335439174754319,0.9365958615638162,0.9410669596532991,0.9363517060367454
479,0.9480824698216002,0.9485326659239702,0.9480672089367742,0.9482350786698613,0.9383612861873731,0.9486623834449921,0.9475330779678606,0.9403452012147664,0.9416728981946373,0.9468158163810337,0.939383765470722,0.9381018511453294,0.9485021441543181,0.9476017519495781,0.9479451218581653,0.9484334701726006,0.943717856761335,0.9366368062020235,0.9440688571123353,0.9432447693317259,0.9276786668091017,0.9374151113281548,0.9395974178582873,0.9438399438399439,0.9452439452439452,0.9398187006882659,0.9474338822164908,0.9468997512475773,0.9402002228089186,0.9408945930685061,0.9432295084468998,0.9465716422238161,0.9426495948235079,0.9419094419094419
480,0.9372643678160921,0.9403141762452105,0.9371417624521072,0.9377318007662836,0.92111877394636,0.935992337164751,0.9401226053639847,0.9261915708812261,0.917272030651341,0.9418390804597702,0.9124904214559387,0.9254252873563218,0.9381226053639847,0.9413563218390805,0.9429118773946361,0.9427739463601531,0.9245057471264367,0.9215325670498085,0.9245977011494253,0.9212107279693487,0.9085823754789272,0.9317471264367817,0.9368505747126437,0.940536398467433,0.9407816091954023,0.9370421455938698,0.9353256704980842,0.931264367816092,0.9310574712643679,0.9364750957854406,0.928727969348659,0.9330268199233717,0.9319999999999999,0.9387279693486591
481,0.9523173653608435,0.9518824301432997,0.9533245837593665,0.9517069299677996,0.9471362949623819,0.9535000839348666,0.9533474750866056,0.9265798831016222,0.912051520747173,0.9487005356570574,0.9200634852808764,0.9266104048712744,0.9513025165199078,0.9499595586552109,0.9468158163810337,0.9439925526882049,0.9266409266409267,0.9203229203229203,0.9268393181436659,0.9246417507287071,0.9280144062752758,0.93790345964259,0.941474506691898,0.9482350786698611,0.9502571459093199,0.947746730355426,0.9491202099897752,0.9415889633280937,0.9520045172219086,0.9493643841469928,0.947273642925817,0.9395821569734613,0.9573153051413922,0.9584903932730019
482,0.9525422694256241,0.9466977964963682,0.952572788866508,0.9512909723493865,0.9463010437648784,0.9506729536714886,0.9521226271134713,0.9437221510101934,0.9436763718488677,0.9495208447781235,0.9293474943539034,0.9292711957516938,0.945377830678142,0.9488570469389002,0.9476438991637672,0.9447292925593604,0.9401818958676676,0.930797167795886,0.940319233351645,0.9280046389550145,0.9261582127815419,0.9416773484709761,0.9513672709515962,0.9367331990477935,0.9382133919306599,0.9514893487151316,0.9503296099615455,0.9487731184764695,0.9399758896417018,0.9529848013184398,0.9530305804797656,0.9504516877250808,0.9544039553195384,0.954709149728377
483,0.937354032147273,0.9239059089313246,0.9376898536123704,0.9370792691303751,0.926226129962907,0.9358199386362595,0.9373540321472729,0.9339805528842485,0.9171131565691257,0.9254476347483629,0.9201508143670528,0.9290042893559861,0.9319808887057136,0.924890476408542,0.9257987208255102,0.9263177176352063,0.9310955412068203,0.9285005571583398,0.9308513074140221,0.9196318175573568,0.9254171055242632,0.9419639449863381,0.9369266230098762,0.9320037856237883,0.9384378196028148,0.9362855093037811,0.9372624444749736,0.9385675688052388,0.9389873456366107,0.9295767123078567,0.9275388865991969,0.9427271755888323,0.9363160385278808,0.9346369312023936
484,0.9450580593768192,0.9332163975611998,0.9446674224087748,0.9462069916357732,0.9406844572444008,0.9451729526027145,0.9435797665369648,0.9221789883268482,0.919237721743926,0.9322819326572506,0.9243389809736818,0.9202947394221637,0.935322773369282,0.9334308649162046,0.9307576825270383,0.9294708783970098,0.9195900609700053,0.9147032690952542,0.9193755936150004,0.927264928459818,0.9062471276693526,0.9249211066515518,0.9313091700113363,0.9286053494285976,0.938432550016851,0.9237262171022397,0.9341738411103281,0.9306964061398939,0.9387312724041791,0.9366555347896688,0.9313934250436594,0.9351925610466005,0.9401023315665309,0.9447746560862771
485,0.9513498312710912,0.9573997507068372,0.9514106344815006,0.9520110661842945,0.9361110266622077,0.9484540783753383,0.9504377831149486,0.9295746815431856,0.9370534764235553,0.9588514273553644,0.9330556653391299,0.92436080625057,0.9603563068129998,0.9576505639497767,0.9568753230170552,0.9554920499802388,0.9355029945581127,0.9250144407624722,0.9360198218465935,0.9217082661964552,0.906226248745934,0.9455963274860913,0.9470860061411244,0.9552336363359986,0.957832973581005,0.9465843796552459,0.9629632444593075,0.9634876721490895,0.9659198005654699,0.9590794393944001,0.9473900221931717,0.9539339677134953,0.9538655641017847,0.9562216885051532
486,0.9611640114753098,0.9597372276139899,0.9597524873344322,0.9608282976255876,0.9610571934322164,0.9640862479399378,0.9616218030885674,0.9387169627052433,0.9335744369163156,0.9620795947018251,0.9407770249649027,0.9364737838002808,0.958211255569798,0.9611640114753097,0.961896478056522,0.961133492034426,0.9456143563449918,0.9421046206433498,0.9456296160654336,0.9472929255936031,0.9270585362876151,0.9596456692913385,0.9601873893670269,0.9542208386742356,0.9620338155404993,0.9651696880913141,0.96386498199353,0.9597067081731062,0.9631630348532015,0.9647958249404872,0.9563114203747788,0.9645516694134164,0.9679088079106389,0.9674357565769394
487,0.9317195427593373,0.9431352772174338,0.9314750290360047,0.9309630784277768,0.9308637447276727,0.9342105263157894,0.9339048841616235,0.9302066140962162,0.9157955865272939,0.9444113332110764,0.9299162540497585,0.9260498807995597,0.942264197078061,0.9437771257411822,0.9460847240051348,0.9472003178678403,0.9291979949874686,0.9286019927868451,0.9289534812641359,0.9288923528333028,0.9168653340668745,0.9369918699186993,0.9429213277095176,0.9382067974815086,0.9370835625649491,0.9385812091203618,0.9335533956843327,0.9345772969007885,0.9327052387065224,0.9249037227214377,0.9324530839293356,0.921916070664466,0.9428449171709762,0.9374961794730728
488,0.9461511567810781,0.9434910163256619,0.9468427932994863,0.9471088073450279,0.9350469704800413,0.946386769221415,0.9508178031800079,0.9343325327577295,0.9305627337123399,0.945945945945946,0.9302131152524852,0.9322652236038064,0.9453531146444532,0.9454595202626699,0.9461891587875838,0.945505122670477,0.9379047213692883,0.9313531754476636,0.9379503237770955,0.9350925728878485,0.9233271516736083,0.945786337518621,0.9460523515641626,0.9485148815857477,0.9450338977898034,0.9483780743623262,0.9387863679202262,0.9516538473231387,0.9441218496336606,0.9424497613473991,0.949776548201745,0.9481348615206883,0.9396528136685617,0.9459459459459458
489,0.9624764337408015,0.9619366903849662,0.9628717387338077,0.9624992397980903,0.9646202031259502,0.9637687769871679,0.9637003588153013,0.9503588153013441,0.9517119747004803,0.9621875570151434,0.9420878185246001,0.9450678100103387,0.963160615459466,0.9622255671106246,0.9623243933588761,0.9625524539317643,0.9438514869549353,0.940324150094265,0.9441403636805935,0.9437830687830688,0.9453946968314784,0.9557714528978897,0.9575351213282248,0.9553153317521134,0.9515599343185549,0.9534300310162379,0.9652131606154595,0.9574438970990695,0.9656084656084656,0.9590403211092864,0.9586526181353767,0.9584017515051998,0.9465426017150154,0.949431368971599
490,0.9418106079101562,0.9471282958984375,0.9424819946289062,0.9417724609375,0.940185546875,0.9381790161132812,0.9416427612304688,0.93292236328125,0.930145263671875,0.9462890625,0.9305267333984375,0.9227294921875,0.9426651000976562,0.9464874267578125,0.9478607177734375,0.94915771484375,0.9290008544921875,0.926513671875,0.9292144775390625,0.9351043701171875,0.9293975830078125,0.9395599365234375,0.9420928955078125,0.94598388671875,0.9432449340820312,0.94427490234375,0.9337921142578125,0.9471664428710938,0.9416427612304688,0.9395675659179688,0.9469757080078125,0.944000244140625,0.9492034912109375,0.950592041015625
491,0.9414560825245681,0.9399606299212598,0.9411661478361717,0.9420512116218032,0.9194591955075385,0.9396554355124215,0.9421503998046755,0.9343679423792957,0.9329106390770922,0.9410822193737411,0.9295306109992064,0.9231367881340414,0.9432490996764938,0.940899102728438,0.9429286455472137,0.9435542940853324,0.9343374229384116,0.9334065799914545,0.9343374229384117,0.9314991149362144,0.9143014099981688,0.9336659952389671,0.9411737776963927,0.9415094915461149,0.939556247329549,0.9348104742721114,0.9392586827809316,0.9438442287737288,0.939739363974852,0.9398156625770616,0.9364737838002808,0.9380684245864617,0.9336812549594091,0.9362754074345359
492,0.9470928546350994,0.934705621956618,0.9472912945917479,0.9473065592037979,0.9401627207644517,0.9400940300102273,0.9500847185968768,0.9308513074140221,0.9267145975485034,0.9402695730488009,0.9303170459922763,0.9415060066248415,0.9376745890003205,0.9383233350124407,0.9416433881332906,0.9399490161957534,0.9354764848651372,0.9273404466425486,0.9356749248217856,0.9439178153287234,0.9263787760834059,0.9402085146006014,0.9491077834256842,0.9432309077864786,0.9498252201920288,0.9591213689304087,0.9472760299796981,0.9503900108378746,0.9461464486880066,0.9476881745050448,0.9442765337118957,0.9448413243577415,0.9398574285234541,0.9390178748607104
493,0.9643389170948227,0.9623704131578148,0.9642477122792084,0.9640653026479797,0.964430121910437,0.9604855136351199,0.966284619827927,0.949335724926276,0.9506733955552853,0.9599762867479403,0.9420621408810386,0.9481044599154836,0.9644301219104369,0.9609795397196973,0.960766728483264,0.9614203629951662,0.9502629738850211,0.947922050284255,0.9503845803058402,0.9485452831909524,0.9421913477031588,0.9614507646003708,0.9557808652296842,0.9654333748821938,0.9633660657282704,0.9588514273553644,0.9570425318456813,0.9644225215091357,0.9559936764661174,0.9625908247955491,0.9576505639497767,0.9603791080169033,0.9684127321922598,0.9670750615632505
494,0.9372710622710623,0.9422619047619047,0.9372252747252747,0.9374084249084249,0.9320512820512821,0.934981684981685,0.9396825396825397,0.9342796092796093,0.9318070818070817,0.943307387057387,0.9261294261294261,0.9298076923076922,0.9421855921855922,0.9433455433455433,0.9438186813186813,0.9432844932844933,0.9304181929181928,0.9270604395604395,0.9304945054945054,0.9357982295482296,0.9370344932844933,0.9295177045177045,0.9348290598290598,0.9397741147741148,0.9443452380952381,0.9375992063492062,0.9429639804639804,0.9455738705738705,0.9458409645909646,0.9519154456654456,0.9477411477411477,0.9427884615384616,0.9420177045177045,0.9414148351648352
495,0.9404309252217998,0.9389573503138027,0.9414769343533832,0.9410875440927207,0.9282300303877107,0.9362621589017668,0.9417747033762426,0.9416983523447402,0.9445538809229312,0.9439278024646114,0.9386137706720418,0.938903904591751,0.9415456502817351,0.9413776780124299,0.9470734649625117,0.94608090155298,0.9362774291080673,0.9310702887596012,0.9364454013773726,0.9384457984027365,0.9345366255898117,0.9439278024646113,0.9458060378395713,0.9541130300670362,0.9490127811626735,0.943729289782705,0.9401560615083909,0.9489517003374716,0.9422633499778582,0.9426374700322202,0.9404232901186496,0.9450654328339975,0.9332386580542704,0.9390871470673569
496,0.9307995177560395,0.9450074015291408,0.9312497138584096,0.9307461046591482,0.9348970653318479,0.9361942405420666,0.9382697208784166,0.9404367665237231,0.9423901597814641,0.9502495154669068,0.9405588536023319,0.9402078532513315,0.9478382956643825,0.9486089703481008,0.9509362552840813,0.95043264608482,0.9490133837959925,0.9435042043737695,0.9491507317594273,0.9526149526149527,0.9273352969005143,0.9514398644833427,0.9440535962275094,0.9523402566880828,0.9504631678544722,0.9474109908892518,0.9448319013536406,0.9450150319715538,0.9485174050391442,0.9420086376608116,0.9466479466479466,0.9492575579532102,0.9415813328856807,0.9432218780044866
497,0.9555984555984556,0.9536526927831276,0.9554763685198469,0.9556289773681078,0.9504631678544722,0.9588261327391762,0.9549346071085201,0.9421612465090726,0.9310055397011918,0.9549956506478245,0.9368199368199368,0.9358737619607185,0.9555831947136295,0.9542860195034107,0.9534085186259099,0.9522486913791262,0.9367436323958064,0.933111541807194,0.936529980008241,0.9353930440886963,0.9350878263921742,0.9429395516352038,0.9465563813389899,0.9448853144505318,0.9479451218581654,0.953851084285867,0.9562012605490867,0.9484487310574267,0.9536679536679538,0.9549880202054114,0.9523707784577351,0.9530269965052572,0.9509057335144292,0.9524928655363438
498,0.9517487639626442,0.9500778245742537,0.9518708417261795,0.9512757126289446,0.9420741012024659,0.9499938961118232,0.9511154855643045,0.9413874137825795,0.9378318989196118,0.9506576939510467,0.9316746017212965,0.9332845022279191,0.9446224745162668,0.9513825306720382,0.9485442226698407,0.9464383812488556,0.9355276811328816,0.9332234633461515,0.9353293047671367,0.9231825672953671,0.915041506439602,0.9439052676554965,0.9428828663858879,0.9433177684184826,0.9571430751388634,0.9498260391869621,0.9571049258377586,0.9509171091985594,0.9487654886162485,0.9492080205090642,0.9551516816211927,0.9530458402002077,0.9444546175914058,0.9486663004333762
499,0.966475928892958,0.9675593194476234,0.9664606698710613,0.9664606698710613,0.9577019913023574,0.9645838101777676,0.9616464484626536,0.9505607690547035,0.9435111009384298,0.9654612039368277,0.9416037232013428,0.9491569390402075,0.9661097123674371,0.9673456931410697,0.9648737315938049,0.9640650034332799,0.9542534523537042,0.9491111619745174,0.9543450064850842,0.9532310978866254,0.9475165941863127,0.959487296864271,0.9567559319447624,0.9637293049515526,0.9641412985427634,0.9661020828564889,0.9564049744411384,0.9584420538643472,0.9588464179446097,0.9611505302510109,0.9588464179446098,0.9595407034409095,0.9614862287327381,0.960143434805829
500,0.9425650415808345,0.9426260776684214,0.9427939269092851,0.9427176317998017,0.9432059205004959,0.9406881818875411,0.939223315785458,0.9358968490119784,0.9351033798733501,0.9409628442816815,0.9369497215228504,0.9309224078736553,0.9417105363546197,0.9421225299458305,0.9423819333180742,0.9432669565880827,0.9365529869535363,0.9363088426031891,0.936522468909743,0.9357137407492181,0.9260013733119707,0.9440527962157625,0.93842984664683,0.9372320134279392,0.9422140840772106,0.940711070420386,0.938979171435111,0.9380788891432059,0.934332799267567,0.93759822995346,0.9409323262378881,0.9386587319752803,0.9370565346761273,0.9335469596398871
501,0.9299044741500336,0.9217481535738266,0.9299578831715803,0.9295306109992066,0.9268296404809865,0.9311481413660501,0.9323231398400781,0.9215955563694074,0.9157205639992677,0.9252731489959104,0.9165751083440151,0.9052981749374353,0.9184902032594764,0.9244567539522677,0.9260208752975646,0.9264328877494965,0.9210767258743818,0.9101507660379662,0.9217939327351523,0.929042299945065,0.9198406885185864,0.9267533418787769,0.9293780137947872,0.9284395409876091,0.9413568943416957,0.9332234633461516,0.9325825550875908,0.9347494353903436,0.9249603247268511,0.9328953793566501,0.9314914850759933,0.937984496124031,0.9292254165903682,0.9368705365317708
502,0.9611106024537631,0.9636742354880058,0.96092748580846,0.9615455044863579,0.9611945309161937,0.9591802478178599,0.9622321919062443,0.9577000549349935,0.9509552584996643,0.9645287798327533,0.9556552523957762,0.9552890191051701,0.9560520051272661,0.9653146554355124,0.9625679057559666,0.9613318684001708,0.9531221388024173,0.9524964902642984,0.9528779832753463,0.952176036135018,0.9349783311969726,0.9577916132576452,0.957425379967039,0.9596532991515596,0.9605765122382959,0.955876518342184,0.9599890130012819,0.9576008667521212,0.9584554110968687,0.9605231032167492,0.9585469694195202,0.957234633461515,0.9611792711957517,0.9625221265946409
503,0.9539985035197825,0.9594423320659061,0.954013773726083,0.9538763418693786,0.9476842732145311,0.9537694504252753,0.9498068318902988,0.9512269610762442,0.9409653824423169,0.955678226212836,0.9459129292836747,0.9474857605326247,0.9548383648663094,0.9575793668972469,0.9562813993617053,0.9566478843129171,0.9456838761891674,0.9425229434849665,0.9458213080458717,0.9502343976667125,0.9408737612045139,0.9495854138989417,0.947271977644418,0.9436834791638035,0.956266129155405,0.9522653351046773,0.9555484294592821,0.9562203185365036,0.9479285965153391,0.9469513033121079,0.9453097561348054,0.9479133263090385,0.9524180371676823,0.95736558400904
504,0.9332031071161506,0.9449234666625971,0.9325239977413892,0.9330810200375419,0.9268393181436659,0.9427564210172906,0.9365986539899583,0.9388954171562868,0.9349733697559784,0.9477619912402522,0.9454423367466845,0.9391014391014391,0.9498527324614281,0.945213423474293,0.9504784287392983,0.9518366474888214,0.9463274680665985,0.9475330779678605,0.9462511636424681,0.9442367268454224,0.9448319013536405,0.9526149526149525,0.9454423367466847,0.9507836464358204,0.9510888641323423,0.9469302730172294,0.942970073404856,0.9429777038472691,0.9450074015291406,0.9451218581653364,0.9442138355181834,0.9390327651197216,0.9470599905382514,0.9416500068673982
505,0.9268722534179688,0.938446044921875,0.9275665283203125,0.9271163940429688,0.9217071533203125,0.9228591918945312,0.92718505859375,0.921478271484375,0.925445556640625,0.9394149780273438,0.91900634765625,0.9268951416015625,0.9395980834960938,0.937835693359375,0.940887451171875,0.9416656494140625,0.9275665283203125,0.9210968017578125,0.927764892578125,0.927520751953125,0.91290283203125,0.9272308349609375,0.9335174560546875,0.9344940185546875,0.940673828125,0.9417266845703125,0.9320220947265625,0.939483642578125,0.9335403442382812,0.9345932006835938,0.934173583984375,0.9307098388671875,0.929290771484375,0.9406585693359375
506,0.9489593505859375,0.94708251953125,0.949310302734375,0.9490737915039062,0.9391021728515625,0.9494171142578125,0.9512786865234375,0.941864013671875,0.9315185546875,0.948822021484375,0.93609619140625,0.933135986328125,0.95391845703125,0.9486083984375,0.94866943359375,0.948516845703125,0.943450927734375,0.9484710693359375,0.9428253173828125,0.9286422729492188,0.9143447875976562,0.9571914672851562,0.95220947265625,0.9475555419921875,0.9580764770507812,0.9576339721679688,0.9506072998046875,0.9514694213867188,0.9536895751953125,0.9530181884765625,0.9542465209960938,0.9465103149414062,0.953857421875,0.9495620727539062
507,0.934520539583715,0.9284700604284929,0.9352224867240433,0.9345434291643777,0.926707562717451,0.9326664835500214,0.9351843374229385,0.9152169932246841,0.9210767258743818,0.9321400231947752,0.9206189342611243,0.9219770493804553,0.9322468412378686,0.9307056094732346,0.9347036562290179,0.936244887993652,0.9256088628456327,0.9190014038942805,0.9254410059207716,0.9191234816578161,0.9300036623329061,0.9410211804919735,0.9332539827870353,0.935657388756638,0.9382896905328695,0.9416010498687665,0.9360846609290118,0.939922480620155,0.9362906671549777,0.9335973264969787,0.9272187633522554,0.9315448940975402,0.9394799487273394,0.9411585179759507
508,0.9485321044921875,0.9431076049804688,0.9454193115234375,0.9477691650390625,0.93890380859375,0.9460830688476562,0.9505386352539062,0.936431884765625,0.92547607421875,0.9447097778320312,0.9397735595703125,0.9296722412109375,0.9455947875976562,0.9421844482421875,0.9480743408203125,0.949676513671875,0.9326019287109375,0.9332275390625,0.9320068359375,0.931671142578125,0.921722412109375,0.935577392578125,0.9370880126953125,0.9376678466796875,0.9324951171875,0.9274826049804688,0.9470062255859375,0.9493331909179688,0.9407119750976562,0.9371719360351562,0.9312820434570312,0.94415283203125,0.935882568359375,0.9420166015625
509,0.9407203907203907,0.9433226495726497,0.9416437728937729,0.9400641025641026,0.9431929181929182,0.9443757631257631,0.942567155067155,0.9379273504273504,0.920528083028083,0.9454517704517704,0.9288919413919414,0.9398046398046398,0.945260989010989,0.9447191697191697,0.9479242979242979,0.949587912087912,0.9381715506715507,0.9345848595848596,0.9383241758241758,0.9333485958485959,0.9312881562881563,0.9445360195360195,0.945497557997558,0.9515491452991452,0.949206349206349,0.9561507936507936,0.9543498168498169,0.958409645909646,0.9482753357753358,0.9557997557997558,0.9454288766788767,0.9553113553113552,0.9508241758241757,0.9554410866910867
510,0.9546788070410117,0.955294439546408,0.9546864074423129,0.9548308150670356,0.937691910132855,0.9556896604140699,0.9585626121059192,0.9530447207612562,0.9518590581582708,0.9588818289605692,0.9461283555771745,0.951068616422947,0.9568601222144529,0.9570501322469827,0.9586234153163288,0.9573921503055361,0.9504301827136473,0.9444410664883106,0.9505365883318639,0.9532575319976895,0.9479220502842549,0.9516462469218375,0.954123977746025,0.9592770498282309,0.9514030340801994,0.9554464475724318,0.9537439576809655,0.957832973581005,0.955773264828383,0.9521478734077159,0.9491685160976502,0.9540783753382179,0.9503237770954307,0.9568601222144529
511,0.9524165611122133,0.9489218184870359,0.9524547133242784,0.9527446701359744,0.9431379431379432,0.9552398248050421,0.9533703664138448,0.9357364139972835,0.9257405344361865,0.9536679536679538,0.9347902391380652,0.9319364536755842,0.9623437666915928,0.9516077342164299,0.9548583026843896,0.9552245639202162,0.9402078532513314,0.9294184076792772,0.9403452012147664,0.9453202496680757,0.9449387275474233,0.9480672089367741,0.9556213469256948,0.9522639522639523,0.9521571260701696,0.9545759763151068,0.9539502800372366,0.9540265844613671,0.9474186213316648,0.9555297816167382,0.9477925130099042,0.9597417858287424,0.9515466906771255,0.9548506722419766
